campaign_id,brand,industry,target,city,budget,duration_days,selected_panels,performance_score,estimated_reach,conversion_proxy
ea7b5c2d-e4af-4d1d-bf66-94f30c9679d6,Bellea,banque,étudiants,Marseille,204831,9,128,67.15,3462502,77.18
1f4b67f9-a8b8-459f-ac00-645c1863d464,Luxeor,beauté,touristes,Marseille,427731,21,263,96.4,1561368,123.1
914be8a0-81f2-4296-8ae7-2e264135aeef,Maison Nova,automobile,étudiants,Paris,393170,29,535,56.65,427615,61.29
637beb27-a486-4b8a-9504-e494208ba070,AutoMotion,beauté,grand public,Nantes,438111,18,565,59.49,2642266,35.37
e211150e-ba09-4189-ad32-c063e302c083,Maison Nova,retail,CSP+,Toulouse,261243,28,592,45.92,3322091,57.83
938177f8-c0d5-446c-823f-eabc10c414c3,AutoMotion,banque,touristes,Lyon,299591,17,396,47.8,234587,40.02
424cf32e-28b9-4104-8f76-2bf707b7ba55,Carrefour Bio,automobile,touristes,Lyon,366091,14,130,93.87,2632179,137.98
f53ba812-4e4a-4baa-912e-913775f62ac3,Bellea,banque,étudiants,Bordeaux,224282,43,353,58.6,2057140,52.63
3202d718-d574-4a93-9060-a3db64a3d322,Fresh&Go,automobile,CSP+,Bordeaux,87855,11,536,90.45,1527394,73.03
d2d1e368-4ba8-415b-b45f-bd79609449bc,Luxeor,banque,grand public,Nantes,318447,26,85,91.03,712723,71.14
04fba4f0-d8e1-437c-89c8-ac7899203730,Carrefour Bio,retail,grand public,Toulouse,396052,45,303,80.77,2205283,121.32
b9f95da2-25f5-46da-8d45-89175f1df7d5,Luxeor,food,familles,Toulouse,307325,44,584,57.62,1716327,67.31
c049fafe-289e-47da-ab90-3b32424c92a7,Bellea,luxe,touristes,Nantes,278671,42,82,77.52,2027023,47.52
421c60cf-a9bc-4685-82ad-b56ca2ba3d7a,Maison Nova,santé,étudiants,Nantes,465574,14,527,63.32,866134,81.67
dbbb0621-cd62-46d6-8fb5-8fb0a3ddddce,AutoMotion,sport,touristes,Bordeaux,349684,30,26,55.02,2924052,78.44
faaa7f81-bb24-4a26-a073-ad3581b5a1d7,Luxeor,food,familles,Bordeaux,484394,19,450,66.02,2658542,40.52
06ff0fdb-6133-4d64-b960-bf7d788a1e3a,UrbanFit,luxe,jeunes actifs,Bordeaux,173684,37,86,54.72,2055981,75.36
c84d7568-7470-4497-b8a2-1b36ab86bf98,TechNova,santé,étudiants,Lyon,111735,14,96,80.97,3115075,97.16
9d831c0e-e5b2-4c55-bb42-cce08a95852e,Luxeor,luxe,touristes,Bordeaux,179026,6,375,60.98,652136,70.69
e85dcf26-7df7-4df5-b4bb-37e096f37f69,Fresh&Go,banque,familles,Nantes,336462,33,589,66.96,734665,36.86
fcf3f144-a2f1-4970-ac39-72b059433cbe,Luxeor,automobile,étudiants,Lille,498418,23,35,75.83,2553737,101.97
e4a9dfae-7db3-408e-93c3-3169efb97b61,Bellea,luxe,jeunes actifs,Toulouse,281501,9,151,88.73,124839,64.62
704ca8ba-afbf-4d6c-86e4-6664d6b7363a,Bellea,automobile,grand public,Bordeaux,286719,17,431,89.15,2296995,118.17
95319fe9-8299-4dc7-beec-deb5fdf9f161,AutoMotion,tech,grand public,Paris,149503,42,373,61.21,1781391,70.38
3f2ecc40-4fa0-4bfe-b389-de7c97bf3f72,TechNova,beauté,étudiants,Lyon,187952,15,256,91.45,2606805,127.64
ef8a4327-e8a7-4c36-9d47-1b7efc03482f,Fresh&Go,retail,CSP+,Lille,319266,5,72,94.94,2050649,145.1
998f010c-1072-4bfe-ba0b-b8e0f8c8c36e,AutoMotion,beauté,familles,Nantes,120817,30,448,53.16,947357,78.6
fb69e1dd-9353-4e2b-888e-40a056a7a9fa,Bellea,beauté,étudiants,Paris,200302,14,567,89.52,2341414,74.01
185fc3d2-07d1-434c-988c-796c9b74103f,Maison Nova,banque,touristes,Toulouse,48599,15,267,71.67,2662157,75.37
c36188c6-2b5c-41a0-bf7c-e5fbb7e43c8f,Bellea,automobile,touristes,Toulouse,146741,30,464,71.07,2360422,59.62
d954ea86-4d64-42d8-93d9-0a1b1ca83e75,AutoMotion,beauté,grand public,Toulouse,442608,28,339,67.78,1023239,36.66
7c9cba59-50cd-449b-9383-69160003b8a3,AutoMotion,tech,grand public,Bordeaux,391526,12,545,91.24,1007912,153.33
639c77db-a929-41ac-9d89-8e0a8a503d3d,Carrefour Bio,beauté,étudiants,Nantes,193158,24,485,55.61,1837612,40.54
82b947b8-2f51-4d89-ac2a-d894b6769ddf,Fresh&Go,retail,grand public,Bordeaux,454851,11,308,60.22,2784523,44.05
defb366f-2ab9-4c72-8149-b58591fc6590,Maison Nova,sport,jeunes actifs,Lyon,418831,10,355,87.32,1464329,71.86
940efcb9-45a9-4526-a676-c4b4a08f2874,Carrefour Bio,food,grand public,Lyon,407037,30,183,69.34,1471293,84.75
ef78ebd9-1fe1-404f-a774-3ac538576026,AutoMotion,beauté,étudiants,Nantes,156159,16,234,90.76,2709398,123.31
4c41ea3b-00d5-4acc-9dd0-67ee6ee70237,AutoMotion,sport,grand public,Paris,284969,4,108,73.47,3372928,120.22
07b046c2-4db9-472a-91d8-fe69df556a35,Bellea,beauté,touristes,Marseille,469924,18,32,88.68,3107939,64.02
168aaac1-f82e-43f8-957d-1223a0eadb55,Maison Nova,santé,touristes,Paris,473766,40,394,96.18,329318,150.79
3d376d6d-7785-439d-a9d2-9d4138def7e6,UrbanFit,tech,grand public,Bordeaux,117801,36,200,80.13,1782769,128.82
6a78c4de-c34d-4126-8cc7-c4afb2e3cd5a,Bellea,santé,étudiants,Nantes,250810,29,63,73.94,2989811,46.05
03cf4093-6df2-4ee0-a8ce-a8234f0f5646,UrbanFit,food,grand public,Marseille,462068,25,551,80.35,69221,54.14
9a6964cd-5503-4d66-89a2-b766ac40c064,Carrefour Bio,luxe,étudiants,Bordeaux,384380,9,427,91.38,391277,133.92
f02644c0-0bd0-4f0c-9c7d-6d4d93965063,Carrefour Bio,luxe,étudiants,Paris,115199,25,465,87.34,874664,89.46
f98fdb72-a942-4620-b37a-86e450b9acf5,TechNova,beauté,grand public,Marseille,281418,39,556,92.43,2481926,144.03
ef05540a-61cf-4cb0-9484-387899407348,Carrefour Bio,sport,grand public,Lille,177481,25,56,50.75,1505301,79.38
7b8bf4c3-c8a1-4733-8897-8094286ca1fc,UrbanFit,tech,étudiants,Nantes,9280,30,254,80.56,538138,99.54
e205670e-6e71-40bd-8f86-1133cb157882,Bellea,tech,jeunes actifs,Nantes,250752,29,276,45.14,1988496,43.17
64b1566e-6d57-4391-8afc-ee1e652cd98b,Fresh&Go,tech,familles,Lille,445563,6,325,78.64,768550,128.49
f433dc7a-9564-4918-b072-8dd460110b02,Bellea,santé,CSP+,Nantes,83420,32,533,47.36,2049521,68.19
91c5671b-9bd4-4321-ba50-9561bff9ad59,Fresh&Go,santé,jeunes actifs,Paris,306569,39,212,49.65,2766659,39.12
0a1f31be-4861-4ca3-a0a1-344ae7b1c5fe,Maison Nova,luxe,jeunes actifs,Nantes,67510,34,183,67.56,2873333,47.5
bfa1652c-3ef2-4ad5-b40e-09858e35e27f,AutoMotion,santé,familles,Lyon,334077,39,163,73.98,2242166,57.56
e17c2a4f-edbb-4bb7-8e39-1faf529a7769,Bellea,automobile,touristes,Marseille,199351,27,563,82.33,3150020,121.6
ed3a5e88-b94e-4955-abe6-9415d824193b,Maison Nova,automobile,familles,Lille,226192,8,151,58.48,816821,96.2
4919a129-678d-42c6-9560-d03551608c78,TechNova,beauté,familles,Nantes,260002,32,304,59.11,2103046,41.84
75d96a4b-6653-4d81-b0cf-f72867a419b2,Carrefour Bio,sport,CSP+,Toulouse,215059,39,116,69.75,2058650,49.68
6a8370d9-09c4-413f-8f7c-ad7aa76ffe90,Maison Nova,automobile,CSP+,Lille,283112,31,377,51.53,355171,42.42
240ba322-4987-4793-969d-26b4f7879fb5,TechNova,food,grand public,Lyon,499681,13,501,53.0,3445844,62.0
c3de682a-25f4-433f-bd98-175eaaa09add,Maison Nova,sport,grand public,Paris,276080,39,591,84.6,3486962,80.73
613b299e-02fc-4e01-a3f2-47aa120a6aea,AutoMotion,automobile,grand public,Nantes,347866,36,590,76.02,2518847,104.52
26048ace-0af9-4215-9483-830aa1cd3fa5,Carrefour Bio,automobile,touristes,Toulouse,133652,25,210,57.58,296122,47.12
5113af89-9ee2-4e17-a326-8f84c2c6a553,Fresh&Go,banque,grand public,Lille,443039,7,209,90.35,2476800,112.09
ccc242e1-331f-46b5-9682-49e2362c4541,Bellea,retail,touristes,Nantes,237600,16,260,92.75,109499,74.81
b9a36997-7f63-4cc5-b04b-89652ea15b83,UrbanFit,automobile,familles,Nantes,133197,17,52,80.86,134084,129.24
9bc0959b-e159-490f-9a8f-d813fbc269b4,Fresh&Go,santé,étudiants,Lille,432851,10,379,65.62,1268811,35.69
db9336e7-1f03-4a4b-a540-c72da02619ef,TechNova,food,étudiants,Paris,88762,32,141,63.88,3231251,103.98
76a4db12-18d9-4672-9645-4cf84623e06d,Luxeor,santé,CSP+,Paris,381921,45,238,60.09,3322708,51.14
108a715b-dad7-4b5f-be4f-1d60c537f0cd,Bellea,santé,étudiants,Paris,20998,32,242,82.64,2265513,107.92
a1d6e726-4698-48d3-933a-234e3777ac35,UrbanFit,tech,jeunes actifs,Lille,147057,5,145,57.05,964453,40.62
660e9b68-4420-480d-8cd3-b7e5cb7bb2c2,Carrefour Bio,retail,grand public,Toulouse,117777,3,175,96.66,1512656,139.31
9e6ae493-8a99-4944-a363-d84c69ab26e9,Carrefour Bio,tech,familles,Lyon,483208,26,184,54.41,1084108,87.46
7826802a-b4aa-475b-9969-6972206fc254,Maison Nova,luxe,jeunes actifs,Paris,424101,39,299,60.37,2580864,83.23
18c7c3e0-66f7-4ca2-b513-4f35102b8a26,UrbanFit,tech,familles,Marseille,444510,24,172,92.02,674259,110.18
7204fc3d-8954-4412-b294-229f5da9e20d,AutoMotion,tech,étudiants,Toulouse,456379,9,362,53.9,2941891,79.21
005478a5-4118-4c04-95d1-327fdd1d0697,Luxeor,luxe,grand public,Paris,239827,13,346,95.47,3034945,75.01
e60197e2-e74f-4383-a563-12d601ac46f8,Luxeor,santé,étudiants,Paris,195132,10,404,88.75,1701377,112.23
4efebe48-ac3b-492c-ae2e-fe15e7ca4a29,Fresh&Go,luxe,touristes,Nantes,113058,40,298,59.67,1593398,70.45
81e0f107-edfa-42c2-a7a9-5d6398b240a7,TechNova,beauté,touristes,Toulouse,482347,31,90,49.4,3269305,83.24
271f6f6b-a4c1-45bc-a9e2-7d974a4b6d9f,Luxeor,retail,CSP+,Marseille,434371,23,322,57.48,806684,42.09
cd0fdfa1-3b97-4f26-804d-b0a7e407be54,Carrefour Bio,food,jeunes actifs,Lille,187143,31,447,92.69,2835874,152.89
a5de5564-c8aa-4e40-bd91-1fee6bde5804,AutoMotion,luxe,étudiants,Toulouse,92870,42,134,46.43,139513,57.99
a42964e6-c64e-469c-8a55-f3f36bbce7ba,Bellea,beauté,grand public,Lille,203554,15,194,62.57,744631,38.03
8010b177-1527-4fde-b99d-5298fa628dfe,TechNova,banque,étudiants,Nantes,428336,45,460,78.87,189015,89.63
b6f12890-da7a-4eb0-907a-8de48d1fc0fe,Fresh&Go,luxe,CSP+,Nantes,199393,4,281,90.78,711238,64.69
ff92ec0e-a12e-46fa-9a63-95d166b99b8c,AutoMotion,tech,touristes,Nantes,172018,37,218,81.19,661653,40.88
7cd0b1d3-52af-4cde-8dcd-83328d602525,Luxeor,food,familles,Toulouse,209316,27,40,92.24,2869271,151.49
872bc816-54db-46ad-a663-dfeb556dd2c3,AutoMotion,tech,grand public,Marseille,461419,35,435,92.94,1503193,139.85
5a6f4073-4559-4c16-a3ee-193844b3bd7c,AutoMotion,food,familles,Bordeaux,310889,29,67,86.54,3047480,63.02
a7915895-ebbf-42e8-bb39-75192118c16c,Luxeor,beauté,grand public,Toulouse,56812,4,264,76.03,3154800,114.74
76bbdee4-110c-48b7-ad4a-03d67aaa7885,Maison Nova,beauté,grand public,Paris,12329,7,359,84.19,947251,42.31
bb35afb6-6bf7-4b41-a84b-028f8c052ad8,Fresh&Go,beauté,étudiants,Toulouse,388924,32,178,54.2,3211100,64.63
5e73ea81-8df2-4a87-a46d-06403b71bab4,Luxeor,food,grand public,Paris,69689,4,481,50.69,2306991,81.54
2004deb8-80a9-4235-83e1-b5f9119641a3,Bellea,santé,CSP+,Paris,21636,18,579,48.48,1221392,69.98
f0a299ab-b40a-43e7-8199-02029da1066d,Bellea,retail,familles,Lille,21538,41,513,56.13,1552286,50.58
8fc8c0e2-e07a-44db-8865-d7da2a7dabbc,Fresh&Go,retail,grand public,Bordeaux,144561,17,160,49.06,292290,29.23
3af19c39-4be8-4ca3-ac43-3b104c92dde7,AutoMotion,sport,étudiants,Paris,105759,32,70,65.6,1765253,72.34
045592f2-9eba-437e-a302-90d230198726,TechNova,banque,CSP+,Paris,352781,4,528,52.14,877811,66.83
89c22860-d372-4464-a00b-d97b31832812,UrbanFit,tech,touristes,Bordeaux,269932,6,150,79.73,1506282,80.05
7c496e3b-c90f-424b-a6f2-dd4cba840901,Bellea,automobile,grand public,Toulouse,316671,31,142,97.99,2999089,81.99
2a9aba1b-3fa4-4b40-b45a-8abfaec34353,Bellea,sport,jeunes actifs,Bordeaux,115579,37,514,79.35,1046209,49.82
c215bba7-90b7-4f2f-ac3d-7d2565d0f762,Carrefour Bio,banque,étudiants,Toulouse,350852,23,291,87.93,2142683,102.61
226a66d2-9af2-4582-838b-a5f3dbc249d2,UrbanFit,banque,jeunes actifs,Lyon,451543,29,502,50.73,803197,53.63
bc701367-9769-4417-8972-66bf11780716,TechNova,retail,jeunes actifs,Lyon,282954,6,152,76.47,3159918,64.73
2acf97cb-7aa9-4bbb-a962-11cb5ad58702,Maison Nova,santé,touristes,Paris,17530,26,473,89.78,633606,102.24
278d2083-a117-43eb-8350-ef3139cdd8ad,Maison Nova,food,CSP+,Bordeaux,466543,25,204,55.55,2939177,51.6
ce95ecb0-ee9e-4e15-b99d-d31b0f0b2a0b,TechNova,automobile,grand public,Toulouse,353570,10,196,96.3,1285028,78.44
c6089261-3642-488f-b8f9-e206749a2f19,Bellea,retail,étudiants,Toulouse,154300,6,194,77.18,2011090,88.98
62e40408-3fc0-4d23-b932-b99c4fc14dcf,Luxeor,tech,étudiants,Lille,114256,40,530,82.27,1338907,135.49
0f988c2a-70ac-44e4-a230-2327f3510757,UrbanFit,food,touristes,Lyon,214321,16,379,93.25,1552995,99.09
6a15b5d8-9b53-4e6c-8612-7ccaedf29f1d,Carrefour Bio,luxe,jeunes actifs,Nantes,435545,16,323,71.01,1512221,113.03
da9a3c8f-d1e8-47e2-bba4-364e53a967ef,UrbanFit,luxe,CSP+,Nantes,256795,10,285,81.49,3459157,104.02
b51bfd86-5776-4731-992c-801c65dccce6,Fresh&Go,luxe,CSP+,Paris,436509,23,493,47.28,1219456,56.34
851124e4-c3fe-43d6-b3ec-333b15df2904,AutoMotion,banque,familles,Toulouse,376914,32,144,47.84,1338092,67.25
10073b00-22df-4307-b38b-4bd1006acaf8,Bellea,sport,CSP+,Nantes,85978,38,381,61.91,1272919,31.37
7e293e97-ff51-4bca-9f96-e270d6323dba,Fresh&Go,retail,CSP+,Lyon,299016,31,208,95.27,1641898,54.99
c9364496-485a-424a-8168-3bc09314988c,AutoMotion,luxe,grand public,Lyon,232302,7,237,97.65,2044396,147.85
88652d69-c815-4000-b7ff-f25d5b4c8af7,Maison Nova,banque,grand public,Nantes,130161,24,332,56.79,406388,54.63
31d1b387-8e13-4192-9ae5-fca8935fe4da,AutoMotion,automobile,familles,Marseille,78764,40,445,72.77,3347204,58.4
5d5d4393-45bc-419e-a4ff-2730d310b932,TechNova,retail,familles,Toulouse,422012,33,381,65.07,900596,89.25
9cbad9e7-d1ed-48a8-b5b6-054d719509b5,TechNova,retail,grand public,Lyon,303293,37,503,80.38,2884985,91.91
ca8ee862-a530-4d6f-b935-ea024d030bae,AutoMotion,retail,familles,Lyon,117726,17,148,49.55,1210069,41.92
0995c12f-0f54-44e0-b278-4367b7bccbad,AutoMotion,banque,CSP+,Lyon,331588,3,27,74.72,1625720,47.22
098e1315-4c59-4217-b4fb-690fa73ba2b2,UrbanFit,tech,jeunes actifs,Toulouse,255859,14,397,62.35,2482617,57.89
c04376f4-759b-423e-991a-f1f40b6ee041,TechNova,beauté,jeunes actifs,Bordeaux,447217,18,432,92.28,528172,135.99
0f012ee4-e799-42a6-98ae-11b37430feda,Bellea,retail,jeunes actifs,Lille,185692,20,38,74.84,620239,81.45
ae677c9d-39e4-483c-a45c-ec4a5fb1a015,Fresh&Go,sport,étudiants,Bordeaux,394521,13,389,62.09,1669005,90.21
489e2db6-5cf5-4e46-84b0-8ad623c43629,UrbanFit,tech,étudiants,Nantes,11708,30,468,62.91,534313,80.13
02a95794-46c9-44e0-9fff-fcee2d9d36ca,Fresh&Go,beauté,CSP+,Lyon,130495,43,293,61.57,213797,58.42
84294819-053f-4dd2-9817-3649008e40f1,Maison Nova,banque,étudiants,Marseille,332429,19,316,64.81,1924827,40.04
d704f1c7-8613-413e-b723-40d4f876d2b0,UrbanFit,santé,familles,Marseille,178543,16,179,48.62,2912856,52.35
f6b1ae55-4695-4eec-ac32-c0d5cc6f1636,Fresh&Go,beauté,familles,Lille,257126,33,124,54.1,2505670,48.38
068a3fad-923e-437b-b5c7-432f0e540c4b,Carrefour Bio,sport,étudiants,Lille,476089,41,388,51.17,2198637,72.91
aa1442f6-6049-451e-abbe-bacdad404cea,AutoMotion,luxe,touristes,Bordeaux,176840,4,467,83.16,1770088,123.33
217ffe3b-8f5b-4147-9fcc-56f7797b7bc9,TechNova,automobile,étudiants,Nantes,330642,33,385,87.83,1167220,70.7
f50700df-032c-4762-a9f2-8f2b966b645a,Maison Nova,banque,familles,Bordeaux,333053,43,523,54.87,2253135,65.43
1a35c6fb-7fda-4e6c-9235-42576ee9d060,Maison Nova,retail,étudiants,Marseille,115987,4,169,46.17,3234783,41.13
2c3653d6-9a1e-4035-9c54-fd3a728babed,Carrefour Bio,banque,étudiants,Bordeaux,90899,34,92,52.55,743211,29.99
87c4c893-0206-4b2f-805c-280d63e25560,Bellea,tech,CSP+,Lyon,163199,44,319,80.52,1070481,40.46
f550f7f0-b769-4f3e-a996-b33e3b1dfd81,Maison Nova,tech,touristes,Marseille,309877,15,499,80.54,3304846,110.83
b1cbb468-e7b9-45de-a2b5-84ee46d74248,Fresh&Go,food,étudiants,Lille,285563,23,50,51.0,433446,70.41
07f51196-3ebb-4d2b-9330-b0d69aeafb5d,AutoMotion,banque,CSP+,Toulouse,391948,31,319,49.63,566359,66.39
25daeb62-b52d-4c8a-b9d5-ddec00772b28,AutoMotion,tech,jeunes actifs,Bordeaux,256308,18,146,70.01,704786,57.13
3ad753ee-1e05-4e7d-a378-b8dea70c198a,Luxeor,automobile,touristes,Lille,6388,28,579,77.4,1920407,122.15
2b004fc1-df5c-4857-825d-98761111b48f,AutoMotion,sport,CSP+,Marseille,362361,25,552,81.58,3160536,64.48
01cfde4d-be3d-4f39-b200-d046a4ef93b8,TechNova,luxe,grand public,Toulouse,449994,27,278,55.21,3489173,87.66
840ebc57-d062-42c4-91c3-7702a9daba6b,Fresh&Go,sport,étudiants,Lyon,38948,44,500,57.17,2318881,61.61
6749c726-fc52-4367-a9e0-3e7dccc11bcd,Maison Nova,sport,jeunes actifs,Marseille,307909,3,175,89.86,2567740,127.03
062ef6b0-30c6-4e83-9926-d553fc609867,UrbanFit,automobile,jeunes actifs,Lyon,274268,9,129,84.92,3498605,106.1
fb0458a4-f802-443e-b525-b2ef3f4bd6ec,Fresh&Go,beauté,étudiants,Toulouse,444205,32,191,57.21,3200790,36.09
8288b0a7-2dd1-4a34-b0fc-0f7e8ad010e1,Carrefour Bio,automobile,CSP+,Lille,122249,21,195,66.98,908630,92.86
e5c3e6a2-19d9-4bda-95a7-70e707e1381f,TechNova,food,touristes,Lille,134433,15,35,76.91,1419480,69.51
17c2cfc5-bcf9-4459-b5ee-2bcc243dfd20,Luxeor,tech,CSP+,Lyon,370117,16,151,83.41,598884,90.21
63a5f42e-4905-468b-92d9-cb02ec9354b1,AutoMotion,sport,grand public,Lille,207208,5,101,47.54,2763897,37.95
8d3c93e2-9325-40d5-a3b7-e333d1ad4d9f,Carrefour Bio,beauté,familles,Paris,231467,32,18,69.52,1565151,55.56
1ffcfe11-a5b0-4da6-897d-872ae5290e87,Bellea,tech,grand public,Lyon,171928,8,150,82.3,2688473,73.29
8c5492d5-350e-441e-bf8f-6d46ca061d4a,Luxeor,santé,grand public,Marseille,31765,12,451,87.66,2887100,45.68
788f2e44-2ac4-49f1-a747-ca3db96ebed5,Carrefour Bio,retail,CSP+,Lille,461005,24,121,75.64,3453786,102.41
75c3e23c-3a8c-4c70-aa10-23bf8edad674,Bellea,retail,familles,Marseille,157839,32,15,70.52,2512700,37.18
bcb31758-9cc6-4c51-a50a-e8006d6f79a2,Maison Nova,food,familles,Lille,346760,12,406,93.61,2805906,110.57
5a53ed26-2b62-42cb-b5d9-46de7d13132e,AutoMotion,sport,familles,Bordeaux,57125,32,448,76.16,991921,84.09
34c32ff1-5e77-4cc5-8fd8-6c016fcedc90,TechNova,automobile,familles,Lille,22779,9,585,51.91,2765745,48.9
29664c19-5d48-4f26-83e6-fc3894c2ae67,Luxeor,sport,CSP+,Lille,104618,3,56,48.41,3147798,29.7
ee2c30a0-0e22-472f-8634-320012d83946,AutoMotion,tech,CSP+,Lyon,31722,34,513,87.8,960366,44.76
10ee6c21-a15c-4d03-bd8a-5997b73d4d44,Luxeor,santé,étudiants,Lyon,470134,10,123,69.87,2611616,88.58
b7ea0aaf-9df5-4e62-bc94-c871f49a46d7,TechNova,santé,touristes,Bordeaux,228600,43,27,71.09,2344109,100.34
1b089492-4fc7-4328-b4bd-18ec8d38c0e6,TechNova,tech,grand public,Paris,10502,9,464,83.46,1381284,88.38
21234005-10bb-4b9c-bb3b-1f1851d4741d,TechNova,luxe,étudiants,Lille,23707,30,202,50.13,1473626,74.2
4fe167f2-3665-4f9c-a74d-5eb4b28abd20,Carrefour Bio,banque,touristes,Paris,479710,24,472,55.36,2171299,49.31
ea15e601-6044-4541-9e4a-0b4b11744286,Fresh&Go,luxe,touristes,Paris,163334,11,352,67.46,816308,92.19
02cdf44a-da8f-4baa-a30b-e399783a50c6,UrbanFit,banque,touristes,Paris,300086,25,225,95.32,85749,53.64
9035db2b-0c2f-45d4-a7ac-e5ebeb9875b5,UrbanFit,banque,grand public,Paris,177683,10,59,79.58,1624330,86.66
fe728a48-9ee3-4474-be6c-b5c698e37820,Luxeor,retail,touristes,Toulouse,127847,35,590,65.89,2041662,97.22
f355e89f-e3f7-42eb-9619-b2230c79de6c,Bellea,santé,familles,Lyon,65925,25,203,75.09,1729715,127.27
7edc254e-8b19-4a42-b39a-edf0ac962cba,UrbanFit,beauté,CSP+,Nantes,324782,9,460,74.37,1150083,117.8
84cabf0f-8894-433c-8215-23999f46fee2,Luxeor,tech,étudiants,Lyon,50945,33,98,62.37,2259794,51.74
d179c8e6-284f-4355-9c24-69dd14ed7718,Bellea,retail,grand public,Lille,148183,15,486,50.86,1333999,54.23
3f7a05aa-392b-4169-872e-da99844c519d,Carrefour Bio,retail,grand public,Marseille,150752,39,17,96.8,2149403,75.98
86ffe44a-71a6-47a0-b614-f8345e502da7,TechNova,banque,jeunes actifs,Lyon,131330,12,159,92.85,232447,87.0
29e631bb-04b6-4140-95bc-ee4e8237cdc0,Maison Nova,retail,étudiants,Lille,278207,11,469,89.25,1754859,51.33
efcbdee7-2c4a-4fe3-be31-ee057b75f114,UrbanFit,retail,CSP+,Lille,355978,32,573,61.29,511326,79.22
24911f47-5082-4a16-80ee-94b751b0aeae,Luxeor,santé,étudiants,Lille,79905,29,448,55.76,2913274,49.17
c6cbb118-3653-457b-9b7c-fabb05b1c5ec,UrbanFit,sport,étudiants,Toulouse,206992,28,197,96.15,2723976,143.73
e35b4324-a661-45c2-8806-da615a4f7470,Carrefour Bio,food,étudiants,Bordeaux,176700,36,126,70.2,1792903,85.15
243316c8-e99d-488d-9e92-77e6241d0e29,Fresh&Go,tech,jeunes actifs,Marseille,153248,35,220,53.11,477606,54.44
37e882c4-2d0d-4a6b-baa9-ecbbbb2232f2,Luxeor,santé,CSP+,Nantes,180023,18,24,57.35,517353,29.34
d7d10235-2289-4690-8c61-dfc3b241b02e,Bellea,banque,grand public,Marseille,493213,44,378,74.13,1769222,81.34
7a114faf-4076-4316-8a58-a0fed8848164,Maison Nova,automobile,étudiants,Bordeaux,94615,14,47,93.89,55806,129.69
78290a12-c8e4-4ea0-83f5-0204581b1d55,UrbanFit,banque,familles,Paris,52696,4,553,81.05,2194027,67.18
2c7f938f-f09b-4cbc-8469-2352aeb0bdde,Bellea,food,étudiants,Bordeaux,301697,37,20,52.0,2840814,75.89
6d4fc6fb-dbae-4d3c-8b25-3a10ab31a0d4,Fresh&Go,sport,CSP+,Lille,227126,20,346,90.39,874230,106.48
37a2fdce-af37-4e57-8ef9-0a2cfb8e3e91,Bellea,luxe,grand public,Marseille,429688,30,136,48.18,302772,56.77
f6c482fe-4bf2-4b4c-a8db-7bd6eb3b35e0,Bellea,sport,familles,Toulouse,184492,33,506,74.47,2206178,89.88
b0fb90ae-99df-4aa5-a0d7-a18e2f4597c8,UrbanFit,tech,étudiants,Nantes,492334,11,433,79.19,1753465,81.3
9a9f612e-eb0e-46c1-8240-a75fbce7dcad,Bellea,food,touristes,Nantes,246795,13,333,46.24,1265404,57.74
eb000208-05b3-4758-b011-91a86e2a9561,Maison Nova,banque,touristes,Marseille,19046,15,410,77.84,1279242,112.58
56f0b1a5-0791-4172-9fd8-0691e40618be,Luxeor,automobile,CSP+,Toulouse,58073,30,546,90.59,1767595,113.54
2a6cda45-eb96-4eb4-b4a3-5a0cdd653f8f,Maison Nova,beauté,étudiants,Marseille,329664,12,598,82.1,752733,136.58
9dec3f15-a66d-4322-9824-441e20128b22,TechNova,banque,grand public,Nantes,462860,22,472,46.63,2275287,75.11
aeb6b480-5272-4acd-b9dd-efba281df25f,Luxeor,automobile,familles,Toulouse,438894,11,232,64.82,3489678,71.19
6579ba83-29fc-448f-a506-d959e2f29729,Bellea,luxe,touristes,Lyon,145680,12,143,54.14,733316,64.29
8f73b036-ba2f-488a-ba2c-d73e1a402f02,Fresh&Go,santé,jeunes actifs,Lille,240743,21,168,90.52,3065853,115.14
870b4990-0df8-43a3-8264-23beb5414d9d,UrbanFit,tech,jeunes actifs,Nantes,71975,9,195,89.69,1385704,71.39
f48ac2af-14ed-4c14-b324-12106fa18a80,AutoMotion,food,étudiants,Bordeaux,158210,45,326,97.86,2773662,163.76
b69624df-05ed-4ff6-894a-1f04a83bef3b,Fresh&Go,retail,CSP+,Bordeaux,221534,32,551,61.41,1245143,77.56
0bf129d5-ca61-4ea4-905e-8d80cfa78549,Luxeor,tech,grand public,Marseille,140250,43,128,82.98,3191542,121.93
4b0a011f-d0f5-4cc8-a456-844866023143,Maison Nova,retail,touristes,Bordeaux,356438,20,64,69.7,877763,74.97
2d0b6d73-0e21-45fe-bd42-d3dafd0f6512,Carrefour Bio,automobile,jeunes actifs,Lyon,164536,38,591,82.57,2017208,70.11
c9be772a-c945-42ec-8d2c-b3bf9bb6e7e1,AutoMotion,food,étudiants,Marseille,16968,36,420,45.38,807127,27.68
5db117e7-a298-43a0-b706-d904022cafac,AutoMotion,tech,jeunes actifs,Paris,9886,30,149,63.29,2917048,49.51
c4215f3f-b343-4330-afa5-9224cdcb3dd3,Luxeor,automobile,CSP+,Paris,492332,34,50,79.68,3448732,58.19
a0b81119-02a9-4d66-a0e2-1d5ee1291044,Carrefour Bio,santé,jeunes actifs,Lyon,220232,8,458,90.25,1290082,108.33
748cece3-ab4e-4a74-ad97-e52e9454db95,Fresh&Go,retail,étudiants,Toulouse,429433,23,209,92.42,234894,103.11
25381202-fe4d-400c-b2c8-be591e4a096c,Carrefour Bio,retail,jeunes actifs,Marseille,188224,13,69,57.84,1122066,92.55
97e3409d-a4bd-4a04-bf75-e0d6f714df4e,AutoMotion,santé,CSP+,Nantes,28071,19,510,88.27,3151788,133.73
8efd1020-f286-4621-8b15-db0e3ad8bf15,TechNova,banque,grand public,Lyon,133181,22,31,88.62,3428481,146.62
8fc0070b-cdc3-40f7-98ee-e43c8885637f,UrbanFit,sport,étudiants,Bordeaux,16516,14,177,72.32,1918329,96.95
65afca39-995d-47e7-9fe2-5bfbcdb471aa,Fresh&Go,banque,jeunes actifs,Bordeaux,307418,37,176,89.61,3079887,85.36
de3678d8-4338-4974-b804-f68d12b991d6,Carrefour Bio,automobile,jeunes actifs,Lille,169673,17,196,97.23,2656424,107.94
3ed9ab6c-029d-42e2-9f69-bc8b1c04a5e1,AutoMotion,sport,grand public,Bordeaux,166998,33,194,48.11,1888513,74.75
f1d182dd-14df-4956-9e01-e43490d5dc70,Carrefour Bio,banque,touristes,Paris,11382,40,265,72.1,3162223,40.58
36bce568-5b34-4a84-97cc-4a6902dc5f73,TechNova,santé,CSP+,Nantes,341421,23,120,73.68,2603925,92.9
c75e5ba2-95a4-4ebe-954f-6411e468155d,UrbanFit,banque,CSP+,Toulouse,284258,16,18,67.3,2191149,51.3
2fbef927-ec4c-4b24-b7da-3af437b39a2f,Luxeor,banque,étudiants,Nantes,370091,15,133,61.22,1439225,86.43
c380496c-42b7-4ea6-987c-b8a591e82732,AutoMotion,retail,CSP+,Lyon,330895,10,566,88.16,1364838,100.38
5413142c-e3e8-4d91-bae7-a41937bff868,AutoMotion,retail,touristes,Nantes,317791,31,279,59.78,1406870,99.79
a4bfb0c0-a648-4b0f-87b2-ed37eb40793f,TechNova,luxe,étudiants,Marseille,280140,43,419,97.72,1680918,139.24
4dcb4613-8dd5-40db-9ebf-abd388ed8636,Fresh&Go,retail,grand public,Toulouse,392757,26,554,92.86,2109091,94.16
603481b2-bdd6-4b61-ab3f-c418f3fa7df1,Luxeor,sport,grand public,Toulouse,136114,37,118,95.03,2881504,81.55
7324ec82-3dac-4059-b319-3581439ddb89,UrbanFit,luxe,touristes,Lille,67447,24,201,58.05,2345766,44.94
bd6c32c6-7d19-48c3-b0c9-d0dbe68665f8,Carrefour Bio,santé,touristes,Lyon,480150,39,55,54.82,195010,31.57
539e6fd5-0db1-4387-8295-abd89adc9578,TechNova,sport,jeunes actifs,Marseille,238409,9,522,77.05,1416944,89.71
817d7813-fa6c-4e97-a640-2d182a273f00,Maison Nova,luxe,CSP+,Lille,6379,14,514,97.2,73530,63.09
e2c5749b-3e0c-49d5-9daf-2a98e78867d4,UrbanFit,luxe,jeunes actifs,Nantes,78803,38,231,91.79,32754,145.07
980dbe4e-a62d-4f37-91de-d95458b94bdf,UrbanFit,luxe,grand public,Lille,449927,6,471,82.38,2709700,69.99
3d28e819-4cc6-4f38-8887-f322356e0313,Bellea,sport,touristes,Lille,182650,11,31,93.47,1300267,80.31
0c2abb10-47cd-4d13-a412-e5f442ab9e5b,Carrefour Bio,luxe,touristes,Bordeaux,191140,8,524,86.88,3044035,46.51
268e1964-6b2a-4317-a89d-eebe2929f717,Bellea,tech,touristes,Toulouse,194764,35,346,96.63,3211662,121.39
949b928d-e10b-40f7-8adb-88abf86e0766,Bellea,sport,touristes,Paris,339387,34,79,50.21,2777955,39.91
f8fb52a2-664b-454f-ab79-89de26b403b3,TechNova,retail,grand public,Nantes,305006,45,494,88.04,2784725,49.86
b0794761-7560-4af5-93c4-89386d2ef941,Bellea,luxe,CSP+,Marseille,5655,30,363,72.34,1039550,100.29
39b2ac21-1871-4e95-9a46-d179c2d204fd,Fresh&Go,automobile,familles,Paris,232543,32,300,80.29,673709,61.6
b18ffc68-616f-4bf7-87b1-d3158f025138,Fresh&Go,retail,étudiants,Toulouse,484044,3,560,50.08,121662,28.03
022321eb-6969-4b02-a414-482086fe7544,UrbanFit,santé,étudiants,Marseille,432739,29,310,94.75,3456753,65.36
09920d2c-a717-4913-9996-e2c0c155fb79,Fresh&Go,tech,familles,Lille,260435,38,76,83.65,1533226,71.33
4fb0f5f6-20ff-4431-848d-bbd7850cef7f,UrbanFit,santé,étudiants,Marseille,192613,12,105,51.16,1942330,56.59
3e2af769-bea4-4782-b701-495ef8cada94,AutoMotion,retail,CSP+,Paris,179262,16,123,59.46,655925,71.24
99dacbb9-d561-4339-b757-0efc65bb28d0,AutoMotion,automobile,CSP+,Paris,499675,43,57,58.09,1772476,85.12
a89f21d6-b080-4922-9186-ec6db0b1aa99,Luxeor,beauté,grand public,Lyon,396245,30,442,58.08,1796651,79.85
28e7127b-ec5a-47a0-a9f9-94a8e5748321,Fresh&Go,banque,étudiants,Bordeaux,20687,19,195,77.64,1043350,128.86
5b339e7f-2e17-4b66-8b37-f3f5b71712ef,AutoMotion,sport,touristes,Bordeaux,46905,7,40,77.92,3297670,116.79
76f7aa52-7a96-46c2-acb9-451edc313163,TechNova,santé,familles,Bordeaux,99241,6,99,93.77,366052,129.29
651dab10-4833-4763-a95b-adb1ed2986ad,TechNova,santé,jeunes actifs,Lyon,341843,3,28,81.35,1090097,45.09
e73a2164-85c4-47fc-b5d5-3a83bfe1d2c1,Bellea,luxe,CSP+,Marseille,118301,42,380,55.99,1531767,48.02
024122e5-1f4e-4e10-9122-3fa23fe8b9db,Bellea,banque,touristes,Paris,69032,20,103,59.29,2885818,80.97
ec2c829b-66c3-4761-8555-5e5fc6e385c2,AutoMotion,tech,étudiants,Marseille,190847,18,515,74.5,337263,44.76
41229803-0e85-4f5a-890e-27981606e7ad,Maison Nova,sport,jeunes actifs,Bordeaux,46675,40,265,72.44,309272,86.04
2399b072-16df-4702-99a3-22d7854c69f9,Fresh&Go,banque,touristes,Paris,422729,32,341,88.94,782853,123.19
dfcc3360-dfa1-46f4-9909-7b847f671e1d,Fresh&Go,tech,étudiants,Lyon,456331,25,454,96.84,2757434,85.52
5b0af7fd-169e-4524-a575-e2cb31040595,Fresh&Go,food,grand public,Toulouse,491579,19,578,45.27,1999660,44.95
d02ddd86-6cec-4796-a819-e13bb9500df3,Bellea,luxe,familles,Toulouse,378803,9,108,61.56,3032684,103.04
ce442473-3b6c-44f1-bc2f-65ac8874667f,Bellea,sport,jeunes actifs,Paris,350674,43,355,82.32,2015545,71.43
a4a7495b-b6e0-4b44-859f-d680139de5a9,Carrefour Bio,automobile,jeunes actifs,Lille,248517,40,37,85.19,1580004,143.55
14cd1c24-11e8-4294-9ab2-c6995cc36568,UrbanFit,luxe,étudiants,Bordeaux,372976,17,76,89.89,2006018,102.71
38dc9661-8a5a-44ac-8e95-2f00fc6c3922,Luxeor,automobile,touristes,Lyon,13885,4,399,55.88,1722901,35.25
e4adee4d-9dc9-4a38-a51b-13a93b1cf9cb,Maison Nova,santé,touristes,Nantes,100731,3,348,70.6,931540,55.19
17bcff24-adce-470b-b5b6-08a53f0f35df,TechNova,tech,grand public,Toulouse,404189,32,160,67.45,736261,65.98
7a19c8c5-cdce-41c4-a77e-556b655bdada,UrbanFit,santé,CSP+,Lyon,419238,31,302,56.67,1162552,80.17
d96b00b6-60d6-4716-9b8e-471b00e37df8,Bellea,food,grand public,Lyon,246683,17,128,62.6,299408,66.3
979fe44c-910e-4cad-a131-d13a43d2c1f5,Fresh&Go,beauté,étudiants,Lyon,65159,17,548,50.89,876998,36.4
ab0a9095-8001-4158-b80c-1385148ab765,Maison Nova,luxe,grand public,Nantes,18408,34,539,57.93,3113774,82.86
13d2f951-a656-40a3-b834-1211683d884f,TechNova,santé,grand public,Toulouse,137702,45,246,81.44,2645189,120.39
41a4bd48-ada4-4cfd-9890-f72296bdb489,TechNova,santé,touristes,Lyon,419266,32,376,81.22,2161226,108.49
797f6b54-3edd-4852-ab08-3e98ba126815,Maison Nova,food,CSP+,Marseille,7725,34,48,80.52,758544,62.77
5e91255a-92e9-4a39-b1dc-b1bd2fbb3120,AutoMotion,tech,familles,Paris,340691,15,546,68.87,1944599,109.14
5e106dd9-371a-4cfc-b335-c8c729da57e0,Maison Nova,food,étudiants,Lille,460260,42,281,85.43,3280955,115.86
1e639b64-b8f3-4d3a-b431-24db15f16953,UrbanFit,santé,familles,Nantes,220403,11,108,59.18,2717493,90.08
3b0ae306-e462-403f-909e-039cdd1bc8d3,UrbanFit,food,jeunes actifs,Lille,496922,39,333,73.93,636390,87.05
b9304655-b341-483e-baad-0443b347623a,Bellea,beauté,familles,Lille,153824,40,323,76.9,854950,68.0
43a8c1a9-3059-47a7-90dc-5fbcfd723f99,Carrefour Bio,tech,étudiants,Lille,267131,35,288,70.37,3211386,108.12
33de1f3d-b6e6-4b99-b7f1-ef5cdbf1bece,Carrefour Bio,tech,touristes,Paris,261237,18,545,85.35,2501155,87.98
63e7c5a4-8aa0-4760-97e5-d2233b8f8657,Fresh&Go,tech,CSP+,Lille,44084,7,284,62.56,3376137,66.44
1fc94c84-cc7a-45c2-a15d-c2860176b429,Luxeor,retail,touristes,Nantes,68151,26,398,64.09,706313,77.12
4008c8e5-30e5-4568-a792-0650dcb0daaa,Maison Nova,beauté,touristes,Marseille,447897,24,555,52.47,192593,73.13
895089f4-11cc-4800-bbb6-2c834f9a4e22,Luxeor,beauté,jeunes actifs,Marseille,54123,29,375,52.97,804292,79.71
9e114116-ab8d-4385-b640-4d49458234c9,Maison Nova,tech,touristes,Lille,21567,12,501,72.07,2723543,47.26
d278816a-60ca-464d-bbbd-31e09f1380dc,Bellea,beauté,familles,Lyon,332557,34,564,55.4,2324168,40.35
96763f0d-6c74-4a09-bbdd-c553aaea83e0,Maison Nova,tech,CSP+,Paris,165124,42,166,89.09,1495650,93.14
39ece637-c13f-473e-a2a0-ea3bec2f7e79,Maison Nova,food,familles,Lyon,80803,34,48,60.09,1190626,31.98
0daf09c2-bc37-4793-abbc-fc5fddb93925,Carrefour Bio,luxe,familles,Paris,228848,10,464,54.43,1195943,90.84
69e6d494-3415-44b3-a30c-5786bb3654ca,Bellea,tech,jeunes actifs,Lille,333403,13,491,87.2,340023,98.72
4f425bc2-d755-44ba-bca7-091f0426238d,Luxeor,automobile,grand public,Lyon,336657,16,571,89.48,1973101,57.68
9d6e28b8-2b0b-4689-bec6-1e1881676abe,AutoMotion,sport,étudiants,Paris,439445,32,395,69.59,2274835,57.75
5ee69d5f-33ae-4a27-8f75-21515e95b18a,Fresh&Go,automobile,étudiants,Lille,232180,26,182,62.1,3372353,74.36
6f7a7e1f-de2f-4d6f-bd8a-311db98c1ddd,TechNova,sport,étudiants,Toulouse,285045,8,289,50.77,2971287,66.5
bfeea36d-3800-49db-a65b-4309e34b90c6,Fresh&Go,banque,jeunes actifs,Toulouse,219427,32,167,45.21,298005,57.82
73945c37-036a-420b-9ff1-b1b2e3efe517,UrbanFit,retail,touristes,Paris,57148,29,145,80.98,1687814,70.75
b82a9b27-335b-4532-a275-8a3b1c73acd0,TechNova,tech,jeunes actifs,Paris,478095,9,598,77.46,2557898,128.86
54b84862-fc6b-4ace-bb40-78c7ab345939,UrbanFit,tech,touristes,Bordeaux,466650,9,427,73.53,1681773,76.07
2f9a3ee1-8988-44ac-bcf9-93bcbe8a544a,Carrefour Bio,santé,étudiants,Marseille,331985,15,333,83.34,2650602,120.68
d928fb84-c945-4b5d-ae10-3876c9754a6d,UrbanFit,luxe,jeunes actifs,Toulouse,94878,35,328,66.0,3068088,81.12
42509186-4be4-4b00-8a62-fa4555c53dc1,AutoMotion,food,étudiants,Lille,70202,16,469,78.51,2173687,83.39
a1aa49ab-77c8-4063-94b9-5bce8a7ec999,TechNova,luxe,jeunes actifs,Marseille,337580,32,185,49.84,775132,36.56
d29adcb2-da74-4efd-a6c9-cfe8180c19bc,AutoMotion,food,grand public,Toulouse,10707,23,557,82.3,1506035,115.88
178f495f-2907-466b-9078-d952473dd87e,AutoMotion,beauté,jeunes actifs,Bordeaux,369705,37,108,73.29,2337711,99.31
ce613652-9405-4083-8ce1-df574c00c880,Carrefour Bio,retail,jeunes actifs,Bordeaux,222031,32,118,78.51,1401380,48.26
db8150ce-a2cc-4b9e-8294-5c89b6fb3094,Maison Nova,banque,touristes,Paris,199893,7,377,89.29,122685,103.5
d2a86145-d077-4226-8a11-fe28e569e2b5,AutoMotion,retail,familles,Marseille,34606,23,176,95.99,3349876,137.49
39b0c85a-84e5-4aaf-aeef-a8f083cde5af,Maison Nova,banque,grand public,Marseille,233871,23,533,91.15,1289769,153.97
4f1927b0-e3d5-4a78-85cd-75e502483b10,TechNova,luxe,grand public,Nantes,451514,41,400,97.75,2009137,96.1
175942fc-f028-43b7-8dd7-8cb66705eeaa,Luxeor,banque,jeunes actifs,Nantes,262158,42,177,86.82,860951,135.25
4ec735d0-4645-4678-b094-50ebd864cb15,TechNova,sport,touristes,Toulouse,196499,18,488,92.21,1613889,89.73
49532db2-5a39-4b41-9ba0-b324f220723f,Maison Nova,automobile,CSP+,Paris,17736,38,274,67.02,2880894,104.0
440217b5-af92-4cb9-b044-22adae357a94,Bellea,banque,touristes,Bordeaux,39589,33,138,64.05,2272586,61.19
69ff7f5a-c303-459a-88a5-fe098b6293d3,UrbanFit,santé,jeunes actifs,Marseille,466446,4,546,46.89,642509,64.04
248dd513-0299-4cf7-a969-2b919589f461,TechNova,santé,jeunes actifs,Paris,26781,20,259,61.95,2080470,88.48
13bb7817-0784-4ac9-9ef3-d67910e4515f,Fresh&Go,retail,CSP+,Lyon,46687,27,110,68.84,2850559,64.21
c5b46761-8f00-4f6d-8b2d-d1e674502dcd,Luxeor,retail,étudiants,Nantes,323488,16,148,96.51,1247201,84.1
e368d26f-bf0a-429c-8f84-9413ba35a3fa,AutoMotion,beauté,familles,Lyon,495531,3,421,46.25,2800537,72.44
cc6450cd-b740-4c18-b8df-323e43a29e1b,Maison Nova,santé,touristes,Toulouse,411033,7,523,85.13,3214233,124.63
3f5a6f5a-c005-4cd2-a58a-971b2f45f2d8,Bellea,tech,touristes,Nantes,336182,40,504,53.19,1591285,34.62
78041091-1fa0-46eb-9443-869f213e372a,TechNova,automobile,étudiants,Toulouse,246665,36,17,72.71,3470763,46.6
8fb60acf-e2b6-49da-8561-5047e2fdc703,Fresh&Go,sport,familles,Lyon,31321,32,59,52.75,3468470,71.92
08d1035d-c767-4971-82ae-0125ef7cc494,Luxeor,sport,jeunes actifs,Marseille,489967,14,230,65.89,3022226,88.03
d9fa3a9e-6c2b-482d-9b8c-fc8ccb7b3db2,Maison Nova,santé,grand public,Paris,459999,39,23,91.86,3341929,65.42
ab0aedce-46cb-4a2f-9633-083b6f90b72c,Bellea,retail,familles,Toulouse,162751,20,436,66.36,1728446,97.1
9479c5a9-a335-4043-96ac-a30da7b25ae3,Bellea,automobile,jeunes actifs,Bordeaux,166249,35,271,79.71,1526464,70.42
fdcd4ad2-324e-4a61-bcc9-2b082d3fc078,Luxeor,banque,touristes,Toulouse,358851,40,24,61.17,1437040,62.48
3ab288e1-f1ba-42d8-ad95-fd2979a016cd,Fresh&Go,luxe,touristes,Bordeaux,452778,14,353,81.3,1061252,59.29
487105ba-d6a1-4878-bace-655f8059e0e9,UrbanFit,food,touristes,Toulouse,47494,34,230,58.4,2128190,72.43
fd64ff63-445e-4746-b0c6-a85d2e656b7a,Carrefour Bio,tech,familles,Marseille,99615,29,473,71.19,3244393,71.95
ee985de6-d37b-4f49-8c39-48ea43322bd8,TechNova,santé,étudiants,Nantes,396778,34,509,58.03,21420,94.5
70cab257-fd17-44a9-a13b-367f31f9ec8f,Fresh&Go,retail,grand public,Marseille,373364,17,162,80.63,1663559,127.21
3d3f036f-c061-4df4-b6bd-62ed4fb49a20,Carrefour Bio,tech,grand public,Lyon,363075,45,433,86.12,1215923,65.41
42cfd8af-2410-4eab-8379-8282898c1a6d,TechNova,sport,grand public,Paris,232749,30,589,76.48,889490,77.15
89329bf5-fc98-4c2f-a49e-b5dbdf15379f,UrbanFit,automobile,touristes,Marseille,309322,13,86,53.58,1314756,73.61
cd6d32a0-d824-42fc-95c8-b44072c88556,Bellea,santé,familles,Toulouse,296673,24,324,79.39,329598,80.21
f19ad1ed-89d3-42de-85f4-2ef610433556,UrbanFit,beauté,grand public,Marseille,25834,30,522,45.02,3183603,30.18
f950f8f2-9f8f-4f28-a8e1-3201ff97fc31,Luxeor,luxe,jeunes actifs,Lyon,102277,21,147,80.06,1083221,43.1
261d3ba8-d2b7-4a83-86ae-d90618eb5d19,Bellea,banque,familles,Marseille,100812,22,332,50.49,1407873,62.47
3a364779-f5bf-4209-8ac8-e0eef44aa2d9,Maison Nova,sport,jeunes actifs,Marseille,27860,31,130,78.23,843307,119.23
d7d9c4a8-2e8a-4b70-a701-19f001b5c5ed,TechNova,retail,jeunes actifs,Nantes,35819,32,56,65.55,1195746,36.39
df08bb83-9616-4d93-bb7f-c57e1fb9242b,Carrefour Bio,retail,jeunes actifs,Lille,355614,41,322,91.11,3222910,129.88
473f1a24-e76d-460f-a798-802f0b6a22b9,Luxeor,beauté,touristes,Bordeaux,88959,27,591,97.55,2109196,106.6
6ee733c6-aacd-435b-a3fc-5dc66cdd1180,Bellea,automobile,CSP+,Toulouse,8036,14,120,76.07,2337791,94.34
71ffa4a9-2484-40ba-9684-aa64d39ede97,Bellea,food,grand public,Lille,70950,45,334,62.97,761759,102.04
e4b19e63-f225-4e19-869a-b77ab6c835ed,Maison Nova,retail,grand public,Paris,415097,15,99,86.53,1791569,68.44
7557c7de-fed4-449a-852d-5d21442d3dc8,TechNova,food,touristes,Paris,294997,44,364,70.58,2309558,46.24
5b0977a1-3bb3-4848-8a68-48b937e5a1ac,Fresh&Go,beauté,touristes,Lyon,481657,6,372,78.61,2063997,77.3
8cdd6840-66ea-4444-86e4-81998cd57733,UrbanFit,automobile,familles,Paris,176854,36,582,47.36,2994631,25.39
09f751a2-d7f1-4491-af93-26397841f4ad,Bellea,retail,étudiants,Lyon,16865,27,272,94.73,1190232,75.28
aa14c52c-4fa5-4be1-abad-24b6171a668b,Luxeor,automobile,touristes,Paris,435698,8,70,75.71,101129,52.25
ed069ca1-6f52-4709-b883-d1d46c8fee57,Fresh&Go,tech,grand public,Toulouse,451009,14,385,93.2,535393,48.2
68bc1478-4ee0-4d8b-8f59-c652006a10c8,Carrefour Bio,food,familles,Toulouse,20482,27,473,63.61,107620,93.12
7a82e5b7-2e81-494e-9856-b3fd8ab344f1,UrbanFit,tech,jeunes actifs,Marseille,239556,15,254,52.31,2206062,77.81
5c26e087-efa3-4b72-ac00-b35d14ea109e,Luxeor,tech,touristes,Lille,446113,28,394,55.97,123199,64.01
aaedd085-0b6a-4123-a40a-cfc4f07c3195,Fresh&Go,sport,CSP+,Nantes,457324,3,561,63.62,1493097,40.61
9742523d-b83a-4863-ab54-31b87441ebcd,TechNova,luxe,familles,Nantes,164711,38,272,52.31,1819317,32.23
6070cf44-7e0f-41f4-8983-1285b6934968,Maison Nova,tech,touristes,Paris,49725,6,458,65.22,2296167,65.79
0640dd6a-80b2-46cb-be7e-66e5e2c16599,AutoMotion,automobile,grand public,Paris,70692,40,263,86.6,2995844,114.59
232d3916-8aed-443e-bd71-11af549185a7,Fresh&Go,tech,jeunes actifs,Nantes,184416,20,343,53.94,306062,55.14
1257dcbd-4808-46aa-b3c0-db044e5ff9f0,TechNova,santé,grand public,Lille,67603,20,478,68.85,1139234,73.1
fc5ec8b9-fa74-49ae-abd1-2118b19c153a,Luxeor,beauté,jeunes actifs,Toulouse,242780,14,516,86.4,930499,62.62
320815f1-009e-43a0-9c29-f7c093d4092a,AutoMotion,tech,étudiants,Nantes,387782,42,459,72.26,2326771,63.11
14833005-44c6-467f-810e-89fb9d785d5e,Luxeor,luxe,touristes,Nantes,210440,33,476,79.27,461013,41.0
da225253-8650-4bf8-8ce0-ee0dada103d8,AutoMotion,food,CSP+,Nantes,12852,21,265,76.99,1429983,120.77
af45c2b4-da49-495d-906a-56d2a9edcaa2,Maison Nova,food,jeunes actifs,Lyon,213065,14,395,75.86,1722271,53.56
b967eca9-596b-40b9-b31b-42a15b4afce5,UrbanFit,luxe,jeunes actifs,Paris,458316,42,483,69.97,411696,84.79
9aca1f3a-dbec-43d5-be42-5227feed74fe,Fresh&Go,tech,familles,Toulouse,150358,13,501,82.96,2780242,55.6
b4fdefee-c388-4093-8218-8d104e7e79de,Maison Nova,automobile,CSP+,Lille,264207,18,290,85.19,1858007,110.77
befab103-fe3f-462c-afc7-a6f190102ec7,AutoMotion,tech,touristes,Marseille,278950,17,524,62.59,202923,88.81
6def1d3e-04c2-4f8d-9e62-478424bd6b17,Bellea,luxe,jeunes actifs,Bordeaux,190535,3,362,59.14,244353,55.01
4b3f5e1e-6f5f-4208-8adf-194b2d4d604f,Carrefour Bio,food,CSP+,Nantes,440909,32,51,45.67,2431196,74.66
32ba2182-3dfe-4a80-a380-7bf471059a2a,Fresh&Go,santé,familles,Lyon,414229,15,12,54.51,377597,68.18
aa8302d9-8262-46b7-a8e3-3d2279c3dc5a,AutoMotion,banque,familles,Lille,354208,41,209,93.53,1923895,142.69
2f81e270-1b59-4f77-9f65-bccbeb9b81ad,Bellea,retail,grand public,Paris,191338,27,376,69.57,2967930,104.05
832f96ca-05c9-40f4-9594-71db94a267ba,Bellea,santé,grand public,Bordeaux,200431,19,64,47.47,3405364,48.9
fd2c7fee-a271-4f96-845e-ab03141a2465,UrbanFit,food,familles,Nantes,65801,6,19,82.99,2775468,60.74
b47725c1-8f0c-476e-9bef-3c09f681a2e5,Maison Nova,tech,grand public,Bordeaux,152072,44,558,64.76,987928,104.13
bca70513-f38f-455c-bf5b-e53d4b5ef209,Bellea,luxe,jeunes actifs,Nantes,478087,20,78,94.4,3303760,54.78
4fbd0af7-d3ac-40e7-bbe1-c1bacfb0d7d5,AutoMotion,banque,touristes,Toulouse,466483,25,253,55.14,2831768,76.57
7a317f5f-84b7-40f2-8e51-8598161db280,UrbanFit,tech,CSP+,Toulouse,292201,40,30,88.97,2746994,50.27
67013870-4fea-4006-b833-77bbd35217dc,Fresh&Go,tech,étudiants,Nantes,106338,4,28,86.98,828571,85.56
3e6e1272-4f47-4324-82b6-92aabc1286d5,TechNova,santé,familles,Toulouse,469011,24,95,48.13,609642,79.36
963d1a65-af30-49ee-9ba3-726594cae23b,Maison Nova,sport,jeunes actifs,Bordeaux,326861,30,346,48.87,1086097,75.42
e4feaae5-f0be-4649-b052-55a74af9fbde,Bellea,luxe,familles,Lyon,244707,37,172,70.28,2648063,84.88
7774485a-10ea-4087-8d06-9d62efdcea4d,Luxeor,santé,grand public,Lyon,271747,45,302,54.13,221581,34.67
63a58095-68fa-416a-a014-d9ee4300efef,AutoMotion,banque,touristes,Lyon,180108,6,265,62.02,633581,78.17
a2de1b41-ea4b-4143-8f17-aa2d14888e6e,Luxeor,automobile,CSP+,Toulouse,208634,33,193,70.99,2273209,43.95
d54ed097-f099-4378-b3a1-d33d2eded2ee,Bellea,tech,familles,Bordeaux,339234,41,48,97.88,2470136,105.43
005d2c64-021c-4a46-b80e-8d833506652d,TechNova,banque,touristes,Paris,122267,43,464,97.45,672572,140.84
6352f9ba-3134-4f04-8a72-821811cdd02d,Bellea,santé,familles,Lyon,147269,41,250,51.92,1164262,45.3
48f6adb5-4725-4ee8-ad35-c878d6507395,TechNova,automobile,jeunes actifs,Marseille,148820,18,313,47.09,2137220,57.39
ab07b1ac-9726-45ed-b219-ffc47fae6758,Fresh&Go,beauté,touristes,Lille,367315,17,287,76.93,1637188,108.33
2e3ae2d6-a6b9-46c1-9e0a-5d40b71cd1b8,TechNova,retail,familles,Toulouse,271823,28,599,85.26,159557,84.85
fa2d3e13-8ed3-4861-88d7-93a337039177,Fresh&Go,retail,jeunes actifs,Toulouse,82325,33,255,46.23,2512948,30.31
23277ed5-a3d9-4518-bf4a-8c86ab77c644,Maison Nova,banque,étudiants,Bordeaux,167154,37,262,51.26,2779113,50.25
5dc8a99f-c40f-4275-962b-8520f59f0579,UrbanFit,sport,étudiants,Marseille,444897,6,208,54.39,1053800,63.0
4e15838e-f50d-4144-899e-96a63097a705,Bellea,santé,grand public,Toulouse,200884,10,130,97.69,1395432,152.89
d33b06fd-19eb-424e-bb76-3fc608536f2d,AutoMotion,retail,familles,Bordeaux,25500,29,555,62.61,713957,43.69
f66b2364-c883-4583-8381-a2c9c4f081e7,UrbanFit,tech,touristes,Bordeaux,86513,20,477,49.6,3435211,70.3
60104e9a-6fcb-4360-b3fe-e40cc83e460b,Fresh&Go,banque,touristes,Marseille,417568,17,12,48.9,768293,35.82
776f6ae1-83ef-4e93-825d-6d3dd12bddcc,TechNova,sport,familles,Paris,422958,40,182,93.86,3359706,123.28
538eab3e-6f26-46cd-82be-41415fac9424,Maison Nova,sport,familles,Nantes,453233,4,151,62.94,2658337,39.11
b9d6ae3a-efda-48ea-b179-6e88eca48cee,Carrefour Bio,tech,touristes,Marseille,441278,32,403,60.68,1812577,89.01
8eb21e14-6a93-4a4f-91be-fa4efbbac1b3,Carrefour Bio,food,jeunes actifs,Marseille,78299,25,254,64.39,174069,93.8
395a8152-3ef1-42ff-992c-b953c8a7ff90,UrbanFit,food,grand public,Bordeaux,222994,22,98,78.36,2673124,122.11
87bb10c1-1697-4074-b389-0df111000d69,Bellea,luxe,CSP+,Paris,496987,32,416,50.43,1651198,78.64
a15f51da-d499-471f-a5de-cc88d720886e,AutoMotion,beauté,touristes,Marseille,161578,5,123,94.09,2982631,103.62
23204937-ffec-4556-9337-d6a0f53f60d4,TechNova,automobile,touristes,Lyon,494624,14,120,91.32,3095310,101.62
2928d10a-f1cd-4c46-b1ef-13718844fdf4,Fresh&Go,beauté,touristes,Lyon,314586,35,540,88.85,1843853,61.91
9761f7f6-3e6d-40b7-8d4b-b67b2eeb53f9,Bellea,retail,étudiants,Marseille,68342,31,524,65.52,2378352,88.98
60e1f74c-5030-4c07-b2bd-43d5316a15d2,Luxeor,retail,touristes,Paris,5520,9,581,63.73,2758973,95.63
e96fe7e9-eb99-4061-b491-b13bee5ed54b,UrbanFit,banque,CSP+,Toulouse,367096,29,440,65.6,444456,90.86
dd116dba-6294-4e70-981b-d796c149b76b,UrbanFit,beauté,CSP+,Marseille,356188,18,433,77.73,520243,126.56
f5fdcae4-05eb-439f-8cac-7b6fb9a23381,Carrefour Bio,santé,CSP+,Paris,215127,20,153,86.62,2319899,130.11
0a91f056-537d-4966-9635-fc5795ee2533,Carrefour Bio,beauté,touristes,Marseille,457864,12,332,76.91,397808,65.33
21a155f2-8c1a-46db-9b4d-7922fe140af0,AutoMotion,beauté,familles,Lyon,287189,31,17,63.57,808042,63.11
50cd9c87-add6-4600-8a7d-59d44363e613,Carrefour Bio,banque,familles,Bordeaux,308521,10,499,65.11,1388318,104.03
a275c18c-6dd7-428b-89e0-3775ebfc88e7,AutoMotion,sport,étudiants,Toulouse,14237,19,263,64.66,3233886,79.35
a55f7819-0c4a-4bc9-a519-12db7eebc50f,Fresh&Go,retail,grand public,Lille,495563,7,224,84.94,2673490,65.08
e85181ab-e73b-441e-959e-27cd1098ce5a,Carrefour Bio,banque,CSP+,Marseille,37346,32,561,77.96,1013821,64.84
2064a57b-40ef-44b6-b9fe-17d48b361e16,AutoMotion,beauté,jeunes actifs,Marseille,365448,41,16,62.98,3257643,104.75
12759ebf-e6d0-4629-bff9-3d09e433332f,AutoMotion,beauté,touristes,Paris,451435,20,170,86.87,1771092,146.35
29e99c2c-4d23-48d1-a928-d3d17ebfdaff,Luxeor,santé,CSP+,Lyon,133597,20,461,64.82,833147,46.92
e389ff9b-ac89-4fe9-b3f4-6993fcb4f5b5,Maison Nova,retail,jeunes actifs,Nantes,325515,17,288,82.67,2104379,108.42
a927f4cb-1191-4881-9f3e-ca3af1aa7b0c,Luxeor,food,jeunes actifs,Nantes,320354,10,91,68.89,3403438,82.94
3ed3f92d-f3d4-481e-9296-07b7d24caabc,Carrefour Bio,beauté,familles,Bordeaux,221475,13,271,69.29,3350963,104.79
73f93c31-dc3f-49b9-b807-8798cd79746d,UrbanFit,automobile,jeunes actifs,Paris,150150,18,419,89.16,165052,68.57
ecf82514-361f-4ae9-9a2d-b7979e9dd787,UrbanFit,retail,familles,Bordeaux,339917,42,438,86.79,1537879,48.87
59b548ac-8907-4f7b-bfc7-336ddeac1551,Luxeor,food,familles,Paris,109108,7,28,47.0,626042,66.44
838d4554-f379-4d1d-b7fb-4dfdb9f81b23,Luxeor,luxe,jeunes actifs,Lyon,449992,42,324,90.18,2004768,109.16
1c45e5a2-cb00-4df6-9fdc-ba25834d6c00,AutoMotion,food,grand public,Toulouse,498758,20,463,61.82,2654137,58.55
440301d4-329f-46fe-b373-f8cec1c7deb8,Bellea,santé,étudiants,Lille,321265,23,67,47.51,384469,61.29
8e0468d9-15d2-48fa-93e6-385e1c270951,Luxeor,beauté,CSP+,Toulouse,147488,21,194,47.23,2029175,60.75
beb6f26d-fffe-46e7-a740-b056b3f62f99,Luxeor,banque,grand public,Toulouse,78522,9,234,52.7,274169,46.31
3cfbab12-1eba-44bf-9ea8-dbe310799cb0,Carrefour Bio,automobile,CSP+,Toulouse,275515,14,205,45.64,2240083,73.18
7c09205d-26c1-4ea7-b75a-3477558d8af8,TechNova,retail,CSP+,Toulouse,391498,6,289,89.36,176690,100.38
8cd10f6d-4ead-4e8b-852e-15d37223d4be,UrbanFit,santé,étudiants,Paris,7073,33,142,76.09,2558647,117.01
27d46171-ef79-46aa-9bb5-8bacb96e86c0,Maison Nova,tech,étudiants,Lyon,286341,41,272,88.2,3411798,85.66
f5080632-0147-42e9-8217-388ad2a58764,Bellea,retail,CSP+,Nantes,341456,17,209,92.23,1755205,156.19
77c13ef5-f9c5-4f83-b2b3-fd57d7ccbadf,Fresh&Go,sport,CSP+,Lyon,15415,45,478,46.25,2795838,61.69
8e5c348e-9b43-4d09-b7e1-1bb18336c3b3,TechNova,sport,jeunes actifs,Marseille,30085,32,133,96.84,597842,95.17
2a905616-f5f1-4c1a-b332-0080cdefc472,Bellea,banque,jeunes actifs,Bordeaux,31690,33,315,78.47,86147,126.8
1625cceb-9263-4104-b3db-3fe0c2fd162c,Bellea,banque,touristes,Marseille,459431,30,467,66.48,1277418,111.99
d43cfc94-8426-4b32-9beb-e3a8617c4f51,UrbanFit,luxe,étudiants,Nantes,371132,6,260,46.64,1732041,51.77
3efb2a31-15cc-4b7f-b3a1-89bf3c453266,Carrefour Bio,santé,CSP+,Bordeaux,262216,22,479,68.17,2208874,83.21
43eeb59c-94fc-49c1-a831-7e300245519d,AutoMotion,food,familles,Marseille,305906,9,138,76.77,3480494,68.01
fe8f610c-6875-4a7d-a06b-2acfd9a3e853,UrbanFit,sport,familles,Paris,379245,22,99,89.02,278987,131.74
56e7485c-5281-453a-b7c0-59ae9651476e,AutoMotion,tech,jeunes actifs,Marseille,494474,36,366,63.22,2850101,37.04
66fb9646-63f0-4a53-a0f8-b83d91dfa555,Luxeor,automobile,grand public,Nantes,392819,32,157,79.96,2349918,52.36
aa1e06dd-cedb-4a32-bce7-c38d26a646ee,TechNova,retail,CSP+,Lille,415470,43,412,83.79,3246140,113.99
3e7de346-49e6-44ff-a8f2-fc9ce3a2967f,Bellea,tech,étudiants,Toulouse,320906,29,350,78.55,1232770,97.33
bac69ea7-2249-4452-b14c-ab580ded56fc,Carrefour Bio,santé,étudiants,Paris,393825,6,219,74.79,173089,54.57
c7887955-c0c7-4da8-a247-604a4b151c2b,TechNova,tech,étudiants,Toulouse,98916,5,142,93.52,1198976,139.32
a2fd8f79-ccc8-42bb-9f8c-180cb9682f45,Luxeor,automobile,touristes,Paris,258145,42,487,71.66,1102467,88.56
c43b8159-7e75-4491-b2c0-17744f7af3fa,AutoMotion,banque,étudiants,Nantes,190409,28,262,45.62,287285,41.0
328aebfa-9a10-47b5-9678-cf3c793119b0,Maison Nova,automobile,familles,Paris,175861,22,490,59.83,1764661,43.17
6dbecbdf-c7dc-4b2b-9a58-cfe43962e56a,Carrefour Bio,banque,familles,Paris,214625,10,450,93.15,2678102,86.14
f031582b-1da4-4f15-8c75-024be239e691,Luxeor,sport,jeunes actifs,Nantes,33553,34,363,77.59,1360345,53.18
491aa644-fc11-4d0b-8372-10d9101d82c2,Bellea,luxe,touristes,Lille,254871,44,236,57.24,252689,36.28
23a2cb03-d8a7-44e2-8c60-8dc1a68875e4,Maison Nova,retail,CSP+,Lyon,127167,30,29,58.97,3228762,98.9
6c10b038-880d-4499-9b5c-65ad6e7e6d24,UrbanFit,santé,jeunes actifs,Lyon,384258,22,310,69.7,445357,110.46
6a949ae5-d78b-4c9b-ae63-7d229adbbd63,UrbanFit,retail,jeunes actifs,Marseille,484958,39,399,60.5,760574,75.58
e01cebaf-2543-46d2-9df4-33f301c3bc7f,Bellea,beauté,étudiants,Bordeaux,95090,38,555,87.21,456888,54.33
17d3f3a9-8081-4467-85c0-df3d0e7b660c,TechNova,banque,familles,Bordeaux,451073,35,583,69.22,2994502,109.43
15d2f5ef-d2c3-4c74-8b89-eb605491ee5e,TechNova,santé,jeunes actifs,Marseille,88695,24,595,82.04,1429511,83.66
db1cadb6-480f-4559-badc-7689896efdfb,AutoMotion,santé,familles,Lyon,186491,22,383,58.41,1714307,49.23
a466362b-a34f-45c7-990b-4bd278080920,Bellea,tech,étudiants,Toulouse,337233,25,170,62.83,2231209,64.38
21ed7e37-889b-4ff6-a5ec-dd6c4e501da0,Maison Nova,beauté,CSP+,Paris,160709,22,173,73.68,1381934,110.86
bbeda17d-7947-4b6e-a03e-22dbd3cc1986,UrbanFit,sport,familles,Paris,181379,5,222,56.9,202876,88.63
312b6003-7fad-4a4a-a1f8-84d73b3dc938,AutoMotion,food,grand public,Nantes,329771,33,96,50.35,3206939,85.23
82bf9474-dfce-4b4a-a5d6-305d60dd9ceb,Luxeor,luxe,touristes,Toulouse,230245,43,122,81.08,878292,107.87
7b426a06-ad9f-4bfc-8555-db3f4e4cec00,Carrefour Bio,beauté,touristes,Lille,442120,13,34,73.3,121388,96.8
6d8a0d4b-7e74-4699-93e6-fb953b1383fb,TechNova,beauté,familles,Marseille,342152,19,109,80.16,416406,65.97
6e4e7119-71e2-4e99-a0f2-726d573d0df3,Maison Nova,beauté,jeunes actifs,Nantes,212791,26,578,80.28,2680125,42.14
45109fed-788b-4dbc-a6ff-452809ff67a5,AutoMotion,food,grand public,Bordeaux,327426,18,431,79.1,717419,100.25
c66497b6-9031-4a4b-8737-fbc8a0d3583c,TechNova,santé,grand public,Toulouse,48538,17,429,67.17,3055809,36.12
02749390-219a-4f0c-8cba-d6428d42bff2,Carrefour Bio,sport,familles,Toulouse,467714,45,43,67.79,1198724,87.66
b9ec124c-98f6-4fea-b18d-16cb952e8559,UrbanFit,tech,étudiants,Lyon,339901,44,415,68.27,2026110,90.21
2949297b-24c3-4a40-b53d-3a2b285681c1,TechNova,food,étudiants,Lille,71070,39,193,79.67,1602281,67.5
f0b66bbe-e79d-4a8a-a3db-21d9b01e9995,Fresh&Go,automobile,grand public,Lille,448153,24,24,80.2,431444,111.65
8719e1ce-e5a9-4142-ab82-3bfbb90fb8de,Carrefour Bio,tech,jeunes actifs,Nantes,419025,29,88,70.31,3201561,110.1
ec30b017-25bf-4d9e-bb48-a7ef1e8f24e6,TechNova,santé,familles,Nantes,450667,27,443,93.37,1580897,121.0
c1e32df5-318c-4694-a434-a68e4df8d54d,UrbanFit,tech,familles,Marseille,321351,3,451,49.48,1738153,55.63
2eed9ae3-b8b0-4426-b809-1013f4ca6fb4,Carrefour Bio,santé,grand public,Toulouse,231493,26,183,86.34,1687327,65.78
c1a40728-78ea-4e36-87bb-93d49c6da8a4,Fresh&Go,automobile,CSP+,Marseille,56325,33,571,53.08,1173565,52.99
2be7a04b-092c-444d-9a38-f3a432580273,Luxeor,santé,grand public,Paris,126684,32,42,47.1,2846668,40.49
6dcc9ae1-1fa4-475b-b6e0-28493bb43a77,Bellea,food,étudiants,Marseille,269651,4,199,90.86,2284597,136.22
d410e0d4-2d13-4161-8ca5-78a522db1982,Carrefour Bio,santé,étudiants,Bordeaux,337471,43,53,84.29,3286047,86.93
755c1b90-82c7-4265-8359-9e149bf9a527,Fresh&Go,automobile,jeunes actifs,Lille,31671,7,324,65.36,308094,66.74
ce910cd8-8f0d-4086-ab01-18e95589cd63,UrbanFit,beauté,familles,Paris,208049,8,110,71.31,3414726,87.9
db0544dc-8f20-42c0-b91a-01b5d9d6ba7f,Luxeor,santé,CSP+,Toulouse,344352,3,444,84.09,3371380,85.55
a71f2ca1-0c7f-42dd-bef4-5633b063aaf9,Maison Nova,tech,étudiants,Marseille,120884,40,35,86.47,1819406,51.43
73168cec-9d61-4fa9-ade6-1af7952b9967,Maison Nova,retail,jeunes actifs,Lyon,279403,8,250,84.92,2581862,90.44
ed33ac14-263e-4d2e-ae66-cfccdd6e2e51,Luxeor,food,étudiants,Lille,21297,16,430,50.85,768882,39.59
3550fa24-2035-4c08-ab69-3c4359fd28ac,Fresh&Go,automobile,touristes,Paris,387297,37,275,59.21,3111334,70.84
e79c46e5-559d-43de-a871-24861217cf20,TechNova,santé,jeunes actifs,Lyon,147127,36,90,73.3,716835,51.48
7196a879-f22b-4d92-8d3c-6eb2b9dadade,Maison Nova,sport,touristes,Bordeaux,217524,30,32,51.38,1223383,65.04
b381e244-f1d2-42ec-9f48-55e5f7a05a2d,Luxeor,tech,touristes,Lille,226785,10,158,61.84,2229266,77.59
7b7714fd-5109-4839-a512-0bfc8b86c987,Fresh&Go,santé,CSP+,Lyon,286691,36,461,80.77,314904,54.13
07a9eb27-4625-4ab8-9280-60a7214e0c93,Luxeor,automobile,CSP+,Lille,369438,13,515,77.12,1387349,121.79
ed0bb82f-bd6b-41b1-94bf-e746131f7ca4,Fresh&Go,banque,familles,Nantes,162757,31,186,82.49,3185908,82.3
ad93edc7-221b-42cc-85b1-ac2638d5baab,TechNova,santé,CSP+,Marseille,20408,9,589,87.25,2317054,144.96
cdf137e8-f433-4cbf-84fc-f82442ffb9ca,AutoMotion,banque,grand public,Nantes,247871,20,194,85.29,1449049,100.68
a53506a9-57eb-467b-8317-f00088c1803c,UrbanFit,sport,étudiants,Nantes,352839,10,461,94.54,1455626,142.08
7af2d071-3d14-40f2-b03f-6357c204cec9,Fresh&Go,tech,jeunes actifs,Lyon,156100,14,143,91.87,2416938,51.93
01c3f836-4fae-4a53-9693-e28c147935cf,TechNova,santé,grand public,Paris,412131,24,416,56.04,3238561,32.62
5bee9f44-bc3c-41cf-b253-213842e275ae,UrbanFit,santé,étudiants,Marseille,273685,14,210,62.98,1100720,54.65
aff88baf-f5ba-42f1-908f-fe17057ce69c,UrbanFit,tech,étudiants,Nantes,499361,14,416,92.42,2128292,85.74
227b21f3-f6e8-47c4-a00b-49611a5d875c,AutoMotion,sport,jeunes actifs,Bordeaux,334709,30,247,61.81,351861,78.83
30c61305-fd34-4f34-8b57-084bee981b44,Luxeor,luxe,CSP+,Lille,355121,42,577,58.86,1259572,75.81
3726fca6-7ab7-4a32-9e4b-e3d08517f655,Maison Nova,sport,étudiants,Paris,81410,18,518,86.47,540584,71.45
cfa7a134-3549-42ab-971e-61d333fa63fc,Luxeor,retail,grand public,Marseille,69036,26,43,69.28,1508687,73.48
72a6e397-61cf-4132-9b16-4392ca0ce2bc,AutoMotion,santé,grand public,Lille,251882,37,219,63.21,3351867,96.32
246db49d-78fc-4758-b945-e207e06687ef,Luxeor,retail,étudiants,Lyon,375786,12,418,71.06,2596255,94.47
d9c55489-b781-40e8-8b1e-1e7aa31cd415,TechNova,sport,grand public,Marseille,445589,9,418,57.96,1926974,82.57
56b2f511-764e-45e7-9e4b-0dedaa271df4,AutoMotion,luxe,grand public,Marseille,441625,44,100,54.26,333409,65.34
f73dcc65-d492-4fb2-a911-3178581695c7,Maison Nova,santé,touristes,Lyon,8565,14,386,66.96,193966,93.41
32fb116e-d84e-45cb-a445-2211aa7783d0,Fresh&Go,automobile,jeunes actifs,Nantes,233122,23,377,96.8,2918653,118.08
6db80b09-29c1-407a-95a0-5f4871e49f3a,UrbanFit,beauté,familles,Lille,389724,20,247,77.94,1819192,124.33
769d19e7-030c-4113-8753-f5a86be0fcdb,UrbanFit,automobile,jeunes actifs,Nantes,70435,34,404,81.68,1186892,73.22
83ecfef8-a1b0-4c81-b8de-be516d870de0,Bellea,sport,familles,Toulouse,390782,27,572,72.54,1144032,119.1
91242ead-00d6-4365-814f-1f96b3d48df1,AutoMotion,automobile,familles,Paris,382800,25,509,48.25,1069743,35.72
05ada2d9-2904-491d-b5fb-d2d1c45a2081,Bellea,banque,étudiants,Lyon,467416,31,206,67.77,2404075,50.19
cd84e9c2-82ca-4f91-8786-6396a161a91a,Maison Nova,beauté,touristes,Toulouse,174027,14,515,87.98,3123069,109.4
a952478f-affe-4289-8265-5ef89fe44596,Luxeor,banque,CSP+,Toulouse,60482,24,531,70.59,994983,36.86
c8c4e238-aed9-4931-bf09-37bb2bdde726,Maison Nova,beauté,CSP+,Lyon,41871,7,88,64.56,706046,63.84
813f94ae-8fbe-4211-81da-8c2b234a3b81,Carrefour Bio,food,jeunes actifs,Lille,136438,22,388,80.24,2114850,44.8
513d6b5c-ffc2-4a68-8b68-3fc5a8ad4c88,Fresh&Go,luxe,étudiants,Marseille,149786,9,492,63.01,1477301,87.49
ba1a3d90-a0d6-44b2-9114-8cf944200381,Carrefour Bio,sport,jeunes actifs,Bordeaux,497534,24,40,88.2,2714327,135.0
245c43b3-019b-49f3-8cb6-beade5d8cb7b,UrbanFit,food,grand public,Lille,341517,4,330,87.18,655489,58.72
1c71a664-532a-4067-8ab7-41b1cf12421f,AutoMotion,food,jeunes actifs,Toulouse,222775,6,453,48.67,1088199,60.02
4750138c-aaeb-45fe-90f0-c4cbaa26d571,Luxeor,banque,familles,Lille,31920,5,284,84.64,1818181,42.48
74773112-23cf-4e07-a4da-5ff396e08fd5,AutoMotion,sport,étudiants,Paris,214655,7,202,86.84,1774058,144.57
a7eb7bf1-5c2d-49c7-a79e-aa6301fc0cbb,Bellea,luxe,étudiants,Marseille,325253,30,484,47.35,1022568,36.91
b864f3ac-5d5f-4263-9a69-a900858f7502,Fresh&Go,automobile,grand public,Nantes,133884,16,185,80.66,2940944,65.32
51d67d1a-b0d1-4624-8b09-92e2041bb3b5,Maison Nova,sport,touristes,Bordeaux,92466,15,430,74.38,1547953,113.58
17735ca1-2dab-4792-9d80-f51a281cb5e8,Fresh&Go,automobile,familles,Marseille,94500,15,459,90.81,1243987,96.12
74f06b2f-f84c-4f54-b849-5d314967f028,AutoMotion,beauté,CSP+,Nantes,115209,10,188,69.88,1559818,115.97
20c45b6f-7231-4f3a-bed9-0d7484bf4e9e,Fresh&Go,automobile,grand public,Nantes,221373,40,38,51.88,2354035,76.53
c3fb4a9d-1ea4-437f-bc70-a592cf8f288d,TechNova,luxe,familles,Toulouse,116108,22,386,61.96,3290615,97.77
6555af51-2e98-4d33-99d5-376e01d93e4b,Fresh&Go,luxe,jeunes actifs,Bordeaux,140611,22,335,74.56,816569,97.54
4e19a053-c9e8-4276-ac5b-b184b9219d94,Fresh&Go,food,étudiants,Lille,273241,25,588,46.4,2608535,74.65
4b88280d-1d9c-401e-a453-134fe3fec5a1,Bellea,automobile,touristes,Nantes,318601,19,504,48.28,2594476,67.32
d9cfc2ef-e250-4300-a722-a49aea268f6f,TechNova,automobile,familles,Toulouse,460585,22,207,83.28,2936902,108.03
971cde76-db5c-4241-9238-776321d2f465,Luxeor,santé,familles,Bordeaux,298045,31,579,63.83,2042928,65.05
3fe30720-8e1f-46f9-8030-d29409c28079,Fresh&Go,retail,familles,Nantes,331477,44,585,60.93,2826025,96.42
d3b19552-5f4a-4bbe-b1e5-72da6a6befb9,Luxeor,beauté,étudiants,Bordeaux,359503,24,390,83.77,60903,81.41
18eb1e61-25e0-4fbd-ae24-0126079caad2,Bellea,banque,CSP+,Bordeaux,265619,8,503,71.29,1046569,73.02
a97e383a-f232-4556-a0c1-3cec7bebd893,Fresh&Go,tech,familles,Marseille,80407,14,237,62.56,3437629,104.06
19715db7-f26b-4f8e-9ada-d957c0d6cdc7,Luxeor,sport,étudiants,Lyon,255153,19,462,95.5,1557411,156.27
184bec77-aad8-435e-a7a7-bcc31f954eff,UrbanFit,banque,familles,Bordeaux,486411,36,90,85.63,3144589,103.46
d8fc8f55-0642-498f-b6cb-545a602f7af5,Luxeor,food,familles,Bordeaux,42001,18,418,62.34,3051565,98.48
473bd873-8067-44b5-aab9-39d09d220fc4,Bellea,luxe,grand public,Lille,327129,7,110,66.68,1386135,82.17
71c5150f-b919-458c-90dc-65926199ce56,TechNova,tech,touristes,Marseille,188670,9,86,47.89,3359852,45.1
6b9b0bb6-fda3-41ef-afea-73190c40eaa1,AutoMotion,luxe,touristes,Nantes,381353,17,225,82.17,3444095,93.29
e9a9bd44-e25f-4d03-9aef-2e25271d8df6,UrbanFit,food,jeunes actifs,Lille,387877,32,78,83.08,2876998,126.27
b5245902-db92-424b-b8b0-8c2d6489c49f,Carrefour Bio,tech,familles,Lille,448965,39,10,83.55,2365951,97.88
4d12c03e-f468-4208-9fbc-9ed29c982f15,TechNova,santé,touristes,Toulouse,412580,32,21,80.03,2452930,124.99
7e1ce70a-4071-443c-8221-9a256c164bba,Fresh&Go,retail,touristes,Marseille,461790,42,422,65.9,2016846,56.19
745d6306-7f75-4c81-b906-bbf97601f2ad,AutoMotion,banque,touristes,Nantes,47840,28,282,53.7,1231384,42.94
a565226b-d394-4712-b404-d3c639947aa5,Luxeor,luxe,étudiants,Toulouse,288740,18,470,71.34,3162224,65.72
9f30f642-027d-4bf0-a988-2a435962c04e,Carrefour Bio,luxe,étudiants,Lyon,298681,20,404,55.31,1358892,66.26
9a9c3e38-a7e6-4dee-9da7-7ca5b65fc146,AutoMotion,luxe,étudiants,Nantes,104772,34,354,86.42,545960,136.22
2dd8c684-b7b4-455b-bb36-a49f4edfaa35,AutoMotion,retail,jeunes actifs,Bordeaux,104828,44,116,75.83,822734,85.58
d5d1e4a9-ae82-49d2-b6b9-5893c43bd3aa,Bellea,food,CSP+,Paris,374467,29,563,65.34,3174171,100.78
65c093ca-e8f5-4521-9ad5-32a53e0ac46d,Maison Nova,beauté,CSP+,Paris,133604,3,294,65.71,2170436,44.69
cc3a814b-9b76-4b6a-99e1-40a54bcc440b,Bellea,santé,jeunes actifs,Toulouse,457562,6,43,94.42,1965240,48.14
85e1535c-9052-4e63-904a-77b52a369c4d,Bellea,sport,CSP+,Lille,28227,37,576,59.54,1707386,46.4
97ce9bc0-c138-4df3-9ec0-60487ab705ee,Carrefour Bio,retail,étudiants,Lyon,7184,4,35,74.76,2175296,103.83
742e6061-99c8-4e80-be80-94389e810edb,Luxeor,banque,grand public,Marseille,344649,18,172,90.77,3437123,77.03
03057ffd-6c3b-4636-b152-a95221b42d23,TechNova,luxe,touristes,Marseille,479659,20,399,58.2,1372952,46.02
cabaefdf-5212-4f0c-b6bf-89cb8e8d9824,Carrefour Bio,automobile,CSP+,Lyon,325217,22,542,85.32,3262064,115.61
44d09a6f-8bfb-44d9-9497-ee12f6bf3299,Fresh&Go,banque,jeunes actifs,Lille,60835,19,118,79.14,1203273,115.49
5bc512a0-f58c-421f-82d9-4942cdb61149,Bellea,beauté,grand public,Marseille,317437,27,291,94.77,3101890,159.26
c65270cc-48c6-43e2-a68c-f68d1a668c65,TechNova,retail,familles,Lille,325586,39,349,92.32,880344,96.61
7520418a-db53-497c-ad87-5b71222c3a4f,AutoMotion,tech,touristes,Lyon,363738,28,136,62.18,1929027,35.93
e7506cd8-0a3a-440d-9dd6-dd44efc437af,UrbanFit,sport,familles,Bordeaux,295080,36,220,86.52,178430,111.82
5b1e439a-4212-4570-93ff-c84bab349675,Carrefour Bio,retail,grand public,Lyon,305659,32,153,62.96,1663134,74.54
cca735ef-89d7-4f62-8f42-3e6b02030a3d,UrbanFit,santé,étudiants,Nantes,379861,23,425,55.47,346800,82.89
34055872-ed8a-42cf-96bd-8695e5e4634c,Carrefour Bio,automobile,familles,Marseille,205937,10,244,47.14,1475098,50.18
6a042934-9d30-4f65-ad52-bd1eab18951f,Fresh&Go,banque,CSP+,Toulouse,49796,21,169,95.22,1971766,127.15
1a6bb47a-9726-462a-be52-e0748f52eb90,Carrefour Bio,banque,jeunes actifs,Bordeaux,355108,22,527,75.13,2494601,47.2
69638d28-db79-42a3-8348-640744f7532c,AutoMotion,santé,CSP+,Paris,65727,5,317,95.58,66528,101.95
587202a6-e5ac-4b42-a600-3b6d1ee884aa,Bellea,retail,grand public,Marseille,340631,25,243,56.79,3395549,32.58
7725587d-e419-498e-8c7a-d59c2ef1a015,Bellea,santé,familles,Toulouse,216333,27,546,63.68,1373476,53.72
8e65747a-c988-4416-af44-cff0ce4f7867,AutoMotion,tech,étudiants,Paris,335797,37,12,49.31,1338840,69.05
ebe266e4-1813-49aa-8513-32d05a6a32c0,Carrefour Bio,santé,touristes,Nantes,168683,10,51,57.96,3309639,45.68
b343a81a-e382-41cd-a75f-334204cb00c5,Luxeor,food,familles,Paris,59574,44,211,75.11,2700926,56.65
3a5c6bf6-d98f-4128-b42d-47a17169ce67,UrbanFit,luxe,touristes,Bordeaux,257905,13,583,81.66,1094111,47.16
0cb3e929-c22a-476f-aa9b-0d43a960e83f,Maison Nova,banque,grand public,Bordeaux,217144,33,17,90.88,1942627,78.96
04341528-79b9-4b88-a634-e1424c7627eb,AutoMotion,beauté,CSP+,Marseille,372656,30,563,88.82,2175701,81.05
7c01ab7b-0f99-45af-add3-b31b21f7e547,Fresh&Go,sport,jeunes actifs,Bordeaux,5041,5,451,52.65,3025714,86.5
a39b94e1-5bd3-414b-86db-8b02b4fc1124,Luxeor,banque,grand public,Lille,391008,32,439,90.85,2465010,81.46
edc8c3a0-d602-45fa-af25-8b9b78434b28,Carrefour Bio,beauté,familles,Lyon,373916,42,284,60.75,2959002,44.31
9f0e9d36-8a09-46b9-a260-35d22301ad5a,Fresh&Go,beauté,grand public,Lyon,59098,32,333,91.6,1697284,109.59
69a88400-f3ba-4e6b-9cc4-29b41729d3df,Fresh&Go,banque,familles,Paris,13986,19,208,94.56,2198492,52.48
79a3f880-e5bd-4e98-98df-7833f4ccb404,Bellea,automobile,touristes,Bordeaux,384156,30,352,75.02,765009,116.1
fad3f34f-f9e8-497e-8b61-0a80d0dc3958,Bellea,banque,CSP+,Nantes,165263,13,568,73.43,1872785,83.81
a8337e8a-e4d0-4fdf-a7f5-f6996b5972c1,Carrefour Bio,automobile,jeunes actifs,Marseille,323170,6,113,57.63,1673888,89.38
530b42ae-afca-4ce3-9cbb-0d7ab37ed98b,AutoMotion,luxe,étudiants,Marseille,410538,11,292,77.44,1720928,68.07
6a1342a1-fa2a-4649-8ad9-22ed2c79b944,Maison Nova,retail,étudiants,Nantes,185078,14,545,78.12,1651829,95.04
efe32cc8-72bf-4457-ae97-c3e45f40f565,Maison Nova,luxe,jeunes actifs,Lille,132508,21,54,68.46,1956204,35.67
aff57c3b-7999-4a51-a706-c52676feb6ca,Fresh&Go,food,touristes,Nantes,425777,8,89,68.65,2221644,87.27
0def4300-012e-4e4c-9440-68569d6f1272,Luxeor,luxe,étudiants,Nantes,44777,26,446,79.5,56157,113.39
25cc5335-0065-4491-b8d2-a4f23fcc9951,Luxeor,santé,jeunes actifs,Paris,140780,45,582,54.13,1838768,36.89
fea5bb7e-9eed-428d-8501-82f307ba26d1,TechNova,automobile,grand public,Bordeaux,148195,44,99,68.2,3165932,75.79
555d4721-5229-4494-8767-5511af9afc4b,UrbanFit,santé,étudiants,Toulouse,391776,7,353,46.07,1206923,40.86
d76c1118-a91c-44c1-a911-5457e43159b7,Maison Nova,banque,touristes,Bordeaux,273418,18,299,83.46,1288917,58.2
16f5af6b-8fed-4b2e-9d7c-8ed782bdc758,Luxeor,banque,familles,Toulouse,263247,31,256,90.82,890905,122.75
9b506554-4ef0-4c0a-b125-30f48c5eca11,Fresh&Go,banque,touristes,Paris,387435,8,173,64.15,3049642,88.95
af782f92-4cd3-4d2a-a5e0-2b4831f15411,AutoMotion,banque,jeunes actifs,Bordeaux,389489,28,80,77.71,2700274,92.91
f2ba4a60-0f40-4867-aa38-f3b19ef505fa,Maison Nova,sport,grand public,Bordeaux,341250,29,250,63.53,536832,58.99
a907e288-3845-4d27-a369-b8d668625c4f,AutoMotion,automobile,étudiants,Marseille,130797,24,488,58.97,2394251,68.9
a0a7a4d7-c7d4-48fa-a882-6ce16b30caab,Maison Nova,tech,jeunes actifs,Bordeaux,77641,45,492,68.14,2909557,111.47
c4d06c21-4075-4460-90e7-b2d4b74d3c4d,Maison Nova,banque,jeunes actifs,Bordeaux,141740,21,231,61.97,3313201,52.78
c1cc2ad8-fad9-44d6-8060-e0cb5e75a47a,Fresh&Go,beauté,touristes,Nantes,362023,40,89,72.21,702717,120.76
653fa8a1-c452-4c87-9775-f8d746651e3c,Luxeor,automobile,jeunes actifs,Paris,82246,36,354,87.58,1510358,105.28
23e84525-296a-4483-be46-8f7dcd3ffd5b,AutoMotion,beauté,étudiants,Nantes,473067,45,445,84.98,301166,103.25
10108ed3-0c1b-4542-8db5-8aa3e489a658,UrbanFit,retail,étudiants,Nantes,487766,6,282,76.95,531293,123.9
d52cdbbb-5f8e-41c0-8710-7e143f669ec5,Luxeor,food,jeunes actifs,Marseille,136641,19,44,48.12,2203643,52.34
f52e4f96-9055-4abe-a2fa-06060da16d8b,Luxeor,automobile,grand public,Paris,461614,31,600,51.63,3296418,59.43
8239f98b-2ee1-461b-a473-ccbe77e8e710,Luxeor,sport,touristes,Toulouse,259628,17,286,51.26,1407481,81.05
d8631bc8-6167-4e9d-b18e-87d554dee114,Bellea,banque,CSP+,Marseille,242823,17,288,70.9,2424524,49.21
d4325b42-8684-4393-abff-6b9a9a6e25af,UrbanFit,luxe,grand public,Lille,179346,21,232,78.55,2142791,77.48
f8ee57a6-653f-44ed-9dbe-16a4f3526c0c,Luxeor,retail,grand public,Lyon,430152,40,185,88.32,3073577,95.06
966b5d32-e9f0-4a4d-b3a9-40a99f6c3313,Maison Nova,luxe,grand public,Lille,68932,35,19,66.66,596364,44.48
80d9fa37-40c6-4784-a816-2716a5b37be5,Fresh&Go,tech,touristes,Bordeaux,361653,16,396,97.6,2297384,143.57
78f03b2c-7ee3-491b-9067-0cd6413c00a7,TechNova,luxe,CSP+,Lille,27429,42,174,63.32,532658,69.9
34eaf5e1-2b92-43b9-8295-468f8b320f6c,AutoMotion,automobile,touristes,Marseille,269805,38,516,76.77,3208939,92.96
92be0f34-2401-4d52-b4a3-ad667c4c47b2,UrbanFit,automobile,grand public,Paris,133529,28,35,92.27,785189,102.33
8d741b89-adcf-47af-af5b-3b86fbd89260,AutoMotion,santé,CSP+,Bordeaux,407040,14,316,72.54,1864554,37.08
6db846bf-9027-4f1b-8453-04a9892ee8e1,TechNova,luxe,étudiants,Lille,181477,34,324,50.41,1618128,36.6
fdd5967b-516f-4d55-819c-dff6cac12057,Bellea,banque,étudiants,Bordeaux,179969,42,235,49.69,272880,42.59
9b658f7b-e76f-46e6-8335-70b98136d179,Luxeor,luxe,familles,Bordeaux,243913,44,370,54.33,1615895,70.8
45f3f819-d374-41db-b220-187430516e65,Luxeor,food,grand public,Lille,179289,5,503,85.33,1738613,51.39
2f0588d3-8516-4da2-ab51-faa77edfcf0c,UrbanFit,tech,étudiants,Bordeaux,362098,23,88,71.55,408377,52.4
712859c9-0268-47d1-8b43-0f8047195909,Luxeor,tech,grand public,Toulouse,46483,41,461,93.82,3236618,49.6
76f3e2ad-1a11-445d-9087-9840d040a99c,Carrefour Bio,food,touristes,Marseille,213845,22,93,54.91,368919,59.42
ce2cb2e1-3073-443e-bc4b-7ecd8e851d89,TechNova,banque,CSP+,Bordeaux,466897,15,341,85.88,3260528,127.67
3f0c9bef-a4d1-4e2f-8b65-bd7169032d31,Fresh&Go,beauté,CSP+,Paris,382794,43,437,60.17,476109,57.54
619a908a-001d-41c7-9384-d31fbe9e42c3,Maison Nova,automobile,familles,Marseille,340405,20,232,48.64,610549,75.08
d358843e-9391-44f3-9091-b14839a64254,Maison Nova,santé,étudiants,Bordeaux,83840,36,267,84.15,2882284,131.13
97a34899-7571-4336-b681-501fcdea2b61,AutoMotion,luxe,CSP+,Toulouse,74480,42,557,79.07,3231774,56.36
3f5be845-39ba-44ab-830e-78155b18d124,AutoMotion,retail,jeunes actifs,Paris,284906,7,88,68.9,1336692,65.22
54701765-fb78-4883-b02d-8097d343ab44,Maison Nova,sport,étudiants,Paris,327596,43,467,97.59,1150898,67.35
c479292a-ab33-487f-9ebb-998c8a1f220f,Bellea,food,CSP+,Toulouse,264382,32,329,93.66,1682093,150.74
704975e6-b8bf-4cc1-be06-9186bf8f625f,Fresh&Go,beauté,touristes,Toulouse,238617,34,450,95.2,434473,157.23
0057e79d-e034-441b-95ee-e0264fff2697,AutoMotion,beauté,grand public,Nantes,464494,35,133,75.49,2392117,71.63
0d9bc262-04b9-4bfe-8ade-a1cbff1f5ed7,Carrefour Bio,food,étudiants,Toulouse,214523,11,359,76.14,2625125,77.03
dd6498d1-a64c-4936-beac-22e8edbc5565,Fresh&Go,sport,étudiants,Bordeaux,369402,26,456,90.79,508536,117.92
1aefbdc7-e04f-4b4c-a33b-a3a509017b1c,Maison Nova,retail,étudiants,Bordeaux,469590,7,575,61.33,3381152,58.18
34b1f104-c626-4a53-8925-bf86a1201d86,Maison Nova,food,touristes,Nantes,299458,13,15,79.93,1946970,45.44
12e25acc-750d-47ee-9d28-7a36b893de85,Carrefour Bio,automobile,étudiants,Toulouse,54885,12,451,50.89,1557856,72.7
2a9130f6-d1b5-4df3-8c4d-ce163ceb21bb,UrbanFit,luxe,familles,Lille,452808,8,539,49.94,1601306,56.44
1a9acdff-e43c-47c8-bfce-6365b9062422,AutoMotion,tech,grand public,Toulouse,94038,37,122,46.39,2607940,78.66
3961bc58-4add-4ee7-8983-8a6c02bbcf58,Carrefour Bio,luxe,grand public,Nantes,420700,3,110,54.86,1277460,68.45
b4545f89-69bf-4631-b888-3f050c421717,Bellea,tech,étudiants,Toulouse,63843,18,538,81.05,2585712,66.39
6c35b77d-900a-41ed-99ce-39640328ed84,Maison Nova,automobile,jeunes actifs,Nantes,112816,8,497,54.27,336850,77.82
23e1d8a3-59a4-4d55-a9e4-77eef99d8306,UrbanFit,tech,étudiants,Toulouse,150380,35,95,68.83,1312269,54.89
acf8c610-77b1-4909-bb2f-e5b28e446f21,Carrefour Bio,luxe,touristes,Nantes,257403,45,410,51.02,782859,39.12
fcf91b11-909c-42fd-8355-2a595776b4ab,Bellea,banque,touristes,Lille,339524,36,139,97.88,499307,73.94
befa0335-4a49-4ae9-9537-d39004074ae6,AutoMotion,beauté,CSP+,Marseille,293194,13,224,62.34,3029091,96.98
75a9b24b-428d-4830-9967-3ad1de953144,UrbanFit,automobile,jeunes actifs,Lille,66970,6,257,95.09,518511,74.76
cfecee5a-dac0-4900-9a5b-9348f73babb2,TechNova,automobile,familles,Lille,278365,32,181,72.6,1891724,122.47
8c24622e-783a-4493-8388-e26538275b43,TechNova,luxe,touristes,Bordeaux,306525,3,20,51.76,347291,81.59
4d1d7f10-b3e2-4ad0-ba56-355c39c947b7,TechNova,luxe,touristes,Bordeaux,324596,18,403,83.81,2946063,44.13
ee34abeb-fbcc-430a-8462-840f6fc802de,Carrefour Bio,sport,CSP+,Paris,165592,9,56,97.28,2458731,149.56
cf7b910d-2d20-4341-a76b-c7c38b84705d,UrbanFit,santé,jeunes actifs,Bordeaux,233923,35,86,81.07,402121,47.08
b150f08d-ce19-4e12-9a9a-ada9b7fc82cb,Carrefour Bio,automobile,CSP+,Marseille,390958,19,556,93.35,651214,141.51
4d0f1482-0910-43f7-bd26-ad905efc3074,TechNova,luxe,grand public,Paris,122738,26,263,59.53,1018723,40.39
759dafee-60f5-4bc8-bc55-c1778772b85e,Maison Nova,sport,jeunes actifs,Lyon,390815,37,314,65.76,3293909,73.95
3f218e02-8752-4cfe-95f9-2e77a6ce58ca,Luxeor,retail,grand public,Bordeaux,221282,29,432,94.06,535502,89.61
88f592f8-87ff-455a-9303-aff9426d8475,AutoMotion,automobile,familles,Toulouse,231308,15,207,81.59,3331354,113.16
58019e9a-a0c7-4cc4-b335-3493e3e67eaf,Luxeor,beauté,grand public,Marseille,278014,8,371,55.46,1291831,27.89
bc48fa86-6c80-40dd-811a-718ef409586b,TechNova,food,familles,Marseille,202732,44,97,69.74,690883,50.19
f593001c-7135-481a-8adb-0dd93cadf3fe,AutoMotion,santé,étudiants,Lille,83029,26,298,80.53,1398205,116.09
3d535b6e-9e5d-4676-9b02-d2b7cdd92ae8,Maison Nova,automobile,familles,Lyon,251069,16,449,78.39,2472781,121.23
7a98e0fa-965b-4a6c-bd8c-74a40a6eec06,AutoMotion,sport,touristes,Toulouse,350564,5,330,56.3,3063200,30.11
a348eb95-246e-45a1-be80-4b344f497f06,Carrefour Bio,santé,grand public,Nantes,383127,37,121,79.85,1763047,127.39
27e1bf9f-ad46-45aa-a6e7-a47f943048fd,Bellea,food,jeunes actifs,Nantes,359130,5,43,90.0,481650,105.83
d132dd7e-3b57-4ea5-b939-18c32dcfdd6a,Luxeor,banque,jeunes actifs,Marseille,482147,38,518,85.82,2023826,63.35
b74f53dd-e9fe-4f0b-8043-7063a50f2dca,Luxeor,sport,CSP+,Paris,59365,16,312,51.65,2648932,82.96
9a001c7a-0086-43ef-8538-d82e462f4907,Fresh&Go,tech,touristes,Bordeaux,17872,24,283,90.33,1085990,116.46
47d3cb6a-c41e-469d-9de5-f3f6dae7c7c3,TechNova,beauté,jeunes actifs,Bordeaux,203653,15,94,86.44,1361288,104.98
5497ad35-dc5c-4eb7-886a-9826f39f02c0,TechNova,beauté,touristes,Nantes,99009,34,512,96.79,2837565,128.23
df2fb3a0-9df5-4c6b-8656-0201f7cf9882,UrbanFit,sport,CSP+,Marseille,181107,41,25,89.88,830484,114.4
a7b71f58-c6e0-4916-b414-91bcc105f28f,TechNova,santé,familles,Marseille,441665,17,145,80.66,2931141,133.26
28d01592-2df9-4e55-afea-1f13f52b9b41,Bellea,sport,CSP+,Toulouse,291370,6,277,93.44,2439082,85.28
5904a31e-cb79-4955-9e02-e7c90f921a57,Carrefour Bio,luxe,familles,Bordeaux,56944,10,577,48.52,947987,27.23
af2e96d5-3baa-4733-9fe7-4737b5c1c300,Maison Nova,santé,familles,Bordeaux,447773,30,117,79.66,2411852,77.35
cd420bdb-7ce9-4333-9796-0ffb2fa08bb1,Maison Nova,retail,CSP+,Nantes,81269,16,197,50.72,1163379,83.94
62d5c5d4-cd28-478c-a4f6-b2e6ed48ab53,Luxeor,beauté,CSP+,Nantes,6044,43,18,78.62,456264,95.63
7b425909-acb6-4778-abeb-7c268dc697f8,UrbanFit,retail,familles,Nantes,432594,22,13,54.9,3266166,40.0
d59ec207-10c9-470c-b4ba-e57e622b310d,TechNova,santé,CSP+,Lille,124390,32,312,71.74,476600,81.02
168e0037-c439-469f-9594-ad6be7d2608c,Luxeor,sport,étudiants,Nantes,77915,17,349,59.32,2502922,34.42
e22055bc-a4af-49cf-ab95-01b720034aff,Maison Nova,food,jeunes actifs,Lyon,362900,5,533,45.31,2767103,38.45
ff527496-7af2-4199-beb6-1a0faa568e17,Fresh&Go,beauté,jeunes actifs,Lyon,246283,41,496,78.52,3281399,73.74
f7369719-e153-4be2-adba-40aa050023ad,Fresh&Go,food,familles,Lille,202493,7,123,73.51,721603,83.1
d8a299cb-a82a-47b9-990d-253f105d6ce2,Maison Nova,retail,touristes,Paris,77312,20,187,53.06,1358313,82.94
33e12b2c-fa7e-491c-9512-0e1a6c2d3b32,UrbanFit,automobile,jeunes actifs,Nantes,422523,45,375,91.57,1965118,84.85
3fc60c9d-8aa2-405b-8816-99dd4508ce59,Bellea,retail,étudiants,Paris,374669,15,372,68.49,3022192,109.45
6f62d859-b7c2-4fde-98b6-1560ce6c4bdc,Bellea,retail,grand public,Toulouse,242509,19,597,47.87,2807244,65.82
3a94b9c3-a132-4885-a843-962c796d43c2,UrbanFit,sport,étudiants,Lyon,305744,24,269,85.04,1811865,88.61
d4e23ece-5bcf-4264-870f-143798dddc6e,Carrefour Bio,sport,touristes,Marseille,476441,4,322,80.24,2204783,115.06
49533d4a-34fb-4e86-9fd6-4014a23f2046,Maison Nova,sport,étudiants,Lille,203072,26,537,46.66,2301870,77.99
9619c379-ec41-4ff5-a300-3e122edee026,Fresh&Go,automobile,touristes,Lille,425676,32,546,48.06,3347122,36.39
3597ad8a-9c9e-4b27-9e85-3d478dffa507,Fresh&Go,santé,familles,Marseille,49833,13,64,86.68,2320185,105.06
c16a4acf-b1c6-46dc-9ff9-b3ce74995f05,TechNova,food,touristes,Bordeaux,333207,20,163,60.02,1285438,39.37
87ad7e60-7269-474a-87bd-ea9f9c84d508,Luxeor,retail,touristes,Toulouse,201724,19,23,74.69,2180763,44.3
ddce8305-a53f-4ba2-8816-708623ffef7d,Luxeor,automobile,familles,Lyon,413980,45,152,97.46,27943,156.32
0578919b-6231-43fb-8f7f-d48588d975c9,UrbanFit,sport,jeunes actifs,Nantes,425662,23,38,48.25,2125265,33.96
b376c53c-f36e-4426-95d6-8bfe2fd01665,Fresh&Go,beauté,CSP+,Nantes,325567,29,361,79.48,2234598,80.95
93561c9d-5f17-4406-a854-fdc9c520c842,Maison Nova,sport,familles,Nantes,50618,3,480,87.95,1022086,114.38
e2942436-03b1-4eae-9dfc-3a66f8ef3f03,Fresh&Go,tech,CSP+,Nantes,91828,21,554,70.14,2117129,65.12
114ad7f4-0f88-407b-baef-77f3a9d4ec11,TechNova,sport,étudiants,Bordeaux,245174,27,202,68.41,2169268,48.89
a431a547-9743-4283-a963-f89fecae4766,Bellea,beauté,familles,Nantes,257052,37,589,71.83,1135897,119.93
69d77f16-7799-423f-8380-578392ae4531,UrbanFit,tech,jeunes actifs,Nantes,422153,4,69,92.55,2669224,69.98
075a79c4-439b-4603-88ec-3ccb3186b2a9,Luxeor,food,jeunes actifs,Toulouse,370085,5,305,66.77,1215450,43.88
21cc3bb0-c865-4e56-9848-f0b7188170ff,AutoMotion,retail,grand public,Lyon,435398,17,438,89.82,1471875,148.11
ca0c690a-ff20-4eed-94b0-01efce4acf14,Fresh&Go,beauté,étudiants,Toulouse,18680,23,337,51.33,248921,40.49
21561b16-2a35-4e3a-b758-811681a7729b,AutoMotion,banque,familles,Lille,190189,18,237,77.73,2000645,128.34
ee3f78a1-6928-4fea-ac47-f0ef22e64e9c,Bellea,sport,grand public,Lille,369415,7,211,88.73,1171552,122.03
70925deb-473c-421a-ad65-5d8fbc0f52e4,UrbanFit,luxe,jeunes actifs,Bordeaux,390341,32,573,55.45,1062230,80.49
aa9e97f8-225c-43d7-a3e9-38dcf8550f89,UrbanFit,luxe,jeunes actifs,Paris,124650,13,109,70.5,1152114,103.55
f5b183a7-6fd8-408b-8a8a-5498f5bbe60e,AutoMotion,luxe,touristes,Paris,22536,36,97,46.5,845922,45.3
a94b88b6-cfb3-413f-b37a-a1a3680f415a,Maison Nova,sport,jeunes actifs,Bordeaux,417397,44,47,51.95,1934428,85.39
58d27c81-bb3b-4986-b0d3-c268a1c3f4a0,UrbanFit,luxe,touristes,Marseille,493537,40,258,57.23,788947,63.47
76da499c-1dff-4ea7-ba07-3306f1adbc49,AutoMotion,automobile,CSP+,Toulouse,218338,39,261,85.66,1384146,117.85
a559f63e-e069-47e4-bf32-72170f7f1204,Bellea,food,familles,Lille,323513,33,31,87.07,1672780,63.44
0dfd18b7-8519-46ce-af1c-c9cf14c8d0ce,Luxeor,food,CSP+,Marseille,413949,11,444,53.24,3261106,37.25
220b02df-b482-4321-90ec-a806b53af298,Fresh&Go,banque,étudiants,Lyon,389445,31,550,91.13,2275494,126.64
37a275ba-7b7d-4826-b291-b7a63f34878f,UrbanFit,retail,CSP+,Lille,133076,34,492,73.61,2059635,63.19
0b0474ff-b818-4673-8419-8c946d057f86,Carrefour Bio,luxe,touristes,Nantes,111842,14,93,96.98,506584,72.88
dd9f0012-7b80-4bfc-9b9d-a32520391a7d,UrbanFit,retail,étudiants,Nantes,297714,23,111,95.26,1584111,63.25
13d65c9a-ecd0-449f-84e8-1c5c9927b61a,Bellea,retail,étudiants,Lille,386915,36,538,85.99,1588013,57.36
92fe1815-641a-4d0b-b00a-72c94dd3550a,AutoMotion,automobile,familles,Lille,199457,37,238,65.94,620398,42.63
f7c5a451-0c08-445e-8855-ce0c4a907727,AutoMotion,santé,CSP+,Paris,51367,34,321,69.46,3211466,43.72
ad38004a-516a-4c53-955f-28ab9452d336,Bellea,beauté,familles,Marseille,441573,7,113,85.76,3074324,115.94
488e024b-cdaa-4618-b2a4-bf9e806b464c,TechNova,automobile,CSP+,Paris,440420,34,575,71.97,708315,85.07
683000ba-25c9-4469-a3f4-0823ead70113,Fresh&Go,beauté,touristes,Paris,13982,26,311,70.3,2887162,101.19
86192090-2254-4285-a297-4a181b49d3ac,Luxeor,santé,touristes,Bordeaux,20338,42,199,72.17,776474,102.61
8d526156-0c54-4124-a5be-79ce6d4fcba3,TechNova,food,étudiants,Marseille,225188,13,556,95.05,648349,75.45
0336a098-83b3-4e33-8c9a-b6524d4c6522,Bellea,beauté,familles,Toulouse,422102,35,376,74.75,1055915,60.88
5bda2dc4-7c33-41ea-a087-298f828d130e,UrbanFit,santé,touristes,Nantes,336588,45,263,87.21,211346,127.7
d34e0070-6ab8-485c-b513-2031245f9cb0,TechNova,luxe,grand public,Lille,196842,14,396,82.43,1912239,87.03
e7b907a1-3ca2-49bb-86e0-63d54f83bd45,Carrefour Bio,retail,étudiants,Paris,395858,18,417,49.95,2598834,73.37
29b06655-380f-40ab-b543-6acc42e43c30,Fresh&Go,beauté,familles,Toulouse,258122,12,200,60.47,2909662,33.75
5d0c338c-6ff0-4adc-8d17-d9c5976ee281,TechNova,luxe,jeunes actifs,Marseille,56027,41,278,55.53,522630,38.55
3f0dbbc9-e990-410f-a6c2-66e54fa7b247,Maison Nova,automobile,étudiants,Toulouse,11456,21,232,85.39,67239,44.88
0bdfdcc2-3a19-4a39-a267-3236f92eacf0,Luxeor,retail,étudiants,Toulouse,144070,38,327,96.77,140296,53.06
482c20fb-e00d-44d9-b9a0-463ca67d6b37,Carrefour Bio,food,étudiants,Lyon,47087,14,275,75.15,447534,43.65
ca624210-44f1-4870-b523-d24a32b5a478,TechNova,retail,CSP+,Lyon,287374,37,143,66.49,2164039,83.9
81179a60-dda7-410b-b288-7b215ce425a5,Maison Nova,retail,jeunes actifs,Nantes,449917,45,519,60.22,2464671,37.35
58a5e2d6-359c-4d6f-a556-be2896449f1a,AutoMotion,food,touristes,Bordeaux,491261,10,91,90.3,2909295,139.62
c60a95f9-d5a2-43ca-8213-ec7271a83d4a,TechNova,retail,grand public,Lyon,129821,5,275,94.47,3004280,99.32
bd75423f-1c69-476c-ac0c-64bcf7ed4d39,Bellea,tech,touristes,Marseille,363509,43,548,56.66,2312593,61.88
8b79e81b-f700-4525-853d-f5de20aab1c7,Luxeor,santé,grand public,Lyon,378441,36,162,81.01,2187191,78.81
4a36a3f1-f799-4ab2-a044-3bfe9f52e82f,Luxeor,tech,étudiants,Lille,264401,30,541,71.52,1101707,39.74
836ac052-d6a9-4f45-9952-c5ad00fdeece,Luxeor,beauté,touristes,Bordeaux,80804,35,503,54.98,3249588,47.82
6d6c4ed1-f199-4af3-968b-42c20b4a54eb,Bellea,sport,étudiants,Bordeaux,219334,4,40,71.69,3442100,97.41
d8dae0ae-3581-4c80-816e-a431691d5ffa,Luxeor,luxe,CSP+,Lille,458057,39,31,50.49,3036016,84.52
5ad074b3-454b-4254-b62e-7abea1438cb2,Maison Nova,luxe,étudiants,Paris,286173,23,495,83.22,1405667,96.34
6c3c4afd-fdad-454a-99dc-2ab72cce5082,Luxeor,retail,touristes,Lyon,214627,19,562,94.37,3418321,125.43
5602d8bd-787e-4a0e-90c1-c823b95f2e02,Carrefour Bio,luxe,jeunes actifs,Toulouse,254675,45,316,65.75,3079207,93.53
49e537f9-bff3-4e0e-ad4a-eb9b7a19f772,Maison Nova,automobile,étudiants,Toulouse,185420,4,89,57.13,887425,91.22
6c504224-598b-4161-8f7a-5d19cfe0937b,Maison Nova,automobile,CSP+,Nantes,270853,16,250,58.14,2534615,43.37
0fa00761-ddb3-4dc8-8198-7f4718be35ea,AutoMotion,beauté,CSP+,Nantes,187177,5,347,70.05,879117,60.35
934eadd8-9b0b-4be8-a103-3d2a378be412,TechNova,automobile,touristes,Bordeaux,264297,6,89,88.58,772511,58.01
bd471e4b-0230-4ae6-a0c4-71cae346a651,UrbanFit,tech,CSP+,Lyon,31190,16,221,93.61,583370,112.06
cb689d2a-14be-4176-8c1c-3730eb5a7444,Luxeor,banque,jeunes actifs,Lyon,447505,31,407,64.45,2119241,51.62
d093bc6d-439b-43e8-9a34-ae9fc67b0f0f,UrbanFit,tech,grand public,Lille,121142,18,48,92.39,1305988,139.41
177a22b3-b991-4b30-86ac-8e36843de4cb,Maison Nova,luxe,CSP+,Nantes,363019,16,296,66.79,2778082,68.99
37b93748-4fdd-4355-bf70-f38fa2f80ebd,Luxeor,beauté,étudiants,Marseille,98553,32,196,76.78,229210,96.11
d69ffa68-623b-4244-8675-2c2985c44bf3,Carrefour Bio,automobile,familles,Marseille,10013,24,95,86.0,744143,136.11
b5282e88-e287-4d12-83a0-2456dbdea944,Maison Nova,retail,familles,Lille,340570,38,434,76.89,2400610,104.79
1ea286d9-3f14-45ba-a0b1-82d7d39f7a0f,Luxeor,tech,étudiants,Bordeaux,115851,25,89,71.04,1386021,110.78
ce270908-b65f-4701-846d-805dcdb04e5b,UrbanFit,beauté,jeunes actifs,Marseille,196109,29,380,50.07,2567765,64.95
73ed7c56-e43e-4a70-b176-e5e098adf250,Luxeor,food,CSP+,Lille,473919,45,208,86.82,1792325,114.54
6e1dd3d5-fb87-40a2-b900-39439d8778dd,Maison Nova,food,familles,Lyon,336046,4,544,73.05,1294181,81.03
af337df4-67ca-421c-b850-c1c0cebaecd8,Carrefour Bio,sport,familles,Marseille,334088,14,593,45.58,3095958,24.06
e721279a-378f-4b57-a75a-eb1c20d31631,UrbanFit,santé,touristes,Nantes,254228,29,477,71.53,1192222,107.69
3ef6140a-0aa8-4b05-8335-39bc64f7d1ea,Luxeor,banque,grand public,Lyon,118033,17,208,53.42,2561589,33.26
3a5a6279-e993-4a8f-be8d-1398f9457968,Carrefour Bio,santé,étudiants,Bordeaux,347761,10,263,51.08,2440625,62.9
5e09fdb2-d60a-4111-be71-4fc20ae9249c,Fresh&Go,food,touristes,Paris,462008,22,326,74.13,1521339,64.6
c079551f-479c-4004-98dc-56b259d4071e,Fresh&Go,retail,étudiants,Paris,357959,7,582,63.69,2976288,34.67
ddac14fd-cf03-45dc-bad3-270be41d53cd,Carrefour Bio,santé,CSP+,Nantes,380952,26,357,79.52,1748910,132.2
2f0201e0-b45d-4d0a-8fb1-85f994da55e9,Fresh&Go,food,touristes,Nantes,90632,16,241,94.17,1119236,122.09
a533f59a-117b-4367-8d0e-3d0ecbbe5229,TechNova,tech,jeunes actifs,Nantes,403717,30,254,56.65,293438,40.6
e4938e49-6e8a-4923-a524-fc746f7afc37,Carrefour Bio,beauté,grand public,Nantes,168664,42,286,88.33,1862748,81.83
83771f12-3106-414a-9e36-be048686aad2,Bellea,retail,touristes,Toulouse,270799,32,166,67.83,940045,68.26
4e3f250d-34d1-482c-8af7-79ea1dcfb6c1,AutoMotion,food,familles,Lyon,271312,28,27,58.89,1362183,61.45
b45d6469-dab4-4f88-92b5-a3378afec1c8,Luxeor,sport,CSP+,Toulouse,171731,8,440,63.27,2740510,32.93
9453fb97-01c0-4f84-8481-77f32de1d7b1,AutoMotion,beauté,CSP+,Paris,297094,21,292,45.57,1702356,39.24
9b3ccd20-da02-44fe-bc05-f1799157a185,AutoMotion,luxe,familles,Nantes,52174,37,82,76.61,1683865,60.95
4be3e220-c3df-4241-816d-68824fc2e66b,Luxeor,santé,familles,Lille,428966,26,33,89.74,589526,121.55
eae24e7f-8841-4d41-92fe-eb293610a8da,Bellea,automobile,touristes,Nantes,10343,27,281,72.34,685041,118.53
74146dd2-b1d3-41c5-a117-c8936d1c63f4,Bellea,luxe,grand public,Nantes,203034,5,359,84.67,1255069,136.53
df07bad3-a8eb-4c0a-bf98-b11fd3e91623,Carrefour Bio,banque,étudiants,Paris,438754,42,592,95.0,2774976,104.98
cd2c8d13-c9b3-4b45-bb3a-2bd76df70774,TechNova,food,étudiants,Paris,299155,14,153,56.44,1090228,31.06
8e51bcdc-3dae-4281-9186-11ef006d8ef1,Bellea,retail,étudiants,Lyon,358100,25,374,57.09,3306162,65.85
8d378b6e-ff66-4a66-91aa-8ca55309b477,UrbanFit,sport,grand public,Paris,376623,16,103,52.16,557714,48.24
d99fc71b-e90a-4afb-99e1-7daad52d79d9,Carrefour Bio,sport,grand public,Lyon,136086,17,295,74.9,1364819,71.11
a9fbc62b-84ce-4ce4-beb9-dbdd681e0ca4,UrbanFit,automobile,jeunes actifs,Bordeaux,212217,7,261,59.33,2158008,58.67
b7d346d7-6d62-4ccd-b574-ce9f82d66365,Maison Nova,food,CSP+,Toulouse,287466,44,598,45.32,2325692,47.23
22d86a35-e5e7-49dc-97d4-50e83cb59eeb,Fresh&Go,food,étudiants,Paris,356938,3,84,86.55,3176835,53.75
fe7260aa-5803-4815-8981-fa9d0dfdfb0a,UrbanFit,sport,CSP+,Lyon,174538,5,56,51.18,3492673,30.16
dbd7b8a2-5f4d-4310-a760-ee9a1057fe69,Carrefour Bio,food,touristes,Nantes,390616,18,430,49.8,1644890,61.09
5e366106-bc03-4ee1-b84c-f180b0b1c399,AutoMotion,luxe,CSP+,Lille,364267,15,379,75.1,3185037,119.25
8bdc52ea-bb51-4856-9d58-55fda5d4839c,UrbanFit,food,étudiants,Paris,331199,26,564,49.23,3205388,49.15
9912f05c-9b83-41f6-be9b-8eedf02e73ef,Bellea,food,CSP+,Paris,361341,12,348,90.37,1437697,103.75
c691f3a7-7725-43ef-b778-94404efe90b6,UrbanFit,santé,CSP+,Bordeaux,365044,6,64,54.77,3203387,70.35
d0e9d668-4a12-499d-92c5-80a9fd657aca,Carrefour Bio,santé,touristes,Lille,257792,21,198,83.5,1331665,136.37
ace21c53-028a-4790-9694-0d4f68a0cfd7,Luxeor,beauté,grand public,Lyon,131889,33,62,68.9,3124118,56.46
d3c852b5-7903-450d-9013-f7b325b92e5b,Fresh&Go,sport,familles,Bordeaux,315520,22,458,85.23,234642,142.94
7ac11daa-f792-4d5c-bf22-b2e62bc751ba,Carrefour Bio,tech,familles,Marseille,41135,38,263,96.58,522602,83.43
52b80697-93f2-40ed-b2cf-b00ea56fa1c3,Fresh&Go,tech,CSP+,Marseille,337975,7,398,71.84,2672672,112.8
a7f16b6e-2a52-4cec-8197-1bb178d1a55b,UrbanFit,automobile,CSP+,Paris,375615,36,246,78.41,522703,78.62
515b8534-45b3-482d-ae87-5ef971cb8ece,Bellea,banque,grand public,Lille,338762,21,454,65.97,719594,59.03
2667ce5d-36fb-4243-8ca1-b0e272ff27e2,Carrefour Bio,sport,étudiants,Lille,246245,12,594,92.94,2483632,46.73
9fb3e047-1136-4d94-b8a2-3a4d44b139ee,TechNova,luxe,familles,Nantes,410994,5,70,81.61,1466235,61.12
99438000-2236-4418-bb83-1d027f6470e1,AutoMotion,sport,touristes,Lyon,424940,44,62,59.33,3015241,67.61
6982360a-8a01-4de0-b58c-e78bab0acb4c,TechNova,automobile,CSP+,Paris,148776,6,478,83.39,3411311,111.85
2e543d75-6b97-4227-a8f8-106ae2dac242,Bellea,automobile,étudiants,Nantes,187742,31,574,57.97,541523,76.28
2cd0a4db-f301-4f1f-9fc1-aa2671248c51,Maison Nova,banque,jeunes actifs,Lyon,38941,25,364,97.25,1151074,91.39
5e0796c0-d764-4105-9e20-65b3b2fac7d1,Luxeor,retail,grand public,Bordeaux,474246,37,242,70.01,3047690,75.18
1b25bff1-9222-4b3c-9099-b939cd83095a,Luxeor,luxe,familles,Paris,109028,41,536,67.81,807765,79.6
b0a73be0-593f-4474-8060-dd2a4c55b311,AutoMotion,retail,jeunes actifs,Lille,182102,45,522,90.97,1013290,142.14
5da2a323-ae63-4904-aa71-81f944659e91,Bellea,retail,grand public,Nantes,177422,5,152,47.12,1739648,56.3
df91faa3-cc49-492b-a534-4391a7aaf767,Bellea,sport,jeunes actifs,Marseille,469244,12,285,86.39,2146592,73.36
c744c5c0-5efa-47d7-88bf-a3d5c51bb1bb,Luxeor,retail,familles,Bordeaux,274818,13,151,54.44,2051704,69.34
dcebb641-4ad0-4ed4-bca0-302ea6e01577,AutoMotion,beauté,familles,Bordeaux,48753,7,297,71.75,999453,41.72
44d7bd2f-b91e-4146-91d1-74ce99d9234d,Maison Nova,tech,grand public,Nantes,393125,40,496,58.77,2718350,77.46
b98bf3dd-2762-4e96-8b2c-12ca5dbe7484,AutoMotion,tech,CSP+,Lyon,246313,17,434,68.27,3235778,99.52
15a5939d-08ad-43e3-9b1f-fc781a8cbece,AutoMotion,sport,grand public,Nantes,23066,45,162,48.39,731052,78.9
a24dfec1-65d2-4738-a740-1849d148a5f4,UrbanFit,tech,touristes,Bordeaux,162127,28,108,74.12,1626946,113.37
3157fd8e-c410-4d91-8c1c-3f195e6e184a,Fresh&Go,food,familles,Lyon,70041,10,527,61.41,3293580,40.54
57449974-dc3c-494f-9a52-c75cf6ec6ce8,AutoMotion,santé,familles,Lille,263425,30,352,75.41,3165493,116.86
db10b6bb-b8ab-46f3-8aea-ff2edda5d69b,Carrefour Bio,retail,CSP+,Lyon,341937,42,236,66.39,2787865,84.28
60eeb35b-de99-4499-95f7-8063b2648e1f,Fresh&Go,automobile,grand public,Nantes,437179,38,401,75.77,325660,105.87
d7094b6f-a85a-464e-9d0c-034786a99277,Maison Nova,food,jeunes actifs,Lyon,413980,43,329,84.56,749660,92.92
77f687d1-4cde-4f14-ab49-d036d2139375,Fresh&Go,food,étudiants,Toulouse,198777,45,286,49.47,782941,43.5
a7c6ed03-bcb8-47f0-be53-c99b35354f9f,Fresh&Go,banque,familles,Nantes,290448,29,343,94.4,116766,72.66
81809823-f0f3-4baf-b04c-c2da804604b0,Carrefour Bio,banque,CSP+,Lyon,398235,12,468,53.27,757850,34.79
1630585d-9647-4cbe-8621-190a2234be28,Carrefour Bio,beauté,CSP+,Marseille,148690,17,214,49.54,710916,76.72
b154b08e-6072-4b65-9904-01962cf833a0,AutoMotion,retail,grand public,Lille,324073,31,475,75.3,457010,103.1
77cb9313-e15a-4cc2-aaae-7aa6aeddc50f,Fresh&Go,luxe,jeunes actifs,Marseille,361655,35,434,50.83,1071832,85.87
a1420204-d0e5-4f28-ba36-29593b834205,UrbanFit,tech,touristes,Toulouse,235097,37,515,94.33,1123299,119.68
0d2186cf-c0df-4dd8-a242-4ddb0eca1642,Fresh&Go,banque,étudiants,Lille,452048,15,446,47.31,1355967,29.64
7202d3d4-aa25-48a4-aaca-891d1da96a67,Maison Nova,sport,CSP+,Nantes,387031,28,64,88.68,2452628,146.54
1670911f-6f44-480d-98b1-4716cbd4eaca,Bellea,tech,jeunes actifs,Toulouse,96228,10,20,75.64,556186,106.78
d81bec60-a998-4be9-b300-84faf4f0d7bf,AutoMotion,banque,CSP+,Lyon,119805,29,598,55.81,1357981,58.21
5477d678-00f7-4060-b4a7-41c831c6fd3b,Fresh&Go,retail,grand public,Paris,147895,31,449,59.57,903266,44.63
87cc96a1-7f52-41ca-a252-fc5ba5dd7e6f,Maison Nova,banque,jeunes actifs,Paris,17437,38,175,87.4,1061511,139.72
a9b9424e-6d00-4d3c-8742-4233c80ec82b,Bellea,santé,CSP+,Marseille,204701,9,501,73.72,309502,117.8
3d294f90-19ab-4381-be29-330aa69e8f4e,Maison Nova,tech,jeunes actifs,Marseille,245527,39,488,64.49,629143,80.91
8d37c10a-7e6d-4d18-9f13-667e2a1bd2aa,AutoMotion,tech,jeunes actifs,Nantes,478915,34,145,66.36,2366607,88.34
c6fac353-40a0-4ec4-a97c-be8e2ee5e671,Fresh&Go,automobile,grand public,Marseille,159463,10,273,57.35,58873,40.44
d8a5cd73-d4c0-4faa-b263-dcbea73894b0,Maison Nova,tech,grand public,Bordeaux,304325,25,450,70.72,1810221,82.52
71772a04-67f6-4ac3-81f0-f1ca11879c9d,Carrefour Bio,tech,touristes,Bordeaux,62264,21,217,74.7,1226234,77.76
c58dc58b-cfaf-441e-9d4d-464ee308ec08,AutoMotion,sport,touristes,Marseille,294613,14,384,85.19,74830,50.74
ba3ed8ec-fa11-40a9-8b29-81398e7dc05f,Carrefour Bio,retail,étudiants,Lyon,347441,22,548,71.61,116942,114.01
1ee3b9fb-efce-4798-9ee4-f5b97d7f5e70,Luxeor,retail,étudiants,Lyon,98092,21,262,94.36,996603,143.44
41300cfa-526e-433a-b320-29987674cbce,AutoMotion,beauté,jeunes actifs,Toulouse,289123,41,401,79.27,3464708,64.15
bce1a5ad-ab8b-4696-b911-2260240d5c73,Bellea,food,étudiants,Bordeaux,133143,13,540,59.04,993243,62.35
2a250025-a703-491b-a225-eb02e3e51a0b,UrbanFit,beauté,touristes,Nantes,102196,16,443,60.68,1184551,30.83
ad26cbe7-6600-4b87-8eed-2f00ce8cadbe,Fresh&Go,food,familles,Toulouse,78191,26,133,67.19,1532984,73.32
33e4a09e-916b-4b52-a833-769d6286d492,Fresh&Go,tech,familles,Nantes,15348,41,247,53.0,3446191,80.81
09b837f8-6451-4451-a4f6-37f4d773367a,TechNova,automobile,CSP+,Toulouse,23919,14,357,65.24,2170913,89.81
7c37a83d-8669-4685-a82d-d236a67e6dd4,TechNova,retail,touristes,Marseille,247977,34,52,73.74,1492938,122.82
c37d8497-cfae-4780-9c0d-9e417a9e2167,Bellea,food,CSP+,Nantes,18794,7,139,77.78,1359312,46.31
bdeab314-5d74-4a9c-922d-89e37b335ac1,TechNova,automobile,touristes,Nantes,409084,19,388,55.33,1936835,28.52
75251c5a-7439-4938-aa75-4ac5f1fa2ef9,UrbanFit,retail,touristes,Marseille,145501,13,371,75.62,3343519,52.24
3cad33a0-6604-46d2-98a2-b4217c2a5640,Fresh&Go,tech,CSP+,Bordeaux,169010,17,71,81.68,273575,102.64
57bc5fbe-a1c0-4da5-9226-5fe4bd028cca,Fresh&Go,sport,grand public,Paris,352574,17,279,92.56,2696844,147.1
7ddcc1dd-7d73-4dee-9fe4-2f578393e404,TechNova,retail,jeunes actifs,Toulouse,199514,7,113,85.24,2814653,62.99
6a9beba6-96b9-4c93-827c-371461840500,Fresh&Go,banque,familles,Bordeaux,375016,32,583,52.28,2116693,47.35
7e10723f-8284-47d2-9396-6f4cdd0cce7e,UrbanFit,banque,étudiants,Lille,188671,21,566,84.81,2216260,75.54
5df62427-e5f0-4c04-a1eb-86f47d08a7d8,UrbanFit,banque,grand public,Toulouse,25525,11,537,97.81,1725299,98.94
b9b98366-b836-451b-9690-5df584a78e9a,Bellea,luxe,CSP+,Lille,168533,4,554,67.94,2554031,66.67
0bac4d74-ce42-4f4d-a585-3b8be1228e11,AutoMotion,tech,familles,Toulouse,17864,29,47,53.65,2732464,80.26
8dc15ae2-6d72-4605-bdb7-10c6c148f9a1,Luxeor,luxe,familles,Lyon,193462,10,468,49.77,1311809,30.04
30db99b1-6918-4cbd-869a-534c8bc6b7ad,UrbanFit,retail,touristes,Bordeaux,147688,36,381,53.62,1252083,43.67
f695e065-21dd-4279-ac74-dc4eab924de6,Fresh&Go,tech,familles,Marseille,487381,23,375,48.3,645322,80.72
f107aa0e-b5b2-4972-9320-d4fa5c1cf593,Fresh&Go,luxe,étudiants,Lille,87312,15,499,48.83,800786,55.72
cd31357a-e207-4e65-b5fe-6975cbc1f17b,Maison Nova,automobile,grand public,Lille,230814,34,156,78.37,1712777,77.34
bfbbc1cd-a062-448c-8047-4f4eff581975,UrbanFit,retail,grand public,Paris,332701,44,376,77.18,2154594,119.55
1ea9cb27-8e7c-4045-a40e-66c8f80d92ec,UrbanFit,beauté,étudiants,Paris,280118,44,249,50.35,2565057,39.99
803a12d9-3c62-40f3-b3ae-f94e2a92c595,AutoMotion,luxe,touristes,Toulouse,412434,17,513,70.49,27838,118.07
8af7fc7b-b722-439f-b0d8-c2550be0e30f,Bellea,automobile,grand public,Lille,172715,27,416,77.25,2244188,128.86
841de706-f3c7-4daa-a210-c43555dd7d5f,UrbanFit,sport,jeunes actifs,Toulouse,263234,4,227,59.07,1437859,72.29
06754230-9f99-4478-a781-b87e2511d1ab,Fresh&Go,banque,familles,Lyon,336200,16,492,65.6,1449360,54.04
506147e1-463f-4832-8f74-1ca8a225b973,Carrefour Bio,sport,étudiants,Toulouse,389866,18,407,59.87,3054524,91.56
6501a3cc-5459-4e74-ab74-853260cf211f,Maison Nova,beauté,jeunes actifs,Lille,77077,4,18,57.99,592096,32.32
31e235df-9827-4e1f-98e0-1db958a2351c,Bellea,automobile,CSP+,Marseille,432598,44,578,97.44,1195397,68.64
4c2098f7-3726-4240-8ce6-dbdfc6fee43c,TechNova,tech,étudiants,Lille,93831,39,509,87.86,302190,74.09
b987d268-b126-46ce-841b-d0b590126458,UrbanFit,banque,touristes,Bordeaux,392172,29,299,88.22,1241882,125.44
d7b1f017-bfee-4805-be26-70bd183e851d,Fresh&Go,retail,CSP+,Lyon,54077,33,491,95.52,2414052,90.07
f2d5a430-f2bf-4a6a-8f96-3dc536f4b933,Carrefour Bio,santé,familles,Paris,228058,14,71,63.14,1001758,37.4
18c24b47-b8bf-4992-8e8c-2df303ff642c,Luxeor,food,familles,Paris,384975,12,86,55.04,1225457,74.83
9161642e-6685-4c10-b8a3-06fb2ac22fc1,TechNova,tech,CSP+,Lyon,435413,18,254,59.03,1146193,58.2
52b5b11d-ab3a-4516-8b16-9f1f3fe66385,UrbanFit,tech,étudiants,Toulouse,396517,13,562,62.79,3462192,72.07
4ec2bc54-a95f-47c6-a23d-6d72b5dbd850,TechNova,banque,jeunes actifs,Toulouse,55378,5,533,58.01,3217968,59.8
14b46f34-80cd-4ad5-ae3e-76ee003a5972,TechNova,beauté,grand public,Lyon,355943,36,23,57.86,2745596,48.13
e782d2d7-c51f-4be0-b4f9-422fadeb5d4d,Luxeor,sport,touristes,Bordeaux,446957,22,196,45.62,3330617,51.01
ef5626d1-55ac-4bed-b5df-25f74fca71ed,Carrefour Bio,luxe,étudiants,Marseille,474433,12,364,86.25,2857914,135.9
7d66dc6e-d500-4fcf-865a-280bd1604194,AutoMotion,beauté,étudiants,Bordeaux,202008,29,309,67.44,1372651,100.89
09e5331e-7f78-446d-8b36-e9c945bce59f,AutoMotion,food,grand public,Toulouse,434095,18,416,47.27,186577,74.04
98cfff1a-38cb-4bc5-81fb-0b6a7ec0df0a,UrbanFit,sport,familles,Marseille,154813,34,242,95.57,1995160,103.74
dc911dce-5958-4a42-8279-852fcce0a3d6,Bellea,beauté,CSP+,Toulouse,44534,15,508,88.58,2076512,150.47
45d3bab6-f7f2-4d18-81d4-4fd20363e712,Luxeor,automobile,étudiants,Lille,104641,41,349,89.33,3417296,123.68
0576d1c2-d456-4820-b2ca-3eefb0908f9d,Maison Nova,sport,familles,Toulouse,348181,19,206,89.33,1717211,123.7
b8fd815b-4a1b-47f9-8f07-5484fc3b8df6,Maison Nova,beauté,familles,Paris,133376,6,339,60.04,897332,43.84
8192bd55-c023-4e19-814e-3a20758cbebc,Maison Nova,banque,touristes,Nantes,80868,14,200,86.42,3235781,146.22
f3d989b9-3008-4aab-9d9d-d8e73f2aa8a6,Maison Nova,retail,jeunes actifs,Bordeaux,45405,23,84,95.33,1957097,49.71
25c490de-99c7-4254-af5d-7cee6665e027,Maison Nova,sport,familles,Paris,294762,30,95,67.17,1281182,58.74
bb004cc9-69f2-4bf7-b726-9cb850a4d565,Carrefour Bio,luxe,familles,Marseille,390645,13,48,83.24,1785577,63.12
995034a8-1580-4b2c-b15b-839b081caf37,Maison Nova,retail,touristes,Paris,179265,3,252,81.28,425840,93.38
a885de89-81b9-4652-99bb-2bc0bf934ff7,Luxeor,automobile,étudiants,Lyon,387305,38,106,88.6,460314,101.84
42f5799d-b7ed-418f-aa0f-ec673b484dfd,Carrefour Bio,sport,grand public,Lyon,213533,13,114,74.5,2466468,75.22
27a57b21-8444-4c41-a207-6c4aecdf1860,AutoMotion,beauté,jeunes actifs,Toulouse,205583,3,76,86.61,586367,135.39
d7fdbf10-d2a6-4de2-9e8d-fd08ff002e05,Maison Nova,tech,étudiants,Toulouse,325815,42,578,72.2,2035077,57.05
240a77c1-b721-4220-9a44-edfd12dce5ce,Fresh&Go,banque,touristes,Toulouse,206796,5,279,60.08,1771742,59.01
76620ab0-a8d0-4a37-b404-1d99ea579222,TechNova,santé,grand public,Paris,306024,36,328,96.77,2139597,102.89
f6e0eae8-ea93-4f48-81ce-6e55bfc4d14b,UrbanFit,retail,étudiants,Nantes,417383,33,362,60.26,3241173,50.71
b70a0f28-0eb7-48df-aa93-58d74169760e,Maison Nova,banque,CSP+,Paris,122115,38,158,60.86,65688,90.06
f22a3c35-9872-424e-ab27-023823c45f18,Maison Nova,food,CSP+,Lyon,365885,33,72,73.31,2594161,87.3
46a05388-ef8b-4677-b115-37c9830f7289,AutoMotion,luxe,étudiants,Paris,475852,6,123,54.78,803931,77.13
fa28cdfc-dd74-4c44-acf2-682c269c302f,Carrefour Bio,automobile,grand public,Paris,203767,22,519,96.42,2287394,140.55
5b281ec3-d32c-4355-9d0e-9e34139007c7,TechNova,sport,touristes,Marseille,397956,24,30,57.0,1857630,49.09
84c70ec8-4560-4f9d-8489-31cf1633c13f,Maison Nova,food,familles,Toulouse,448443,13,103,49.82,55543,35.93
118ea25a-e93c-4ec7-b04d-6581fd530bc2,Maison Nova,tech,touristes,Paris,45705,18,43,75.1,1578971,81.22
f7d9a817-8983-4b1c-b7ba-7c39d26bf874,UrbanFit,automobile,CSP+,Lille,401760,35,310,93.33,650509,94.54
97f08bb2-9492-4b14-9fcb-01dc6fcf0a8d,Fresh&Go,tech,jeunes actifs,Paris,146022,41,51,45.33,2451833,54.48
d60a7599-243e-4d37-9618-ec15f2c14e2f,TechNova,food,étudiants,Marseille,449778,5,231,90.2,2475695,127.61
ddf0227f-e2f6-4a5c-9d70-7d3a4031deb3,Luxeor,retail,grand public,Bordeaux,208342,33,511,80.2,1307164,88.74
9d36de9e-cb24-4b37-86e1-cef23d937566,Maison Nova,retail,grand public,Paris,94426,7,225,74.6,3259979,121.3
5581e832-2a2f-460a-90c6-b6bebd9502d0,Luxeor,luxe,familles,Marseille,190934,14,370,72.92,1547709,113.55
b9fcb3e4-0a3f-45cf-a228-b5cf57cd548b,Bellea,luxe,touristes,Lyon,372956,31,297,63.7,2239920,99.67
62a1f6fc-0d3b-4035-89c5-837523cd3654,AutoMotion,luxe,jeunes actifs,Bordeaux,50858,4,244,56.3,676459,56.92
50f85723-69aa-4fa4-977b-94b2f39b16c4,UrbanFit,banque,jeunes actifs,Marseille,356179,24,304,50.1,408993,52.54
3eecec52-d7f7-4b47-8463-fef3d58648ef,TechNova,tech,étudiants,Bordeaux,187077,45,532,69.91,360595,43.58
31601c40-9385-4b9b-8b68-7a03c814d12f,Bellea,food,touristes,Marseille,274122,25,436,69.19,1905796,49.62
ebc42e91-68ec-4473-8310-15e8b3925112,Bellea,luxe,touristes,Nantes,331691,33,315,61.93,2150004,67.75
87e15ce9-7820-468e-a4a1-dfc5991f49c6,Luxeor,retail,CSP+,Paris,295639,34,157,87.53,2184377,120.43
e61da4ad-cbd4-426b-889d-e044fe1f10a8,Luxeor,banque,jeunes actifs,Bordeaux,208529,3,544,69.49,1296771,72.73
41c59cc5-3fb7-4ada-b78f-2440c7dd89db,Maison Nova,food,CSP+,Bordeaux,487076,37,116,54.71,2162758,84.79
a3b45c47-36bb-41bb-ae31-9c66e6291676,Maison Nova,sport,grand public,Marseille,286926,8,230,86.14,2787059,116.66
49bd88bd-5d6e-4256-894d-c946e774ab47,Bellea,tech,familles,Lyon,19937,43,478,74.02,3318128,52.92
70e1ee49-b250-448e-b157-240d005765cc,AutoMotion,retail,CSP+,Lille,80514,36,577,73.85,434934,109.87
76a0dacf-10cd-4c12-a745-fc90e79cd5ba,AutoMotion,food,CSP+,Bordeaux,458742,44,555,77.38,1642250,121.93
52ec40bd-5c4d-46bf-b935-00b83eb8730b,Luxeor,sport,étudiants,Marseille,354043,12,116,89.31,3438623,60.3
f325e3be-29e3-4f23-aa28-9bdc31326e98,Bellea,santé,touristes,Paris,391993,7,579,60.22,1442181,79.75
9f484ea9-cab3-4412-b8f0-e4158617c1f9,TechNova,automobile,touristes,Lyon,122086,12,280,54.07,79721,76.09
f5166e64-5b87-47ef-b684-170f112db99e,Luxeor,automobile,CSP+,Paris,218590,33,191,78.33,379866,102.33
fc73b72b-88b2-4752-8667-0428eff6a42b,Fresh&Go,sport,touristes,Toulouse,371587,9,397,90.84,3220630,68.29
012a34d5-8b3a-4522-bd0a-c310d8143190,AutoMotion,automobile,touristes,Lille,129622,3,250,95.7,2931111,150.74
079e3f9b-70c7-4973-a560-d4137748a668,Bellea,banque,grand public,Paris,253011,8,394,88.67,2216401,70.93
a117a46f-6763-4a2d-98d7-443fb50c7b8d,TechNova,beauté,grand public,Bordeaux,400938,19,540,66.86,2265263,41.46
6875b8cc-c306-458c-84e9-99d831c8700c,Fresh&Go,automobile,grand public,Toulouse,422609,11,546,69.48,74735,41.14
865df1e2-f090-48ac-817e-01624f092f8d,Fresh&Go,retail,familles,Paris,309876,8,90,91.37,2814689,121.03
cdc7ad55-0da0-489b-9049-904cfd869ecb,UrbanFit,banque,touristes,Paris,295134,38,79,89.78,1955112,119.0
ebae606b-1faa-4ae6-a9f1-5abe1e1911db,Fresh&Go,retail,étudiants,Nantes,330121,43,405,97.03,244487,75.26
ea097393-4c45-4c41-8c35-b2c0967c336e,UrbanFit,sport,grand public,Toulouse,425650,44,37,95.02,2152796,149.07
5d7730eb-fd54-4f4d-b656-3b45e0606905,Luxeor,beauté,CSP+,Lille,82808,14,472,81.83,1612498,117.19
248a23f6-fdfe-4d7f-a3f7-7ae6bb83983d,Maison Nova,food,grand public,Toulouse,24545,32,453,47.1,3246920,62.99
bbe2c957-bf00-4b28-8ab4-5a26bb9f0b17,Maison Nova,tech,CSP+,Lille,446583,8,238,83.16,1934157,101.53
ad573af8-5953-448e-8d5b-48f643107bc2,Carrefour Bio,banque,touristes,Paris,131595,4,252,81.9,1366002,70.8
7661857c-c763-4a7a-a4e9-e1bb2e1f769e,Carrefour Bio,tech,touristes,Paris,447121,12,237,93.92,2091315,73.33
30971838-ff21-43b7-8cd1-13f521df4aab,Carrefour Bio,beauté,étudiants,Lyon,494112,15,254,57.23,1709153,63.99
664fa568-d7b8-45c3-bb73-9cae16ef9ac9,Maison Nova,automobile,familles,Lyon,92673,33,519,48.03,2149800,51.29
db1edaf8-db71-4227-9e60-15985e070fa8,UrbanFit,santé,familles,Marseille,144992,8,567,77.55,974856,46.26
dce65055-2b90-40c0-9c8d-acd1981ca2f5,Bellea,food,familles,Nantes,62059,5,575,57.74,2089578,67.62
95e0b249-7ff1-4abc-a874-1aa85e0fc7a1,Carrefour Bio,santé,CSP+,Toulouse,143614,8,343,96.72,52656,152.12
52e1d6f8-99b0-4c90-bc95-7ad2a9d6221b,UrbanFit,banque,jeunes actifs,Paris,423175,9,401,76.66,1090185,73.27
7b3fe04c-3ed0-4c20-9494-47d5fe406a78,Bellea,sport,familles,Bordeaux,246728,35,276,79.69,3297117,117.34
b5ac74dd-0aa5-4ca5-a77a-ff77e238dcd4,TechNova,sport,CSP+,Marseille,49773,40,191,69.28,2516107,64.47
e9755dfd-bc1c-4ca4-a89f-252052e02fd5,TechNova,luxe,touristes,Paris,341199,41,538,69.62,1299762,85.87
607c40be-3e4e-447b-a37b-8bb93a151021,Maison Nova,sport,familles,Nantes,247706,8,254,66.84,1874173,82.55
35437028-d026-42e1-812e-c9d6761ea8c5,Luxeor,tech,étudiants,Nantes,209957,25,545,66.79,555071,72.4
9f7a6e8c-a3ee-49bc-b367-b76f569c5720,Fresh&Go,beauté,familles,Lille,406023,35,395,64.42,647351,40.3
aaaa9968-f143-46ab-8c24-7f711ab8c041,Luxeor,santé,familles,Lille,80782,22,185,74.82,166236,80.5
21df9478-f6fe-44c4-bcc4-501a1ba0bcf0,Maison Nova,santé,étudiants,Nantes,490239,42,504,84.05,3125000,97.54
dc523727-2b34-469e-97ac-090e08f4c612,Fresh&Go,sport,familles,Toulouse,403662,44,211,76.03,2328167,116.38
06aaa61d-2564-4a11-8ae8-415db77e31f8,Maison Nova,automobile,grand public,Marseille,437873,12,250,64.23,3322196,50.06
8e9b55c8-564e-4ce4-bc0a-3e70a22036c7,Bellea,santé,étudiants,Marseille,37615,8,256,60.44,2408105,63.94
b646f9ee-6a34-42a4-b23d-447c238dfc0c,Carrefour Bio,luxe,touristes,Marseille,475177,33,248,49.09,1987549,64.76
9dd681be-a738-470b-9dae-00b8c60f106d,Maison Nova,automobile,CSP+,Marseille,315998,20,591,97.33,3273232,119.63
dbcd0c65-344d-423a-b2f0-1cb51c119181,Fresh&Go,sport,jeunes actifs,Paris,262522,6,463,64.65,624837,83.96
445b468e-a791-4042-8f61-fe7d912314cc,AutoMotion,beauté,grand public,Toulouse,109386,31,148,49.17,1347047,41.45
910b98df-d6e8-4ec5-9972-731d7526401c,Maison Nova,retail,grand public,Nantes,196667,3,362,77.75,220613,123.83
2255ebe9-59be-4170-806d-b042b210fe4b,Luxeor,banque,étudiants,Bordeaux,430108,15,409,49.22,521243,69.76
4b39821a-f501-43d0-83bd-a654e1812b3e,Maison Nova,sport,grand public,Nantes,110916,28,50,65.55,2852071,92.01
8581d4ed-9204-4459-863d-beb1d0c30533,Bellea,beauté,touristes,Paris,99582,29,292,86.43,2804991,136.08
144a3b2e-fb5d-46f3-8ea4-788d20956534,Luxeor,luxe,étudiants,Marseille,22309,32,432,81.37,3344095,41.86
bc4b809b-3a6e-472c-8706-dcbbbead9d35,Luxeor,banque,étudiants,Marseille,273776,9,599,58.16,2604277,70.05
59e0e71c-23d6-41fd-954a-6a3c8481f2b3,Maison Nova,beauté,étudiants,Nantes,283950,39,110,80.37,2130320,128.87
508f32a1-ccf3-4466-93fd-ace90edcfe0a,Carrefour Bio,beauté,familles,Marseille,75046,12,103,73.12,3341356,83.28
ab70650c-b866-433c-a0de-cae3bf5f715c,Carrefour Bio,beauté,touristes,Bordeaux,41728,24,583,56.43,2272940,29.03
c9eb109d-6348-423e-ae8c-180864eeb119,UrbanFit,luxe,grand public,Nantes,494403,7,112,80.36,599572,91.25
32eea946-9b60-49d2-8260-9d9066485006,Luxeor,santé,touristes,Lyon,57347,14,10,88.82,33857,65.2
8f95bd94-702f-4a33-bd19-78b69136af03,Bellea,santé,touristes,Bordeaux,228239,23,330,55.13,715995,71.31
d7a3c08f-f0f8-41eb-b04a-cabf373b9f5f,Fresh&Go,automobile,CSP+,Toulouse,86706,22,579,49.66,2646243,54.68
25984ef9-170e-4868-8b99-f4ecd97ddff4,Luxeor,santé,touristes,Nantes,310062,37,263,72.63,2500676,46.17
26a6b43d-57b8-4642-b186-0ebf0d1028a4,Maison Nova,santé,étudiants,Nantes,153560,16,541,96.74,2620227,75.19
ddb274ae-b2b2-4658-87b2-700f97378abf,AutoMotion,food,grand public,Lyon,464477,20,348,77.0,3245056,79.34
0864a174-8397-4c03-9bdc-4c4a4f403f5e,TechNova,sport,CSP+,Paris,295328,45,52,68.44,966831,100.75
a9831efd-1aa2-4ad7-9ad4-ca3df9281cde,UrbanFit,santé,touristes,Nantes,276634,44,47,66.7,2559687,48.14
e70227be-cd44-4635-8748-4550c44cf585,Bellea,sport,CSP+,Lille,418632,44,72,62.16,899349,100.19
25e5db82-f5d4-4b7f-87f5-bf7f8f7d9263,Bellea,retail,grand public,Lyon,401812,29,429,88.1,2539643,136.61
201b3697-c574-4b41-8240-cdc4abe22031,AutoMotion,banque,familles,Bordeaux,320466,37,268,93.6,144937,121.52
25cec2c8-ac93-4da2-ac76-db77715ce618,Fresh&Go,banque,étudiants,Lyon,498111,11,368,83.4,3028182,106.01
1fa03895-4c69-4d34-8d84-15e8effe802a,Bellea,santé,CSP+,Lille,80272,14,128,78.57,467749,75.52
00b86c93-2540-4b8e-bf00-05be91651261,Fresh&Go,beauté,CSP+,Nantes,20109,34,225,80.75,2206088,118.88
ed3eab41-e796-4803-95a0-4110999ed01f,UrbanFit,automobile,étudiants,Toulouse,130744,37,44,92.01,794083,61.3
7b9afa50-08e5-42b2-87db-c343d69dd4d0,Carrefour Bio,luxe,jeunes actifs,Paris,241204,35,209,86.21,1124888,98.11
9636bed0-1421-4f53-bfa8-df492313513b,Luxeor,beauté,touristes,Toulouse,94212,35,440,47.57,2051128,38.69
138d4fc4-a292-487a-b2f4-a27d09f49608,Bellea,food,CSP+,Marseille,157328,15,471,93.24,2472988,94.69
a6ca224d-ddee-4258-91ca-e25d302d60da,AutoMotion,food,touristes,Marseille,138894,19,147,73.76,3465651,49.18
ad6291f1-f5ae-4b1f-8f0c-0d51026975b5,Bellea,retail,CSP+,Lille,158468,31,455,68.79,601652,41.8
af84218e-0882-4753-824c-45cd6ef62657,Maison Nova,banque,familles,Bordeaux,12324,35,366,79.12,2297840,82.06
ab928c06-7e47-4fcc-b736-1bc72b5da922,AutoMotion,food,familles,Nantes,256730,23,284,83.88,2017522,53.83
cdf5d265-6413-4b8b-be55-49d27ba49e2c,Bellea,santé,étudiants,Toulouse,453741,22,29,88.08,2975834,56.06
7d1050d5-15b7-4710-b702-051c993a8707,UrbanFit,automobile,étudiants,Toulouse,402950,17,260,62.54,593405,59.4
5c9b0049-7ae6-43d9-9831-73ea86bf45fd,TechNova,sport,familles,Lyon,397067,43,153,92.83,892513,149.25
34f191cc-fb11-41ca-911a-cb43ff68e3fc,Fresh&Go,banque,familles,Lille,200388,33,385,58.11,2261615,75.63
95d10173-6918-40ce-8ce3-adc3312dfb12,Luxeor,luxe,CSP+,Nantes,306635,7,109,56.72,917561,56.24
5ad6bc01-2ca6-47af-b3bd-3f7b7dc5433b,Bellea,beauté,étudiants,Bordeaux,265018,43,573,83.08,1919137,61.13
ed85cdc5-e0d1-498f-83a5-4a9330124745,UrbanFit,banque,étudiants,Toulouse,276404,21,176,66.41,504374,47.86
c556d22c-6081-4a8c-b755-133cedc76028,UrbanFit,sport,étudiants,Paris,168676,37,541,51.72,1626875,82.43
882ba40d-6762-4381-ba46-964d6e26ab55,Carrefour Bio,automobile,familles,Bordeaux,290256,11,534,74.77,429664,78.4
a1aebcd4-5ff6-4273-92c4-8ed837555ea0,Carrefour Bio,retail,jeunes actifs,Bordeaux,152349,38,470,84.88,1430371,49.79
99e56a3b-963a-4d7e-86f7-8144d9e42719,Fresh&Go,tech,grand public,Bordeaux,487242,19,287,57.53,3102498,40.08
6bf47827-5a7d-49a5-8689-ffd0ac712b68,Bellea,banque,grand public,Bordeaux,434814,26,475,88.74,3396149,104.79
953e8739-d662-4484-9ab4-968833cd9f06,Carrefour Bio,tech,grand public,Marseille,347308,4,46,81.67,240459,71.89
65eb03cf-8728-4205-aea6-f9b6de35e62d,Bellea,banque,jeunes actifs,Nantes,198998,41,310,46.89,2881128,48.17
b3747100-bc76-4e97-ad3d-fa52f5b09f97,Carrefour Bio,sport,CSP+,Toulouse,188273,22,73,86.89,1144518,140.4
d58349f8-982a-4947-a097-7b434b368bd6,Carrefour Bio,luxe,jeunes actifs,Lille,191921,43,484,60.44,781276,65.94
1ce3af08-644f-421c-8cf0-ab7c6f866105,Bellea,banque,familles,Nantes,449901,26,10,74.48,1934220,61.09
14c91756-aaed-4dcd-8ad6-d4157df84aee,Carrefour Bio,banque,jeunes actifs,Toulouse,208307,22,314,54.92,291182,36.77
20e1bdea-2a68-44f5-93e0-a111c15a93d1,Maison Nova,beauté,CSP+,Marseille,346164,13,282,78.22,893231,115.87
7e6160e4-579b-46f3-8be1-8e1799f84646,Bellea,automobile,familles,Lille,209295,3,340,55.61,1862093,84.49
411d79e9-d459-4153-a9a5-07c56de605bc,Maison Nova,sport,grand public,Marseille,380535,18,32,61.32,651045,99.73
9e1fd86e-ee1a-4a85-a820-b5893307fa7a,AutoMotion,tech,CSP+,Lyon,163673,28,505,67.68,2777491,113.06
7e053375-2145-447c-937a-64e5544299d3,TechNova,santé,CSP+,Bordeaux,388777,10,85,46.48,946422,63.34
0aa4099c-3f22-428e-99b1-965d7fe97d26,Luxeor,beauté,familles,Lyon,448090,14,544,92.41,3333532,46.31
20a87550-8fe7-4238-beab-01a011d290e4,TechNova,luxe,étudiants,Lille,349709,45,106,90.21,1828433,56.13
1c5a31b5-3e78-41a4-9fdd-98c475e78ea8,Luxeor,santé,étudiants,Lille,437685,5,398,97.74,3252281,49.06
b3e32253-5bb9-4a80-9a3b-8e78fc3abfbb,Maison Nova,food,touristes,Lyon,54953,34,28,65.68,2079529,59.09
21a9f1ca-71f6-4c9f-94e1-9ea7acc34cc3,Fresh&Go,food,grand public,Lyon,478696,15,289,59.82,2604603,38.59
74d82a81-7647-4d22-a898-e445114d81e5,AutoMotion,retail,jeunes actifs,Lille,298402,37,599,82.5,1741912,83.9
6c9ccaa0-3fa9-48b2-bd0c-bf06adce72af,TechNova,sport,familles,Nantes,487423,18,70,82.26,2037906,106.65
3dd37684-a1f6-4787-8088-e9742ea0daed,UrbanFit,sport,CSP+,Marseille,318872,27,214,89.65,3049563,136.32
0e50993c-905b-40ed-9ee1-d8e5582da5c9,TechNova,santé,grand public,Lille,174108,18,392,60.93,3112077,68.79
389aaf7b-3661-40d3-9073-80d70da8868a,Carrefour Bio,automobile,familles,Toulouse,46980,26,443,54.2,2343873,91.14
62bd1126-1a0c-443e-8d1f-c4d9ce77952f,UrbanFit,beauté,CSP+,Paris,269170,36,39,59.16,1019912,82.81
6340f43a-153e-4b13-837e-8524e2c825df,Luxeor,tech,étudiants,Paris,26139,23,206,94.7,3367545,89.73
27a47e86-1343-4c2c-aa92-bf45987477ca,Fresh&Go,retail,jeunes actifs,Bordeaux,376006,44,392,90.5,597848,141.01
7f89194c-17fa-41c0-a79d-beadbfa481f5,UrbanFit,banque,familles,Lyon,145883,19,26,88.2,3364343,142.23
00cb9dc8-54aa-48d6-baba-8397057d97c6,Bellea,banque,étudiants,Marseille,25279,29,340,81.54,1321793,50.56
9ab5d03c-2c6c-4b94-a02b-81d4b248f04a,AutoMotion,tech,grand public,Lille,112838,38,435,88.32,2303547,102.02
21c99712-773e-4236-8db4-91f0b6e7763a,Bellea,tech,touristes,Lille,381861,43,242,83.07,1094864,133.53
d0badc12-0d5c-44fa-8902-15cdd0413bd2,UrbanFit,retail,jeunes actifs,Lille,478084,5,244,87.05,1115222,78.02
7174c5c4-b507-4261-b8b8-44442d18e0a6,AutoMotion,retail,CSP+,Toulouse,217466,44,469,54.26,1309563,61.49
b01f43cc-54dc-4b6a-8e9a-05685699451f,Carrefour Bio,retail,étudiants,Paris,410678,42,264,93.06,410142,75.83
05975672-9fdf-4cf1-be39-59f9b42fb009,UrbanFit,automobile,CSP+,Lille,476878,16,70,94.96,1764756,104.57
f9357c44-daf6-4086-a0ec-49360630e10a,TechNova,banque,CSP+,Bordeaux,182363,19,140,78.13,2446976,53.98
f2ace68a-db60-4c5b-9f1a-8ab219a7b8c6,Fresh&Go,tech,étudiants,Nantes,266937,13,565,84.4,932505,60.15
1a901b01-326e-4492-aa2a-808da21d99da,Maison Nova,tech,étudiants,Nantes,428701,27,288,91.94,3077018,115.79
df3e231d-ad33-410b-b924-0d619e3ae093,Bellea,sport,grand public,Lille,327325,26,229,69.31,1240163,77.5
5b05e99d-103c-4d30-90e5-523deecac10a,TechNova,santé,jeunes actifs,Toulouse,454406,3,542,78.05,1499357,39.62
3d36d55e-4c27-4e4b-92d6-f0c5957b62f3,AutoMotion,food,étudiants,Lyon,293569,41,451,70.57,942849,52.17
b5cb5b3d-51c8-4d28-b5d3-e8015dd8be59,TechNova,beauté,jeunes actifs,Lyon,311582,44,314,48.42,947248,29.75
a38a4b6b-5440-4ac1-8db4-6a107ca35e5b,AutoMotion,banque,familles,Toulouse,211046,4,134,72.06,203675,37.06
b45ffbe5-5314-4840-b0d6-493e7cadb156,Bellea,food,jeunes actifs,Bordeaux,67157,14,83,88.46,1963743,124.0
1a6f8409-0955-4b7a-8526-de6fc18e5593,Maison Nova,tech,familles,Lyon,375399,20,240,58.15,574504,91.75
04a9dbbb-5982-4723-9235-c160b5c7c174,UrbanFit,automobile,familles,Toulouse,421935,30,147,62.55,1128135,85.67
0ce3a863-8be3-413f-bc0f-0202f6916c9c,Maison Nova,luxe,familles,Bordeaux,12477,40,59,66.73,3040128,101.46
7fdb0866-9058-4e7e-b944-70f985f8d355,Luxeor,sport,CSP+,Lille,80816,9,50,53.75,3344983,62.12
370bcf4b-580e-43c7-a45a-81c6b65cc73a,Carrefour Bio,food,touristes,Paris,223133,39,215,94.16,2124714,145.8
219b5173-3d12-4b9f-8125-84a64990d16f,UrbanFit,banque,étudiants,Toulouse,486244,23,575,78.43,3186443,60.82
5643d940-acf5-4215-abf0-1b8714169f45,TechNova,tech,touristes,Toulouse,216895,39,36,79.14,2781215,52.8
b3925b4f-ba1a-4c78-b177-ebb337176c8c,TechNova,tech,CSP+,Bordeaux,47145,29,143,91.43,2971398,112.1
996e9637-bbfd-466c-ab93-b238541d8504,TechNova,banque,CSP+,Toulouse,475687,16,306,90.71,634048,89.59
f0a29032-f8c9-40a0-b844-b5e82a2d59c5,Fresh&Go,food,grand public,Nantes,251113,13,19,68.52,307010,108.1
5b9fcd14-b794-44e2-9ee9-084cab1b9c64,Maison Nova,santé,CSP+,Lille,58527,45,463,86.66,2321269,84.35
e1475680-126e-4bb2-a2c9-3432beaf7c5c,TechNova,luxe,CSP+,Lille,226569,34,58,51.57,222317,66.61
ae8a15c7-ce69-4382-955b-dd1d8140861e,AutoMotion,sport,familles,Nantes,109627,36,307,86.8,699260,131.88
48c2fc12-7634-4dd0-a24c-ed04385dfdd5,AutoMotion,food,jeunes actifs,Nantes,377499,14,475,84.39,168064,125.45
098b718c-5b96-4816-a197-377ea9fc4013,Fresh&Go,automobile,familles,Lille,209920,43,236,64.29,1330789,86.12
700a1a56-36f1-4183-94b9-1d215ddafaa3,Fresh&Go,food,familles,Nantes,65453,26,208,94.76,2105200,104.77
79162fa2-f8b6-4555-b2f5-1bd885ceb1b2,UrbanFit,santé,grand public,Lyon,221631,21,298,65.7,3152680,75.2
5b7d06e8-f4db-4c30-8acc-3e47065f0a16,Luxeor,automobile,touristes,Paris,173229,19,573,86.4,801129,130.38
8454af99-6968-40b5-8392-1b1b597663fd,Bellea,food,étudiants,Lyon,74010,7,20,84.81,865686,103.51
9ce19ed0-c0af-4290-9119-9aea2feef8d7,AutoMotion,santé,jeunes actifs,Lille,216058,38,51,55.46,1312464,31.67
58c8ce3f-bac6-4cfd-a02d-8e855006d6cc,Luxeor,santé,jeunes actifs,Marseille,339722,24,433,46.28,1568836,37.68
d8815f42-9cfd-4955-bd2a-dc70f29150ad,Carrefour Bio,sport,étudiants,Nantes,476213,6,59,95.37,2598713,112.48
06e4cb74-c53c-45bc-970e-578a5e11e19e,UrbanFit,retail,CSP+,Bordeaux,436080,18,25,90.59,1728898,49.92
a57a8961-87f9-4080-a8e8-97364f0d25a8,AutoMotion,sport,étudiants,Lyon,123546,13,448,75.27,709989,51.49
07794687-6ada-44bf-91fd-72e12355a791,Maison Nova,santé,grand public,Bordeaux,213058,5,264,61.59,1758105,42.75
bd67cc0c-a957-4a61-8d3a-5d827c61e25f,Carrefour Bio,food,étudiants,Nantes,10132,41,416,87.64,670344,118.23
b9b5553f-80c1-4e99-b246-9e81fcefbfce,Bellea,beauté,touristes,Marseille,405125,39,280,84.51,395722,101.5
1b47b382-ebbc-4c30-ad45-8609443737ba,Fresh&Go,automobile,familles,Paris,255278,14,28,74.78,1167798,106.29
09119187-8c7e-40ac-ac5f-84c41cfa561b,Luxeor,food,touristes,Lille,40206,31,518,88.88,2142372,74.24
3824d1fa-0113-4062-838f-bbda51561a49,Bellea,tech,grand public,Toulouse,427238,25,283,62.58,60745,79.66
77fca082-823f-4fdb-939f-bf60fbb55fc1,Fresh&Go,santé,étudiants,Marseille,419180,24,414,70.06,1026727,110.04
e0c6b7d2-e133-4f0a-a313-1c769786603e,Fresh&Go,sport,jeunes actifs,Toulouse,275198,33,219,49.94,280927,40.83
51d29f15-3393-49a0-8f0a-e07701907c9e,UrbanFit,sport,grand public,Toulouse,450698,6,46,94.5,111575,81.42
83134b02-b39d-49aa-bb76-eb1ef84b3bb1,Bellea,banque,CSP+,Bordeaux,175362,7,51,90.18,1974942,62.62
8887b062-2f53-4717-bbfd-dd7f3d040d67,UrbanFit,banque,jeunes actifs,Bordeaux,150286,17,305,62.14,2087557,63.64
87b3eb1e-4743-42ec-9c4a-9d9f12f85866,Bellea,retail,CSP+,Lyon,199247,44,378,93.37,255242,145.15
fbd1535e-a5dd-49e9-9d1b-bd9201bb24b2,Fresh&Go,sport,grand public,Marseille,186330,15,537,76.75,1747351,45.58
186a5783-93ac-414d-84c3-5717822d1914,Bellea,banque,étudiants,Bordeaux,173844,20,458,67.04,2125053,74.53
9196e01f-3585-414e-aacd-d2de48c5a2e4,Maison Nova,automobile,jeunes actifs,Nantes,420986,18,251,72.36,3458287,116.46
01b7e1af-4284-404d-aee2-0ef37c04bed4,TechNova,banque,jeunes actifs,Lyon,499254,23,196,91.45,1749355,95.61
d201afe7-5352-4d90-b21e-74515b21a735,AutoMotion,sport,touristes,Lille,317344,24,577,96.63,1814708,104.0
3f0ebe5c-f0be-43e5-8e31-dfa3d6b89bb5,Carrefour Bio,automobile,CSP+,Nantes,298687,36,244,82.3,1452163,112.28
20f0cde1-cce1-40a7-a92b-28c05edfb770,Carrefour Bio,tech,familles,Lyon,338336,35,358,92.71,1976236,92.43
4267a601-55f5-4a75-98d7-67712c2780d0,Maison Nova,automobile,grand public,Toulouse,118427,43,394,59.72,1100384,35.53
6a20788f-3c34-45f7-9c0f-08425574ffbc,Bellea,luxe,jeunes actifs,Lyon,144674,27,475,64.51,801685,37.99
9b6b9c24-7d00-4fbf-9d18-87c2bb65ff12,AutoMotion,banque,CSP+,Paris,189926,20,483,45.71,3163472,66.49
3484da37-86fc-4fe0-ba1d-7d03eba49f74,TechNova,santé,jeunes actifs,Lyon,49452,40,545,81.98,2300822,68.51
cfdfa3ae-8084-4fc7-a880-2d96f6704c6a,Luxeor,santé,jeunes actifs,Lyon,111897,16,347,89.5,488564,107.3
4285faec-af6c-4035-8c4f-7467d92be641,Carrefour Bio,tech,familles,Toulouse,152835,40,251,58.19,2050178,74.97
5b70f2c7-d256-45fa-914c-43fcfb6aa4e3,TechNova,tech,grand public,Nantes,448011,31,85,84.17,680558,95.59
858e68ca-ce1c-4f4f-a12d-70735856c0ee,UrbanFit,sport,jeunes actifs,Marseille,115519,8,223,47.11,3477050,64.46
7c5deef2-71b1-4067-906e-fddc5941a2b7,AutoMotion,santé,grand public,Lille,62951,42,553,56.13,463642,30.6
e874c3d7-e78b-4f65-8bd2-89d7ecc4307d,UrbanFit,beauté,CSP+,Bordeaux,182437,33,456,52.66,418513,26.97
9de78e21-921a-4fa9-b1b8-b1bf57fb729f,TechNova,tech,jeunes actifs,Lyon,462220,19,356,73.25,3245207,64.61
ea5f0b2a-6e20-49e8-887a-ef20445ccc38,Bellea,beauté,touristes,Nantes,481431,24,419,77.57,1011380,110.43
aca9c035-c187-4eaa-a984-370299b80653,Maison Nova,automobile,CSP+,Marseille,345415,42,340,90.59,100960,91.7
be591135-8c8f-4c92-843f-08ff969e3d2c,UrbanFit,tech,touristes,Nantes,93259,31,25,56.18,497009,35.23
e14677b8-0996-4d33-9714-a07a9a10add7,Bellea,sport,jeunes actifs,Paris,293599,29,41,70.07,1123505,98.4
38359151-520e-47af-9fac-f08bd9c7ee20,Carrefour Bio,food,touristes,Paris,267846,5,436,80.98,3431465,71.43
1d0b3e6b-6923-45be-945c-770fb4c9292b,TechNova,beauté,étudiants,Lille,346555,35,274,94.1,100728,127.05
6f9b32f8-f93f-42bd-96b0-df5cb369fd2c,UrbanFit,santé,touristes,Toulouse,89945,41,59,66.71,1942208,34.05
59c1c3df-305c-47f1-ab09-cba4d934f564,Bellea,automobile,touristes,Bordeaux,88486,23,393,67.65,2024575,88.04
e6837d44-dc31-41b5-a5a8-220c60628e9d,AutoMotion,santé,grand public,Toulouse,479471,3,277,84.44,2159094,132.94
48092f47-cdc4-4e7a-a372-0cf0d344fb31,Maison Nova,banque,familles,Nantes,228186,22,291,75.1,2461735,117.69
2aeb5c87-9e4c-4e64-80a8-7fb03ecbd82f,Luxeor,tech,familles,Nantes,128347,42,499,53.82,799281,67.54
66939723-435a-44da-8ea3-81016b96e4ca,AutoMotion,tech,touristes,Lille,171251,24,477,90.62,3180577,89.65
c3c9a72e-457c-4b88-92ec-3dbd8cf4c5fd,Carrefour Bio,santé,étudiants,Lyon,147633,14,46,62.93,408459,45.35
68253f2a-9ba4-4d6d-b442-ac85d37c54cf,Fresh&Go,santé,jeunes actifs,Lyon,231028,9,266,55.41,2547979,31.24
e223b3e9-cf47-4a6b-b067-abfe34eb576e,TechNova,food,étudiants,Lille,113925,27,233,97.54,2033066,122.09
29f45a38-678f-4855-8a6d-84525b949db3,AutoMotion,sport,étudiants,Lille,36086,21,70,45.94,99948,66.65
7c3373d6-3ac9-49fe-8711-bf47aaa3c050,Maison Nova,retail,étudiants,Lille,347358,30,79,85.38,267314,88.09
b7905e3c-56ae-4a97-bb7e-fdce850fe759,UrbanFit,santé,touristes,Bordeaux,250201,27,283,65.68,378445,86.15
a3927a13-8d0d-4c21-b46a-41b40518c379,UrbanFit,automobile,familles,Nantes,408231,43,79,97.65,545593,142.69
f70c36ba-d846-4893-b3ad-564bd59e058b,Carrefour Bio,food,familles,Lille,273788,23,467,52.86,3418773,35.09
0a700e63-ddb1-4103-b298-ad9bc8e23db9,Luxeor,retail,CSP+,Paris,196495,45,26,46.58,970228,33.05
da804e42-99fd-4e6e-be9e-10a52943cbe4,TechNova,beauté,touristes,Toulouse,233468,15,228,89.99,1435419,144.44
bc92ba18-5837-46c5-a7ff-d201b7349d2e,Bellea,luxe,étudiants,Toulouse,163245,19,408,94.16,478780,76.78
b487078e-cbbc-4f65-98ab-71742528d136,Bellea,santé,CSP+,Nantes,168771,36,572,76.44,1447477,126.16
051cb319-001c-4cd0-be11-27e06cdc6e58,UrbanFit,food,CSP+,Bordeaux,5105,41,517,67.67,752554,51.46
e45cd314-02a5-49bc-8221-6f58274fd4a2,Carrefour Bio,banque,jeunes actifs,Nantes,138513,31,300,56.99,408319,50.41
9279cb2d-0945-4138-b246-041a6817d55e,UrbanFit,retail,touristes,Toulouse,136502,45,99,77.67,1717585,60.7
fd1ada89-20c1-4b6b-a09e-20a7f04048f0,AutoMotion,santé,jeunes actifs,Nantes,208353,39,470,47.74,1138157,26.7
90abd3d8-3a34-454f-8977-efa7ab7c917a,Fresh&Go,banque,étudiants,Lyon,90154,4,425,67.15,675877,51.66
9b3f110b-d645-42b6-9335-f394cea251e8,Carrefour Bio,food,grand public,Marseille,180365,33,501,95.1,1553346,128.91
ce04f792-793c-44a7-a9a5-ebe6e82dbc2a,UrbanFit,retail,grand public,Lille,124160,15,500,47.66,2071421,27.73
a7aad29e-f9d1-4263-a387-4c2f8e82e8d5,Fresh&Go,luxe,étudiants,Marseille,247056,12,12,61.22,3228102,71.89
7ca8aed0-9504-46f7-821d-cbe1f53e01da,Bellea,beauté,touristes,Toulouse,163836,24,481,88.7,361379,79.95
b7788421-aa79-44cb-a4ae-e9894e21d4ba,UrbanFit,luxe,grand public,Toulouse,350060,21,573,61.49,2593328,76.99
b2cc594e-0546-48b5-ad71-dcaddc151cc5,AutoMotion,retail,grand public,Marseille,473834,35,253,88.64,1752915,140.45
88690b02-b70d-4b10-8992-5ff9233b7320,AutoMotion,santé,CSP+,Lyon,388656,38,271,53.35,2485799,67.71
4543993a-cc8e-4f45-97be-67ecf07ecd06,Luxeor,sport,étudiants,Lille,42212,33,585,65.14,2501568,74.81
72b3e674-2537-497c-bbf0-3552ed021ec8,Luxeor,sport,touristes,Toulouse,478664,33,113,74.29,275253,87.51
ccf83929-9e4b-4fc6-bc66-d68960546527,Maison Nova,santé,grand public,Toulouse,105745,29,164,55.53,2555558,70.75
e5fe09a6-28ad-4b08-8334-9459d90e3414,AutoMotion,beauté,touristes,Paris,145331,25,520,73.3,901263,72.27
0d51854b-e05a-4a73-906e-37762acada49,Bellea,automobile,étudiants,Nantes,147228,40,72,80.28,2534442,100.5
d02c1b16-9ce2-4bd4-872b-9e0e604a9477,UrbanFit,tech,familles,Nantes,343205,33,53,66.64,3119300,79.34
54950f36-23d3-4ae4-b808-68172d8e0dcc,TechNova,automobile,familles,Lille,236409,19,167,91.83,2715394,49.91
e8930996-4271-4ff5-83b5-9f68cf1935ae,Maison Nova,food,familles,Paris,120965,28,79,49.35,3311248,73.66
602afdee-cb7f-4f37-a87d-b07d8ac81595,Bellea,automobile,touristes,Paris,178039,30,505,85.83,677551,88.36
17cfb360-adf4-4eca-a0b6-9ca9a37b3d08,AutoMotion,sport,familles,Paris,317354,10,452,52.56,1716008,69.38
b572c58c-eb40-4648-b187-132f0d7c5256,TechNova,automobile,touristes,Lille,196277,15,506,55.85,947086,39.63
f01b6c42-a96a-4ebd-b7d7-474185650356,Maison Nova,automobile,CSP+,Lille,107235,41,488,90.17,1093895,68.49
f2c0fe4b-fa27-4828-9323-92376a5e1bc9,AutoMotion,sport,touristes,Lyon,493843,17,195,97.73,2350794,132.95
30c17ef5-7e5f-44e5-988e-8a7a37e217b2,Fresh&Go,luxe,étudiants,Marseille,486994,12,573,58.92,488311,87.59
d72eb16c-c916-42b4-8ec5-9af2afd67dc2,UrbanFit,banque,touristes,Paris,82733,45,305,63.49,1585689,87.34
53368634-a3f7-47aa-b6b4-b2591e92f39c,Maison Nova,retail,grand public,Lille,131972,26,542,77.45,2591960,114.82
49b87212-8d68-4382-a755-a2d47e9e83d6,Maison Nova,automobile,familles,Toulouse,263018,9,589,93.46,111474,89.34
2a8e5a99-2b33-498a-9734-56f0c068653f,Luxeor,beauté,jeunes actifs,Lille,372872,20,486,50.49,493611,52.8
1b51d100-3385-4dad-a5ab-08c421c5f974,Bellea,retail,familles,Lyon,54922,17,269,89.97,1434805,132.23
4c81b654-e6fa-438e-b0c6-2937dd3751b0,TechNova,banque,grand public,Toulouse,194620,30,591,93.56,2011870,70.42
c24aecc5-62a4-4739-949a-2251491af488,TechNova,tech,étudiants,Bordeaux,97963,23,46,96.52,187611,98.77
15eef675-8418-42cc-ad98-aa2f957a5b29,TechNova,automobile,grand public,Nantes,241424,38,424,97.21,683797,70.21
a20b932f-3770-479d-8c31-46bacda733e5,Bellea,santé,jeunes actifs,Paris,112397,32,459,53.13,1585176,73.97
c4488966-f1e2-482a-825e-c3311bb5033e,UrbanFit,automobile,familles,Marseille,115365,28,589,55.0,1237714,34.99
871c3b5c-5d24-4619-b327-08eacce82d42,Maison Nova,banque,touristes,Lille,309891,44,142,79.66,2801058,77.86
f500649a-26e2-4101-96b1-486a992be103,Bellea,sport,jeunes actifs,Paris,430704,22,57,96.22,220216,62.82
909752ab-d8c3-49e5-aba5-20a9615ee235,Bellea,beauté,étudiants,Paris,97485,17,446,49.21,287154,33.48
507b5362-0a06-4d95-9349-331c887f77c6,UrbanFit,food,étudiants,Nantes,15898,39,133,76.1,2167175,124.22
15e573f5-3837-4f59-a944-42a3d0513eaa,Luxeor,beauté,étudiants,Bordeaux,58710,44,166,91.48,1780252,154.47
7357b3d5-f9bc-4394-bf25-20740521b400,AutoMotion,beauté,CSP+,Lille,180910,5,579,64.51,795346,67.86
03a8f319-8185-43cd-8105-0b719ebd4d53,TechNova,beauté,touristes,Lille,412545,20,216,65.83,1362357,108.26
1aa4bdf8-341d-442a-aa08-0e078e6fe9b0,Luxeor,retail,touristes,Paris,309078,12,538,84.81,200221,103.35
f052a073-f5cc-497b-bd76-7de78696638b,UrbanFit,retail,grand public,Toulouse,432352,34,104,55.7,3186337,40.92
5a703c20-69fe-43e1-97be-7811974c83b2,Bellea,santé,étudiants,Toulouse,164134,39,340,83.57,114604,74.24
43a0f9f7-6e53-4612-90fc-6e3a0937d4c4,TechNova,food,jeunes actifs,Lyon,407832,24,288,51.11,1783059,58.07
0b040581-e846-4700-a635-e80baaa70616,Fresh&Go,retail,CSP+,Toulouse,387664,45,232,71.13,2120979,117.69
1a9609ff-4195-4d24-aa12-9803bc42d19d,TechNova,tech,CSP+,Lyon,247393,29,103,58.49,3330028,48.77
ca9463c5-a8b1-4db8-a598-5a5231e43839,Luxeor,banque,grand public,Marseille,470118,31,332,50.4,1914594,41.14
bc44ed8b-07ca-4e34-8148-306195295f70,Luxeor,food,CSP+,Paris,10903,23,407,52.33,1171708,54.88
fd6c8c39-5b00-4723-8dce-56dfce59f3ee,Bellea,beauté,étudiants,Toulouse,317999,38,145,62.7,475431,102.44
c9632e50-711b-49a1-9503-f7ea606d8b9b,TechNova,automobile,CSP+,Bordeaux,44531,31,41,97.06,1317570,55.8
9cd720fb-fd76-4105-9a3f-934c1b844f50,Maison Nova,sport,grand public,Lille,183626,12,130,56.14,2391749,45.31
1fc0adb9-c803-4b70-a44d-ce9e1dddd173,Carrefour Bio,tech,jeunes actifs,Lille,257962,32,344,93.72,2390929,123.68
f59f5edc-90ab-4227-a882-83cc93de4e4c,Carrefour Bio,food,étudiants,Lille,487073,3,296,47.93,1932640,50.48
53444c96-cc78-4e74-9add-7726a25b4935,Carrefour Bio,banque,familles,Marseille,245262,5,462,68.77,320932,110.32
13d5fa45-6c4c-497a-813a-20e0df559c6b,Maison Nova,tech,familles,Marseille,317787,41,446,49.45,2872181,82.39
675bd13a-fa40-4cce-955f-ce97fde6dac0,Maison Nova,automobile,touristes,Nantes,360420,39,447,47.83,1395267,64.96
0fab7c46-351a-49dc-a364-aa733e737c29,AutoMotion,food,grand public,Bordeaux,251802,26,180,97.33,1356892,164.14
e52de91c-c6c1-421b-a518-d644617e0333,Luxeor,tech,jeunes actifs,Lyon,337245,24,13,65.39,798830,100.17
08542081-ccf8-43be-8496-fc52c644d01a,Maison Nova,automobile,jeunes actifs,Lyon,291474,29,154,57.04,3468543,80.78
0e08cba5-328e-41f0-a0bf-b41095747490,UrbanFit,banque,CSP+,Lille,385794,24,68,51.22,1443484,55.24
4eb42832-bae0-4474-a31f-59f998fd4b85,AutoMotion,luxe,étudiants,Bordeaux,476584,29,238,64.86,618811,40.01
477614cf-e26b-499d-b2ae-9842337a35f9,AutoMotion,automobile,CSP+,Nantes,169919,36,29,59.39,107819,48.59
2921e751-8846-4ccc-a41e-1b00a5d48d32,AutoMotion,automobile,familles,Lille,280411,32,300,67.6,1148508,90.73
4adbe471-ee63-464c-900c-01b522a8b457,AutoMotion,retail,familles,Marseille,438245,41,565,51.37,1312232,26.6
00fea8ec-f76e-4baf-b70d-5806cb7c6be4,AutoMotion,automobile,grand public,Bordeaux,300780,34,233,85.3,2271148,132.77
b4e58cc1-b719-4be2-abae-4eaa6c6386da,AutoMotion,luxe,étudiants,Toulouse,183103,4,383,98.0,1370229,150.85
41c07e8c-998c-415e-ae13-9d5f159ad2f5,Luxeor,luxe,grand public,Nantes,345102,12,519,79.65,2215820,133.92
564bf365-55b1-4bd8-aa96-ab3cc4b3d115,Fresh&Go,sport,étudiants,Lille,110040,14,188,63.54,1057162,75.72
db08cfeb-464f-4311-ad95-c60642e9f966,AutoMotion,tech,touristes,Toulouse,346242,10,31,88.74,1378232,71.53
5da99140-e73f-4780-80a0-0d5a10b11bf7,Carrefour Bio,food,jeunes actifs,Lille,116586,9,597,45.24,2954891,22.62
018d6eab-ea29-42de-a293-8e2fb6ad7117,Luxeor,luxe,grand public,Paris,220018,21,59,74.29,874511,81.5
b4e78c39-3410-4dd3-b1f3-ac45ec601978,Fresh&Go,sport,familles,Bordeaux,345734,4,251,51.17,89091,76.04
ddce7156-95a5-4f03-a69d-8f6c2c2e340d,Luxeor,santé,touristes,Marseille,428272,9,255,71.68,1112233,55.29
32b9f2f3-9a65-4c50-86f6-0d6bc153b6d4,Maison Nova,food,touristes,Paris,379355,23,522,87.66,1584284,65.59
3ef0f7a0-ef6e-43ff-8ea3-f35106805d09,Luxeor,banque,grand public,Lille,75879,24,399,82.75,913709,68.81
50e06598-d705-40c9-99bf-935cdede5dd5,Bellea,santé,jeunes actifs,Toulouse,428533,10,346,72.94,2185544,96.68
bed81ade-8932-4e6c-a60c-b7b33c7f737a,Luxeor,santé,jeunes actifs,Lille,145651,21,571,95.39,2466850,71.89
6cc75949-f700-4f40-9c26-2f9d12bb7db0,UrbanFit,retail,jeunes actifs,Lyon,12599,3,236,82.35,421658,128.3
e09b389e-78d2-498d-97c9-c0fc6d868d7d,Fresh&Go,santé,touristes,Toulouse,66953,44,411,56.25,3155842,90.64
baaee69c-be8e-477c-8d2f-11ad46f2d0a9,Maison Nova,santé,familles,Bordeaux,365634,40,329,64.7,2571018,87.87
74558e3c-7eea-4905-9f27-840d397e8128,Maison Nova,retail,touristes,Bordeaux,59429,45,40,53.47,787596,73.09
b1f984ec-f720-41a8-b039-e6308b474c60,Fresh&Go,food,CSP+,Bordeaux,461453,36,226,93.99,1504424,82.69
e36a6a8e-d7fc-4cf6-9891-78a23569952d,Maison Nova,retail,touristes,Paris,325644,26,496,85.76,3071386,135.11
57c6cdda-2f66-4219-a475-a7780b31fdd4,Maison Nova,beauté,CSP+,Lille,445672,10,424,67.27,1408186,87.09
dd08d9b4-13b8-4561-b16f-5d5588ec35ea,TechNova,food,familles,Nantes,62612,37,586,58.59,3241889,57.53
0af081be-6548-4694-9377-7d91454689ce,Maison Nova,santé,étudiants,Paris,344238,8,92,59.58,834749,64.99
0b953874-3afc-40ea-b935-742142fea0ba,UrbanFit,banque,jeunes actifs,Lille,396615,27,157,74.99,959930,88.12
f4750d2e-9024-4897-b3ae-2b3cd89abc47,TechNova,automobile,CSP+,Lyon,39784,14,60,90.06,3023487,74.32
39699107-42de-4f04-b59a-3f296c83b232,Luxeor,retail,touristes,Nantes,237548,44,395,58.49,3252242,83.51
bb7493ce-1f20-4d58-85b1-7fae422a77ee,Luxeor,food,étudiants,Nantes,60859,9,447,93.11,3324667,76.71
c0b04c0f-bd47-4c9c-8f2d-c7c08a89586f,TechNova,luxe,CSP+,Toulouse,493413,35,194,84.99,602963,71.53
de217b97-1fab-43cf-8dc4-f8f5775afef8,Carrefour Bio,luxe,grand public,Toulouse,391436,36,98,94.15,457825,146.17
a86fbb61-06b9-4f16-9176-91e59f76890d,AutoMotion,retail,jeunes actifs,Lyon,419045,35,106,86.89,415515,53.51
2b6a27e2-6b42-4261-b451-11cc84eefbc7,Luxeor,automobile,grand public,Paris,352099,5,68,88.46,2362380,69.22
32be9339-6cc5-46de-9089-bba94abf01eb,Bellea,luxe,touristes,Nantes,147558,34,402,55.51,441618,91.98
fdd3e2a3-1620-438a-a2ad-8daf19637465,UrbanFit,automobile,CSP+,Nantes,218077,21,134,82.29,1328495,57.11
4bcee31a-aba2-4b85-b06f-60ed92f205b1,Luxeor,santé,familles,Bordeaux,417466,22,503,50.31,429322,65.25
5899b33d-39be-44eb-b03b-8b1114e778f8,Maison Nova,sport,grand public,Marseille,364131,16,225,80.55,158231,127.06
ad75cc60-91cc-4b34-a77e-10362c5b6e43,AutoMotion,tech,jeunes actifs,Nantes,357954,14,241,84.04,1399862,89.06
07508867-a8e2-491a-805f-30c8db60dbe1,Maison Nova,beauté,grand public,Lyon,14728,11,266,78.81,2443636,49.87
e7290d3a-68b0-4ca2-8176-069684c0dd9f,Bellea,retail,jeunes actifs,Bordeaux,371803,14,13,50.05,142545,39.63
0b825630-c6d3-4f67-abac-5880ae83d5d4,Carrefour Bio,banque,jeunes actifs,Nantes,464656,9,37,45.83,761448,25.04
20ccd221-82ba-4a81-9430-9c4937b9bc45,Luxeor,food,familles,Nantes,39338,37,488,45.42,2924791,30.1
07d438ba-28af-4d5e-a45a-b859014625cb,UrbanFit,sport,touristes,Paris,202467,31,41,51.3,551797,65.61
bb0d2233-b5d6-459e-b691-8197615dc67a,Maison Nova,automobile,jeunes actifs,Toulouse,16611,7,545,63.6,2286145,61.27
3aa9b495-1239-4a6c-ba9f-1a64845f3ad7,Bellea,santé,familles,Nantes,127255,34,49,57.15,1239663,39.95
011a5249-12dd-4a13-ad54-5bc1fbdb8c9c,Fresh&Go,sport,jeunes actifs,Lyon,121505,35,166,58.15,1950650,33.91
d8e37b88-98ca-40e9-aa5c-13bb73e56182,Bellea,banque,grand public,Lyon,476607,32,376,88.41,1122185,102.16
e7e48f1e-de50-42c2-b14b-5297c87f8778,AutoMotion,santé,familles,Marseille,483101,32,468,59.17,767345,79.11
b9f16bcb-0aae-4e66-9836-2b893a9fb44c,Maison Nova,tech,étudiants,Bordeaux,489810,10,311,89.6,235356,117.95
7c794ccd-e150-4c28-9f35-fd493583929f,Luxeor,tech,touristes,Bordeaux,282529,16,314,97.46,24790,130.26
e2658d74-e85c-4589-86f4-54b9d9d6bc8a,Carrefour Bio,automobile,CSP+,Bordeaux,323269,8,582,48.98,797535,68.71
660f0d2e-9321-4a42-b54b-87028aa461f3,Carrefour Bio,automobile,grand public,Marseille,238775,44,426,93.14,793056,71.51
72323322-3fd2-4185-adb9-3ee2968d591d,Maison Nova,retail,grand public,Toulouse,478251,17,263,45.91,2749692,77.16
48140052-8c81-48d3-9882-566e2c76b082,Carrefour Bio,food,touristes,Nantes,299616,41,151,45.85,3165028,40.19
151cb7e9-7893-4a0d-af49-038861a43589,TechNova,santé,étudiants,Lyon,204748,3,152,95.3,1190469,120.77
66494178-5d74-43a2-9929-f2138cefae7e,UrbanFit,retail,touristes,Lyon,120756,18,412,58.06,2846207,94.79
a7d92424-1ed6-46ca-815c-67e11ff63266,Luxeor,banque,jeunes actifs,Lyon,365510,13,563,89.98,955131,93.37
dc8e8aac-dce1-4baa-add3-81177e97401f,Carrefour Bio,retail,jeunes actifs,Marseille,266049,29,306,90.68,1660702,148.99
e30d2fef-d718-460b-8493-fcc1503c722f,Fresh&Go,luxe,jeunes actifs,Toulouse,223387,33,28,47.46,393979,46.85
1dc5df1b-c8c3-4e19-b296-696d35b2f57f,Bellea,beauté,CSP+,Toulouse,448030,12,352,97.72,358808,65.47
cc74d90e-1df8-4b6c-b239-c2819bb48329,Carrefour Bio,tech,touristes,Toulouse,475848,21,30,78.24,2305190,84.23
81f091b2-fc8e-4506-b5ca-590ee191b4a1,Bellea,luxe,touristes,Lyon,391436,27,542,46.46,1780741,53.16
3b75dc80-3382-4253-a387-987023d12f63,Carrefour Bio,santé,jeunes actifs,Toulouse,408136,25,551,97.54,1173962,92.24
a320b5d5-7bc1-4a17-9bdb-a7b5f084b5ae,UrbanFit,automobile,étudiants,Lyon,310999,41,251,97.76,2469767,112.77
a3502368-2d72-4cd2-81c3-1543f2a6c0c9,AutoMotion,santé,jeunes actifs,Lyon,419970,5,224,57.14,2168339,74.99
bf318f70-c3b9-40d6-ba57-a44ba0add874,Fresh&Go,food,touristes,Bordeaux,13721,22,230,67.46,2127284,56.4
b61f6430-d724-432d-b89c-72e3dacfddee,Maison Nova,santé,touristes,Toulouse,126344,5,334,55.46,1583803,58.65
e4db5d47-aec2-4a2f-a307-3ffb72dcfd60,Luxeor,santé,familles,Toulouse,403295,23,189,93.6,2423129,50.0
8c6ccf96-b545-4b87-927a-5422780d27b9,UrbanFit,luxe,jeunes actifs,Toulouse,455680,7,558,65.28,1271491,42.79
8c94af21-456a-437f-9e81-2e42c1bd9a4f,Bellea,food,CSP+,Lyon,157509,31,586,88.97,3343893,131.1
c2c7241e-abbf-417f-98fd-0aec889d810a,Maison Nova,banque,jeunes actifs,Lyon,372632,41,586,57.81,3345262,41.09
ab79f2a4-9dfa-4137-940d-fc35cdf57e24,Maison Nova,food,CSP+,Marseille,444686,30,341,64.77,1548967,53.4
9534e000-6f2b-4520-bacc-9f1a17ff23b3,Maison Nova,santé,grand public,Bordeaux,49343,9,190,55.63,825787,92.3
1bc0544f-3847-4a56-a5f2-ef85b5b16575,Carrefour Bio,luxe,familles,Lille,49029,31,475,75.08,2268310,63.46
4d1afa74-37e5-4d4b-afe4-300c98266539,Carrefour Bio,sport,étudiants,Lyon,439691,26,311,57.3,2875914,91.91
2b4e398e-28f1-4d7a-ab32-a4863961fb6e,Luxeor,tech,étudiants,Marseille,241576,3,302,72.75,838821,68.05
47d65144-ff70-4c5e-a050-bedf8861e71b,Bellea,beauté,CSP+,Bordeaux,321182,35,105,49.26,1287959,75.95
86363ca5-c4f7-448a-9839-1ac972973e77,AutoMotion,retail,étudiants,Lyon,223367,14,50,73.24,2318820,86.19
a1e6ce8d-4e51-4893-ac3e-6388b94c465f,Luxeor,sport,étudiants,Marseille,351904,8,29,59.07,424959,65.9
c2925a49-da0b-452d-b3ea-811ed7dcebd2,Bellea,santé,jeunes actifs,Bordeaux,185874,6,371,88.22,3003475,98.74
a87d2bde-7730-45a1-80c2-bcc78a221d8c,Carrefour Bio,tech,grand public,Marseille,193180,28,71,68.12,2552544,75.65
a6d8f704-654a-4099-a721-8b2af44410d2,Bellea,food,CSP+,Lille,249307,7,48,69.68,912076,94.22
7c6925f6-690e-4eb4-836a-711b676d1a42,Maison Nova,retail,familles,Bordeaux,343672,19,292,92.46,3003234,104.68
51489780-c74c-44df-95f6-a5d1ac69ae45,Bellea,retail,CSP+,Paris,177828,15,81,61.36,3386266,34.61
5f030642-b9df-4295-9aa5-6ceead9517d1,Maison Nova,beauté,touristes,Marseille,113773,42,76,89.53,2748217,111.26
236cd24e-aafe-4bcb-84be-6bfd75831579,Luxeor,retail,étudiants,Lyon,446985,3,249,80.05,2857067,107.14
a6761a30-e71d-4af9-a3bd-ae3d4f37344f,Maison Nova,retail,CSP+,Nantes,458133,30,37,46.37,790230,30.53
fc5cb520-a6af-4968-bafa-6ca7e0828d71,Carrefour Bio,santé,grand public,Marseille,119644,43,269,60.17,2998553,59.42
161952b8-4a54-4850-81ae-a3511addb643,Maison Nova,beauté,CSP+,Nantes,91983,44,418,54.71,362585,42.2
dcfbde87-b7cd-4487-9a4e-7a583292d567,Luxeor,automobile,étudiants,Lille,195948,20,129,53.06,2607712,57.34
d8dd9d2c-d089-49e1-a4dc-07fb0b3ed70d,Carrefour Bio,beauté,familles,Bordeaux,55670,12,302,61.88,2479539,50.18
caf170fe-bcce-478b-b7ba-124ab3f38572,Bellea,banque,touristes,Toulouse,110378,37,23,64.47,898825,104.67
f787f6e7-8a32-480f-9b0c-b323bd3b3267,Maison Nova,retail,étudiants,Lille,225528,13,40,53.38,2375378,33.89
675b29aa-769c-490f-ac9b-0b0927fadc09,AutoMotion,food,touristes,Lyon,62101,14,285,63.18,3124584,103.59
fbbd8851-7a52-432f-be65-41030a17492c,Fresh&Go,banque,grand public,Toulouse,336932,10,545,59.3,149007,49.11
60af9fa0-4189-4888-9a1d-25dadf49b5f4,Bellea,automobile,grand public,Marseille,7490,3,146,55.32,2071093,80.16
43eb4694-eda6-44ca-8bdd-0fa386c1735a,AutoMotion,beauté,touristes,Marseille,196237,4,535,66.29,2424732,96.72
fc22fc30-f94f-45c0-aafa-91d6a366521b,UrbanFit,tech,touristes,Bordeaux,300461,33,241,51.91,1260651,62.26
e1f50a32-b4ce-4812-9aa3-ccda1e14cfe6,Maison Nova,tech,grand public,Bordeaux,278117,6,212,54.09,208132,77.72
422d0cf4-98cd-41cc-911c-b00b65d58bdd,Bellea,sport,CSP+,Nantes,136598,4,561,71.42,2261136,103.46
2ca5fe70-9168-407e-9a90-21923aeb5518,Bellea,beauté,CSP+,Toulouse,498306,4,540,72.67,2194113,91.31
a5a1ed1d-dcf3-4efd-9585-8670ee551b42,UrbanFit,retail,jeunes actifs,Lille,310925,4,479,61.01,3085909,79.81
abe23d03-50cb-46fc-b7f1-8df27afca151,Luxeor,retail,CSP+,Lille,268649,16,480,84.56,1934052,54.65
9170be4e-09a8-4524-986f-860ad25482bb,Maison Nova,sport,touristes,Bordeaux,82569,24,347,70.28,436466,96.06
0a219fed-2743-4e41-ab65-6ed76c494e89,Fresh&Go,retail,CSP+,Bordeaux,110633,29,94,59.53,3014441,42.69
a6c7670c-dacd-40d5-b56e-b01c8812839c,UrbanFit,beauté,familles,Bordeaux,295671,35,556,87.2,1870626,114.02
00ce5a93-91b0-4783-aea1-ad77f4f08b8d,Carrefour Bio,santé,touristes,Nantes,230936,10,132,51.39,3294896,71.69
17bcc527-3204-4804-af27-5db73aa80ecc,Fresh&Go,luxe,jeunes actifs,Marseille,448628,34,389,50.15,1181364,28.93
0d0e6727-2526-4b5f-a3d3-f285aed41d8c,AutoMotion,food,familles,Lille,427154,21,225,47.59,335202,56.26
6684623b-8312-4446-9894-a8f0e90f3aa3,UrbanFit,tech,CSP+,Paris,108989,15,167,46.34,482095,55.76
13618eef-9676-4716-b74e-0641bb5c17ad,TechNova,banque,jeunes actifs,Toulouse,499447,37,231,72.32,286774,61.44
abd651ae-976b-45a3-8d35-21664d57dfb3,Luxeor,santé,jeunes actifs,Lyon,446153,32,498,96.33,2188680,140.64
d3771200-6af7-4810-83c0-27fd6b6637a7,AutoMotion,sport,grand public,Marseille,83448,12,180,58.31,2593169,79.63
8ed2977e-8f3d-4f0a-8e7b-8f21d4b03279,Bellea,luxe,étudiants,Marseille,311759,17,360,97.23,3462320,68.9
f5b37d6e-3ed3-4085-8698-2aa37e49e0ae,UrbanFit,tech,étudiants,Lille,184697,16,183,88.25,274108,83.93
aa98b54d-f0ec-4b08-afac-cf3019b6dd2e,UrbanFit,food,familles,Bordeaux,469543,9,521,76.64,3111719,49.33
2e47d40e-8ec2-4245-b72f-2cfc85083450,Bellea,sport,touristes,Paris,422608,42,546,82.99,1882212,61.77
0df3fbb2-6aa2-4ad2-98ae-9625fb02876f,Fresh&Go,santé,familles,Bordeaux,304449,42,163,48.06,2680370,32.07
882a85b2-6eec-4b22-b458-d565ffeaad45,Fresh&Go,retail,CSP+,Marseille,492724,14,500,65.83,2481963,58.49
f977dbf1-8b28-4f9a-895b-97b06be83efe,AutoMotion,luxe,grand public,Lyon,351316,28,343,87.16,28137,98.05
8627bf1f-5543-45e4-aa0b-916563504d02,Luxeor,retail,touristes,Paris,301924,11,381,51.31,2994134,60.02
cbf7e5dc-54bb-42b6-a243-d43cacdfd9b3,Fresh&Go,santé,familles,Marseille,176208,42,413,87.48,1356283,101.57
35373e4e-2087-41bc-9713-78d67345ca84,UrbanFit,tech,jeunes actifs,Bordeaux,399542,13,406,66.68,1716063,109.78
41871631-18f0-4a52-bfdc-95108dc4d992,Maison Nova,banque,étudiants,Bordeaux,181405,14,343,50.47,808014,42.31
020bd942-7014-46c9-981b-baaceb22b319,Fresh&Go,food,étudiants,Nantes,427278,32,511,58.81,274875,42.97
19c9121e-6f6a-47d9-b067-88f36e35cdb0,TechNova,sport,CSP+,Bordeaux,132281,38,376,72.27,2225204,71.59
bba8b515-998b-4b97-b499-22b309c288a8,Luxeor,automobile,grand public,Marseille,66773,10,546,72.25,2639825,75.66
02415db8-d6a0-449d-9ae8-9abcea25c578,Carrefour Bio,santé,CSP+,Lyon,202243,35,560,84.0,168346,52.68
5a067641-55fb-4ad3-812c-6d7700c5e505,AutoMotion,beauté,grand public,Lille,80061,20,170,62.68,2084993,76.73
dc716b82-d26f-4746-bcb9-f0537e6c9f86,UrbanFit,beauté,CSP+,Bordeaux,225246,7,564,86.12,3102923,64.74
2bbdddab-6d77-4cbc-aa1e-8745ee1b5f6e,UrbanFit,banque,grand public,Bordeaux,443200,4,462,46.23,1661282,74.21
7d48ea99-9553-49e6-8fd3-6af4dcd00ee7,Bellea,banque,étudiants,Bordeaux,36070,41,477,84.39,3474712,97.22
b9ffffeb-edd0-49ff-be74-f3eefaf9e9e3,Fresh&Go,luxe,familles,Marseille,330392,21,92,46.9,2305743,33.49
b3158cd9-54cd-40d1-9655-0b12eef624d0,TechNova,luxe,grand public,Bordeaux,479342,25,538,55.26,2198150,27.72
71ec5b4a-49a1-416c-9df4-a19071ef0f0a,Luxeor,retail,CSP+,Bordeaux,111504,8,99,60.31,2100639,48.67
94f1cf03-7644-4b32-9d93-3aade0f17a7c,TechNova,retail,familles,Paris,475450,31,384,73.68,2781596,110.45
f3d9756a-9d66-46f2-a12d-721da2b587fc,AutoMotion,beauté,grand public,Lille,208864,34,385,76.62,1360957,88.43
226c1f6a-c684-4cf8-9d84-c5c2eee4ac10,Maison Nova,sport,CSP+,Nantes,230414,25,125,97.25,244285,151.79
acbd7a85-4f68-463b-87f2-987f63ef2cfc,AutoMotion,sport,familles,Lille,254654,38,238,57.68,3266591,37.15
e3d5a984-fbe2-4b91-a12b-45e2a722850c,Carrefour Bio,luxe,étudiants,Nantes,496332,9,195,95.03,1411352,88.21
f3a72fbe-3148-4b3c-9cff-cb0b4d8b32fb,UrbanFit,santé,étudiants,Paris,188796,44,505,51.07,2720692,33.83
2b9495c9-9121-4bd7-9488-fa5bb4a2755f,UrbanFit,banque,CSP+,Nantes,416073,39,583,94.72,668400,135.04
0e0675f8-5e2c-4d51-8f5d-1731aa046b28,Carrefour Bio,luxe,touristes,Paris,238081,12,541,45.67,286895,33.68
8c654e40-ac38-4cd9-9daa-6b56ce9306c6,Luxeor,sport,familles,Paris,57701,14,181,47.23,1476984,54.26
c6137bb7-4900-4e9b-9e6e-a92ff07db049,Luxeor,beauté,étudiants,Nantes,494674,42,268,71.78,2392891,47.82
0f57f384-2398-4341-ab49-227a5f66e0c0,AutoMotion,santé,touristes,Paris,472640,36,270,61.08,46859,84.8
923530a2-3f7d-4218-87ef-bff815c7a460,AutoMotion,sport,jeunes actifs,Bordeaux,350892,34,208,85.23,1754810,105.94
f3fd864c-93b2-42ff-9f9c-4585bb68b842,Maison Nova,beauté,familles,Nantes,412931,42,464,61.88,395875,91.52
c3f43666-4e98-438f-ad7d-7cd4532baba5,AutoMotion,retail,familles,Marseille,361887,32,521,92.07,3374349,134.81
d2642d04-90eb-480f-88d3-5a84e0a80ec9,AutoMotion,tech,CSP+,Toulouse,379350,39,112,51.08,1678044,34.38
a46d4f20-79f3-441e-b94c-9357987dd602,UrbanFit,automobile,touristes,Paris,253371,45,566,51.91,1497292,50.83
6eca691b-4481-4c4e-afb2-85c24d451e08,Carrefour Bio,sport,grand public,Lyon,162003,7,447,71.76,1763364,44.27
1ca94e33-6da1-431a-b2e1-a663ea3966b4,UrbanFit,banque,jeunes actifs,Toulouse,268978,44,46,52.13,1503578,78.92
5a618c62-dd0a-4f8d-948f-e209a2208b6f,AutoMotion,food,jeunes actifs,Lille,424802,42,267,97.9,1587944,109.29
c66f3a03-5383-4313-ab7e-2acaf7d3c2f7,Fresh&Go,beauté,familles,Lille,275778,7,208,90.68,1568188,60.19
f3143c53-5240-4f18-a5cd-194701299401,Bellea,santé,CSP+,Toulouse,397620,43,569,93.22,2448144,76.96
4a3067d7-6722-4e5c-b7b7-b7f3696a180b,Carrefour Bio,retail,étudiants,Paris,130365,37,278,67.26,3206452,79.98
91a2ff0c-50d4-48c8-a4a9-14b1ab85ca66,Fresh&Go,retail,familles,Paris,495617,24,569,49.6,1924047,77.51
04b9131d-f091-49d9-b795-aefaaa8177dd,AutoMotion,beauté,touristes,Toulouse,121600,23,434,70.2,2695908,39.84
bd4cef8c-f907-4e10-baf9-bb952c76f1ed,AutoMotion,retail,CSP+,Bordeaux,419131,14,87,85.27,304793,112.22
cddb23bf-bdde-4cf9-bb8d-dcc32623bcbf,AutoMotion,retail,jeunes actifs,Lille,237855,25,316,47.82,1573815,29.18
24e90e11-9a14-4c32-a7d9-88e852940e88,Bellea,automobile,CSP+,Marseille,108717,24,292,61.28,1979029,54.57
8f476472-40bf-41bd-a24f-22a2ff278710,UrbanFit,food,familles,Lille,53828,20,360,97.35,1047940,132.9
a2152beb-f79f-4778-b23d-da3840df932f,AutoMotion,tech,jeunes actifs,Bordeaux,214138,29,433,93.58,1539941,113.6
b2630095-4f39-4570-ac6a-1f959a691bb7,UrbanFit,luxe,grand public,Bordeaux,381134,19,393,53.28,2588047,35.22
ac7637cf-521b-4a96-8174-a4a2bed6e3a0,Maison Nova,automobile,touristes,Paris,38152,33,369,92.17,2180192,111.88
2cc0c203-3243-41a7-af52-0ac37b3bb0b6,AutoMotion,luxe,CSP+,Toulouse,184535,37,297,52.53,2128985,62.94
f43fd79d-e61b-4248-80a2-96e1368efe8d,UrbanFit,banque,familles,Lyon,397745,23,355,52.74,3051920,73.35
633f8edf-0b01-43fb-951e-a78d146dfdf0,Carrefour Bio,luxe,familles,Toulouse,78716,25,39,50.76,1624476,65.29
41c1b463-9d99-4d57-a6a3-006dc847e024,AutoMotion,food,grand public,Nantes,74472,25,420,91.25,2219050,48.64
6c72fe37-f3b7-42ee-ad12-f19ee33529d1,Fresh&Go,automobile,touristes,Bordeaux,477502,21,216,90.31,1410929,52.6
c642b3c5-3e0e-44d8-875d-5bcd3c50b28c,Maison Nova,luxe,jeunes actifs,Nantes,14180,14,154,92.17,1342169,154.78
d67f7001-5b44-4a34-87ce-ae99b732933e,Fresh&Go,retail,touristes,Nantes,393335,43,304,68.13,2355310,71.26
ef90a43d-b317-4832-9ea9-55db6c1bbbb8,TechNova,santé,CSP+,Marseille,107816,23,187,73.96,255997,91.09
56481d51-1d15-41bf-aec3-dc88ced2043f,Luxeor,santé,grand public,Paris,240584,40,378,73.22,1573766,37.27
cc971a10-6cd6-4c73-957f-2e20ad78c459,AutoMotion,food,touristes,Marseille,48591,26,134,96.17,1126807,70.61
261dcfcf-5cc8-4fde-bbc4-1f699c18afd7,TechNova,banque,jeunes actifs,Bordeaux,443125,41,323,53.02,1292500,63.18
692af80b-dd87-4564-a425-da43961c9b8c,UrbanFit,sport,étudiants,Lyon,72950,41,397,59.33,1690429,31.54
0cd68cf6-fa9d-43c7-95cc-8fbadfdcc906,Luxeor,food,CSP+,Paris,419955,24,186,89.8,1937564,92.55
480fc33f-cef5-4831-985a-538a84558946,Bellea,beauté,jeunes actifs,Lille,492240,44,188,64.13,1783235,93.67
95988a6f-5942-4aa1-b3ca-4d19153d4597,Maison Nova,retail,CSP+,Toulouse,216701,13,511,67.97,2198755,79.31
ad30fbf7-9021-4462-9e51-c35c2455f10c,Fresh&Go,banque,jeunes actifs,Lille,292091,8,566,76.9,3108150,117.31
8103d4a1-b5cb-4581-b039-f21907753b08,AutoMotion,banque,familles,Paris,42071,13,348,60.16,1935045,101.33
2058f7e0-10f0-448a-b909-2e26e0855189,Maison Nova,santé,grand public,Toulouse,355091,25,540,93.43,84493,84.78
9c382aca-c86e-40d4-b8f6-32146a27bbc1,Carrefour Bio,retail,grand public,Paris,28067,39,352,55.36,1520100,71.91
1406d9a6-c98a-4928-803d-af1b0e8303f3,Fresh&Go,tech,grand public,Lyon,350235,20,75,64.77,3009204,62.86
34390a0a-da51-44e4-8b30-14ce088d083a,Carrefour Bio,automobile,grand public,Lille,375950,7,78,55.51,2577046,43.86
460993cb-767c-4fc4-ac11-038f4d0ad4bb,Carrefour Bio,sport,touristes,Nantes,28899,32,544,80.89,69103,114.32
c0855d28-309a-40c4-b9a9-5839e6c38f17,Bellea,luxe,touristes,Toulouse,123481,10,548,72.32,1042281,109.84
99d7d0b7-5e7f-48bd-9686-8d118ebb8032,UrbanFit,beauté,touristes,Lyon,300962,35,442,55.41,2974271,87.1
e6c247b4-8a5d-4d11-937b-848726f47988,Carrefour Bio,retail,étudiants,Toulouse,78309,30,389,84.21,2211112,99.93
9375ac78-aa03-48cb-a757-ef5175aac016,UrbanFit,sport,étudiants,Bordeaux,237762,5,241,52.81,1163738,44.06
393be8f5-dc32-4705-be00-5284d30ad1b7,Luxeor,beauté,CSP+,Paris,39454,39,57,87.36,1731306,140.64
369e2ac1-f96e-4007-99eb-6c710fa12028,Luxeor,retail,touristes,Nantes,269119,7,304,85.13,2347077,86.65
283025a5-74c2-47db-9fb6-90f60ce1b31d,TechNova,banque,touristes,Lille,132140,4,494,77.3,2649678,84.29
ff89ef40-36e5-4776-8958-42edfaa9a6d1,AutoMotion,sport,CSP+,Paris,272563,44,371,81.5,1188208,136.96
397f97b5-e978-4d39-812f-5c24ee2853a3,Fresh&Go,retail,grand public,Nantes,116066,30,59,51.41,497092,60.99
ba13423b-b632-4411-a5a2-a3a067568666,Luxeor,retail,touristes,Bordeaux,368983,17,516,92.94,2614524,118.47
5d9d9ab9-37f0-4881-9b9f-dff0ed12f7d4,TechNova,automobile,familles,Nantes,456040,23,525,74.88,1751835,101.36
64d17368-71ac-4ea9-947d-4f7cb031450a,TechNova,sport,jeunes actifs,Bordeaux,95027,16,94,56.19,3476030,87.69
3932e024-e7a3-48d8-ae0b-81f1731c02b7,AutoMotion,banque,jeunes actifs,Paris,352504,38,33,69.3,1366824,66.35
583427dd-d64b-46bc-a5d9-e3760f8227ab,Luxeor,automobile,jeunes actifs,Nantes,494078,4,446,85.98,1986416,120.99
101d90ac-00ae-4c81-b64e-e04134560b84,Maison Nova,sport,touristes,Lille,266102,36,19,59.23,1515869,69.83
0bf9ac1e-5901-4931-aced-d6b8b5a16d0e,Maison Nova,luxe,grand public,Marseille,144447,39,276,86.07,2724218,128.1
11ff8bae-515d-407a-9eac-4fc1179fa501,AutoMotion,food,étudiants,Nantes,269012,32,575,96.1,131717,76.58
c06ae51c-5ba0-443b-b933-0ab5dfb3dacc,Luxeor,retail,touristes,Lille,444910,40,427,82.6,1323550,138.11
3aa8ca39-26dc-4c5a-ade8-0ca71e131f92,Fresh&Go,luxe,familles,Toulouse,173690,24,386,51.52,177329,75.44
23b92296-66a6-41e0-9ed4-7f8b8dbced0b,AutoMotion,santé,étudiants,Bordeaux,79056,36,121,45.18,557536,67.55
2cf76f9e-07d8-41d3-9b3e-1dcac0e12b98,Bellea,banque,CSP+,Bordeaux,70428,18,496,53.81,1283426,52.57
ede26340-7ba5-41be-aadb-a174af0c394d,AutoMotion,banque,grand public,Paris,302273,13,539,61.31,2020498,53.38
88e0cd1f-04da-4484-8a30-d9576d995bfa,Luxeor,beauté,CSP+,Lille,88253,8,354,55.71,1204470,50.04
b256a978-e145-49c7-8d2f-bfbebef1833b,Bellea,luxe,grand public,Nantes,259222,9,484,62.84,3305313,40.43
3c0f14ef-fbed-4858-b60e-56126fdcb097,Maison Nova,food,étudiants,Bordeaux,58983,6,98,97.8,1778452,131.55
730955a4-68da-46cb-ad1e-77ff719e0b66,Fresh&Go,tech,touristes,Bordeaux,434364,10,591,80.93,1055937,49.66
8c668dc4-ccc8-473b-aac0-79310296da9d,Bellea,food,grand public,Marseille,360044,28,183,64.94,1316591,82.53
5e95b0a8-f4ba-402e-b873-a5fcf31a18a9,UrbanFit,food,grand public,Lille,348779,29,201,74.14,2408704,87.92
80f82da0-9564-407a-a250-f3b2de13fb87,UrbanFit,luxe,étudiants,Lyon,421779,36,29,83.84,550278,54.13
d0b76539-b2c2-463b-8127-db2c20c1f9d5,Fresh&Go,beauté,grand public,Bordeaux,455480,43,115,96.08,566894,73.13
b9aced04-0ca3-4a86-bbb3-93cca3a0c127,Carrefour Bio,food,étudiants,Marseille,433513,45,306,83.92,3332580,89.27
fc0e7f19-e722-43db-bde9-94947bd03908,Luxeor,banque,CSP+,Toulouse,259324,33,10,50.73,531601,49.41
b00ee84a-ee44-4df1-a57f-ad8aad2c6001,Maison Nova,santé,grand public,Lyon,294263,45,279,53.3,2032481,29.62
9949cf2f-c9bc-4be8-8c1c-d503a9c84445,TechNova,tech,grand public,Nantes,210293,27,180,94.88,3061922,67.53
75a19919-e1cb-4dc6-9963-48ccaad7e5a3,Carrefour Bio,automobile,familles,Toulouse,96325,13,15,61.79,2488335,33.8
abfe31c4-ed25-4339-9a1e-5dd7b7b1a514,Maison Nova,beauté,touristes,Lille,317164,17,234,89.19,3110985,146.95
8a798459-4c08-4ae3-b574-929ec323fdba,Maison Nova,banque,touristes,Lille,83320,4,361,95.42,1173012,158.8
2e80483a-4bf0-4449-a764-78420343d81c,TechNova,santé,jeunes actifs,Toulouse,479582,30,384,87.31,1797680,108.08
d1d53bb7-ba76-4e18-aee4-12cceaf616e0,Bellea,automobile,grand public,Paris,84252,38,526,83.2,2193569,128.43
6180fe7b-4de7-4fd9-9246-afb8518d1da1,Bellea,automobile,grand public,Lyon,164720,33,331,66.16,2497255,65.23
5e78224a-7e44-454c-b4d5-76c461257d58,Carrefour Bio,retail,jeunes actifs,Toulouse,203354,31,460,79.52,2387128,123.65
ad003e61-2409-466a-a2a1-984f5e2de122,Bellea,luxe,CSP+,Toulouse,376831,40,266,49.43,3029480,73.17
5f942301-bb54-4d6f-8044-906100aca377,TechNova,beauté,CSP+,Nantes,304838,18,400,72.19,199671,60.68
2df5e05f-8125-4a97-9b7c-ae325af2daae,AutoMotion,beauté,jeunes actifs,Nantes,231197,42,201,65.16,2381156,100.29
c040fbe2-f4e0-46b0-b5cf-ac963626f7d7,Bellea,automobile,grand public,Toulouse,138005,33,521,76.31,3346481,69.26
e28f772d-f004-43f0-8418-f09d3dbb9939,Maison Nova,banque,touristes,Nantes,19086,21,272,87.06,860518,147.3
e544bd73-7cbe-49c6-9eba-bd135f2006ef,Fresh&Go,beauté,étudiants,Paris,322613,22,382,62.08,2449959,34.72
9bd2835a-fe7f-4373-8740-c48c3e203d72,Fresh&Go,tech,grand public,Lille,168762,22,28,72.09,516689,58.66
6de92cdc-8ef3-4ca2-8a20-9e5e4bcbc455,Luxeor,sport,CSP+,Nantes,55152,17,561,93.46,3266799,113.52
4e862056-1085-4040-a43e-2d4c25ccfe38,AutoMotion,luxe,familles,Bordeaux,352917,38,459,97.05,1151169,114.56
29f6b266-8fe1-4fad-9335-542fa790dfcf,Luxeor,banque,étudiants,Lille,14593,25,229,45.57,1392885,63.69
cb54755d-99d1-4c76-8277-185bbea1fac8,Luxeor,beauté,jeunes actifs,Toulouse,24443,35,437,87.53,2215220,137.23
9abc8890-b3ba-495a-9b9d-5a40dc987cd8,AutoMotion,beauté,touristes,Paris,86371,38,568,82.92,1397483,58.85
a88ca61b-07e4-43f2-b6ff-58664753e58f,Carrefour Bio,automobile,étudiants,Lille,452773,4,264,93.77,2084115,98.71
ec404f50-acf5-4661-ae34-5a7b56724153,TechNova,retail,étudiants,Lyon,11407,44,77,55.86,437039,59.33
074159af-4b4a-470a-86b5-2b6aa9abc0a5,Maison Nova,food,jeunes actifs,Lyon,447934,35,446,57.93,518570,88.82
9ff0e105-2c1d-4a34-9e0a-e769c8974dad,UrbanFit,banque,grand public,Lille,212526,7,129,69.72,3421894,109.72
d10afe08-76a9-4dc8-974e-fa0ea3d4df62,Carrefour Bio,luxe,CSP+,Nantes,67022,37,124,60.63,646780,62.95
4e9dec5a-7a19-419c-a9ef-dec3208a3c17,AutoMotion,beauté,touristes,Lille,298842,35,156,58.2,668123,50.82
2d1f0fc3-c5b3-4a05-8b81-056869622566,Maison Nova,santé,familles,Nantes,490921,31,223,95.06,3327193,51.49
8629ea9d-7661-4d32-a3af-0fd797672ee4,AutoMotion,sport,jeunes actifs,Lyon,269016,13,550,47.83,931963,27.97
baf82cd7-5539-4643-ab26-17010b38d529,AutoMotion,banque,CSP+,Nantes,444432,12,591,55.56,457698,88.06
1dadb431-adc6-4d31-a045-4a911cf57482,Bellea,luxe,touristes,Lyon,403762,9,558,77.78,2394761,101.4
6d84c2f8-3713-4bfe-ae45-79f5e175e43e,UrbanFit,sport,étudiants,Lyon,318404,7,263,93.22,755281,85.85
fb343dae-fd9e-4d50-8fa4-98d93cee0492,AutoMotion,sport,jeunes actifs,Nantes,302255,15,441,48.83,559358,50.89
795cf062-8f29-4a36-bb74-597780b29ac9,AutoMotion,retail,CSP+,Lille,307946,34,268,45.52,2528587,75.34
544ccd6e-4bb7-422c-9339-fb87bcf13b0d,Fresh&Go,food,CSP+,Marseille,363778,40,436,61.48,594244,79.84
e4d87ec2-2db5-4a35-9596-b2fa4c2820d2,Carrefour Bio,retail,jeunes actifs,Lyon,217653,42,492,63.55,1211453,100.94
94c474fd-a97b-4eb9-a25b-608e2bebd308,Fresh&Go,retail,jeunes actifs,Paris,347368,4,24,65.51,254408,86.91
b20da0e2-fae9-4132-9719-3ebbeaf05de6,UrbanFit,banque,touristes,Nantes,186534,44,399,82.04,203770,45.32
f0124022-e676-4a7a-b3e9-2e1e02b70bd6,TechNova,automobile,étudiants,Lille,344377,18,477,66.05,1624894,57.45
ace321fc-43b3-4306-9f4f-69a3d2c801d3,Maison Nova,retail,jeunes actifs,Marseille,283604,28,352,60.27,2405096,93.58
d61c71c4-e791-4086-a441-1ddca0f8fef5,Bellea,retail,touristes,Lille,18445,17,320,66.81,2464440,48.0
5a37524c-c9d6-4489-9666-add2197a0f70,Carrefour Bio,retail,familles,Lille,220757,45,304,58.14,1286784,58.62
2824d399-281e-4f61-a5a0-7f70afc794cd,Maison Nova,banque,familles,Marseille,249632,18,127,60.33,1206273,102.18
6053d6a0-ed05-4077-b58f-d2c36d7fe518,Fresh&Go,retail,jeunes actifs,Lille,309328,32,44,58.86,595697,70.35
3ba91a8d-4ded-4b66-ab05-a5cee3deab01,Carrefour Bio,sport,touristes,Paris,486156,6,105,53.56,669715,38.92
1ea8e8b7-5f3a-44b8-a645-88f9808569eb,Maison Nova,retail,touristes,Nantes,482212,37,305,62.21,3427065,60.14
29e8cde7-5752-430b-a2b1-3724eea095e4,Carrefour Bio,retail,CSP+,Lyon,358660,15,549,94.23,893642,107.57
c30bcd63-eb70-45bc-b984-2e00c6844081,UrbanFit,banque,étudiants,Lille,256365,11,308,81.8,592111,119.39
1da795b2-daf8-4d39-9532-c4a5d020c3f6,Fresh&Go,santé,jeunes actifs,Bordeaux,452936,40,129,74.42,2813424,114.8
07e4630a-8d33-48c1-a837-d12954508c99,AutoMotion,santé,étudiants,Nantes,80824,9,116,90.53,987226,79.75
3bc79d0f-7eed-4fb1-a4fd-d2a1c705112a,AutoMotion,tech,CSP+,Nantes,371783,36,29,92.08,2471095,57.68
1d13dd7f-92de-42f2-98ff-f7582d5439b7,Bellea,food,grand public,Nantes,101056,13,402,85.58,1643998,87.49
02861bb3-6fea-47d3-a3a2-1fa8dfbdcbff,TechNova,banque,CSP+,Nantes,60881,39,330,56.27,773151,55.36
a1a854d1-7397-429f-9a24-6aca2d9f07bc,Fresh&Go,luxe,touristes,Nantes,290849,42,36,45.17,713837,57.2
6516c791-fdf9-428d-bb03-e32f9e37ad32,TechNova,tech,jeunes actifs,Lille,33875,24,544,70.09,3426307,103.12
bd71fb3c-1352-46ba-8fc0-f94d67318d1b,AutoMotion,automobile,CSP+,Paris,180592,4,245,84.25,716242,128.75
de3af481-4641-49f7-88b1-62772ab5497b,Maison Nova,banque,jeunes actifs,Marseille,169431,5,580,55.3,2910505,48.54
7defdeb5-1a31-42e8-bf60-e5eb1ce0b998,UrbanFit,banque,étudiants,Paris,470827,15,74,55.09,3333451,78.96
39888106-118a-40a5-98c9-da89b59de113,Fresh&Go,automobile,jeunes actifs,Nantes,271400,44,208,76.39,2453212,106.93
d8a3ad53-2d6a-44b0-a807-621d456b1a7b,Fresh&Go,automobile,touristes,Toulouse,187496,40,124,61.5,3356549,101.91
000a1afc-512d-48f0-b717-458523ce2fec,TechNova,automobile,touristes,Bordeaux,62897,20,291,56.29,1074796,28.4
4f6c7a61-d0a1-451a-b263-15c1b026ad38,Luxeor,banque,CSP+,Toulouse,56940,39,135,83.41,1747214,97.96
dc680c65-44ec-4d64-bd53-83532ebf50f9,Carrefour Bio,banque,familles,Lyon,242861,19,558,84.29,760615,58.95
fd6741f7-e54d-4654-b4f7-87d9b447b049,Maison Nova,tech,CSP+,Toulouse,431382,40,134,76.68,1325337,43.68
03f23822-7960-4a17-9a19-6c75558fcc81,UrbanFit,sport,étudiants,Paris,62340,18,355,59.55,3246198,66.41
c54d4c6c-52c7-4bde-86a2-fb2413e3fbe8,Maison Nova,automobile,jeunes actifs,Paris,122666,12,436,93.69,3073023,85.26
3153a6a2-5497-4b86-8ffc-834c4372afa0,UrbanFit,luxe,CSP+,Lyon,416444,35,550,79.74,2833932,51.35
e57e90bb-e93e-4950-86ad-3f03463986b7,Luxeor,sport,étudiants,Paris,263166,30,73,89.74,1789092,145.18
acf057d6-f07e-4f4c-89ab-6fcc7eca9efc,TechNova,retail,familles,Nantes,263149,41,164,84.99,2558554,90.45
719c2845-2de9-4f53-bb21-88a429943960,AutoMotion,banque,jeunes actifs,Lyon,124116,11,244,50.65,3116009,71.72
13c08402-a723-471c-98f6-b5199affb047,Maison Nova,luxe,grand public,Bordeaux,447791,38,279,77.02,726622,60.1
ee4e9e39-6d27-4ed9-9523-6f90eb6d05cd,TechNova,retail,familles,Bordeaux,266812,27,321,88.67,2495771,57.45
26def2e9-5d4f-41eb-b8cd-6eae624bcdcc,Carrefour Bio,banque,familles,Nantes,124052,41,495,87.39,1991995,46.9
81b047e0-8efb-41a3-8981-68121a0df7ee,AutoMotion,food,CSP+,Lyon,311731,22,66,45.54,290575,35.89
0e3c784e-a6db-453f-82b3-8684a0efab48,Carrefour Bio,santé,CSP+,Toulouse,100877,45,410,61.67,527884,53.54
04d9ebf9-a134-456a-adc7-e1f474b1fb6a,Luxeor,santé,touristes,Marseille,228845,10,295,72.56,3295801,91.64
0b39ccb1-1b96-4f1f-bc9b-a94a98b78ece,AutoMotion,santé,CSP+,Bordeaux,472564,38,152,60.04,970544,47.81
61d20f08-2419-49b3-8e1a-74ebcdf97519,Carrefour Bio,luxe,familles,Toulouse,422080,34,529,58.23,469162,74.25
a4f33240-9a79-4a0d-bbd2-8b3c11f95b21,AutoMotion,food,CSP+,Paris,162888,31,551,65.47,1052174,107.9
fcaae096-6112-4932-8001-9c49372befba,TechNova,retail,grand public,Marseille,225580,8,495,94.2,3051229,156.62
c4c34d25-59e1-4936-9e7f-9d02f39f7947,Bellea,sport,jeunes actifs,Toulouse,382942,20,507,65.26,1176192,86.24
c8fe8ec8-f953-4b3e-b14e-21ce99b71221,AutoMotion,luxe,touristes,Toulouse,466906,22,530,78.04,1667849,103.31
245cdb45-4e27-41a5-9cf5-6f4e844f732b,Bellea,tech,familles,Marseille,275416,4,345,47.16,692820,74.99
b877c339-9b8e-4515-a1f8-e54eb8299f96,Maison Nova,banque,grand public,Toulouse,284585,21,58,76.06,373768,122.94
20d748c9-0f72-4570-ab3b-fbecf8cf5c90,AutoMotion,sport,touristes,Marseille,71239,44,115,57.46,2230934,58.66
eccd3a58-6c95-4572-b0dc-3a9e3d016417,TechNova,sport,jeunes actifs,Bordeaux,214106,8,50,75.57,881303,95.66
9902af62-deca-465d-9732-9a8017d3c1c1,Carrefour Bio,banque,CSP+,Lille,302496,25,121,46.38,2216626,42.41
9e65a1f7-cf21-45a8-b96a-e7bcce9e9be6,Maison Nova,retail,touristes,Nantes,174719,15,422,97.69,2996104,86.42
d8d8be48-06a1-4e5e-8e0b-d08d32e2aef9,Carrefour Bio,banque,familles,Nantes,325546,6,410,62.04,2113344,72.88
5af63a3c-7cde-4988-9034-be83d2d4c290,TechNova,beauté,CSP+,Paris,396008,20,420,75.16,2223536,45.47
05c7837a-053f-4557-b056-8caa15126138,AutoMotion,banque,familles,Marseille,62024,27,145,57.61,3104815,70.79
e3fd34e5-14d7-4a7e-b9f0-290bdfc90bb8,Maison Nova,sport,familles,Paris,146554,20,543,80.77,777496,48.34
4dddf3d3-2df2-4135-956e-e07b7ea4e2cb,AutoMotion,retail,jeunes actifs,Paris,465872,40,192,69.97,2737740,66.99
f0e69de4-fbc6-402b-a4ca-07af943c9cab,Luxeor,sport,jeunes actifs,Nantes,124035,3,284,65.72,1163313,37.8
9564dbbc-5fdd-4454-9894-4113421206f6,Luxeor,food,CSP+,Toulouse,56183,39,564,66.34,2357493,70.87
eee91932-2260-4f27-8527-1f000025df1a,Bellea,food,jeunes actifs,Toulouse,158798,16,418,69.3,2566066,66.17
58aab299-874a-402f-b9db-04241e0b3ad9,Luxeor,luxe,étudiants,Marseille,233454,32,87,88.41,2932883,94.32
6f934eda-d8df-45eb-870f-37f3c1139add,Bellea,sport,familles,Lyon,145805,5,354,72.84,2972877,122.02
8f4199ab-d118-46b6-b11a-b439c3bd1dc3,TechNova,sport,jeunes actifs,Nantes,158189,27,218,60.59,1277274,93.41
16a44b38-ea6d-4f0a-af10-7ac817267514,AutoMotion,santé,jeunes actifs,Lyon,241583,12,573,83.34,955757,112.82
2ba00962-6621-4846-8765-751935d36aea,Luxeor,sport,jeunes actifs,Nantes,411571,10,509,72.26,1594924,76.93
8aea333c-6630-479f-8026-4ddb555388a5,Luxeor,tech,jeunes actifs,Nantes,329798,39,210,50.41,335297,78.97
3046fd7c-443d-485f-9611-a27412f9271e,Luxeor,santé,jeunes actifs,Marseille,81424,22,66,60.22,1118616,94.72
63b0ad72-5ed8-4b1d-b621-347a19fdb249,Maison Nova,retail,familles,Paris,225958,4,132,83.25,2843177,121.74
0d59a2c4-a508-46a0-bef3-e9fc60191b94,TechNova,luxe,CSP+,Lyon,441260,28,597,73.82,3311982,113.74
cc4355e3-640b-4603-a6bf-978ec43edaac,Carrefour Bio,retail,étudiants,Lyon,222232,23,577,73.63,786938,40.69
f83d7bf8-c8ed-46f6-9a14-d709a9bcf062,UrbanFit,retail,familles,Lyon,341948,38,415,76.43,1853959,55.84
3f1d2827-dfa8-4630-bcb0-7799fae98ce3,Luxeor,beauté,touristes,Marseille,217151,33,23,66.77,2138687,43.22
41be9817-a042-44c3-aa07-a794b9169465,Fresh&Go,banque,étudiants,Lyon,292800,27,287,64.78,2031920,86.25
f147494a-67a9-40c3-b797-caba66b2a046,Luxeor,santé,CSP+,Lille,224093,15,454,91.55,2172784,59.17
ed93538d-c39f-4870-b393-435c73ac1f63,Fresh&Go,sport,grand public,Nantes,208453,42,451,89.69,1931243,113.01
65e9372a-90b6-47b5-8c36-f603789ab736,Fresh&Go,retail,touristes,Lille,89824,44,599,81.45,3283520,133.24
be4b3d70-a5dd-4969-98bb-fc2abc3531d7,AutoMotion,beauté,étudiants,Marseille,361478,34,404,46.77,3063649,39.02
eeaec5b6-580a-492c-8d15-316c506250be,Maison Nova,beauté,CSP+,Lille,316611,27,102,65.89,2360879,83.63
db83e377-cdcd-4abf-ae22-58112b8b1963,Carrefour Bio,retail,touristes,Toulouse,11336,36,553,51.67,3380314,26.05
0bbc4f0f-be9d-4d4a-8fad-44d0f9c88b9b,Luxeor,santé,familles,Toulouse,241470,44,165,92.15,2324419,102.58
6937d645-92d4-4374-942f-7af0b61666ca,Bellea,automobile,familles,Marseille,400516,16,52,76.79,2932304,61.73
86538648-1bc6-4df9-890f-6d0028431413,UrbanFit,tech,familles,Lille,10397,44,163,78.64,1976787,81.63
1e48d8f5-af25-4098-b6a5-dde3bb0872e0,Carrefour Bio,sport,touristes,Lille,310994,35,574,57.65,1799872,68.91
a4c1d6ae-bd56-488a-8664-fcf9e99bfe66,AutoMotion,banque,CSP+,Paris,177809,44,109,87.5,2832305,114.01
a485f017-c5f3-4ed6-8d80-68a3eae87858,Fresh&Go,santé,touristes,Marseille,366824,36,360,71.14,2877463,47.71
78662ffb-ba48-4745-9d8e-257521eb1bb6,AutoMotion,sport,familles,Toulouse,7498,26,36,62.64,2178584,70.04
38b32428-80f8-4c2c-99dc-579663617560,AutoMotion,beauté,grand public,Marseille,415969,32,557,71.48,3262229,111.44
4f03ffe8-ec27-4871-9b5f-3c7607c4b6f6,Bellea,santé,grand public,Paris,135648,37,312,65.92,1850020,61.89
3638224d-5331-4588-870f-c8ebba0c29a5,Carrefour Bio,santé,CSP+,Bordeaux,57600,36,190,67.73,1705712,78.87
b1ebf641-815c-4865-bfff-a56ba83abdcb,Fresh&Go,luxe,familles,Lyon,352512,45,63,68.22,1764689,79.41
85787b96-62ab-4190-81e3-7eca48cc811d,Carrefour Bio,luxe,touristes,Nantes,30808,16,344,70.87,465140,115.54
1ad762f8-c5cd-451d-a75d-f122505a00bf,AutoMotion,food,jeunes actifs,Marseille,178898,20,535,86.23,3032658,125.12
e25c82a8-c249-4c0e-9623-6676d3d305aa,Luxeor,luxe,jeunes actifs,Lyon,442528,21,474,66.84,441316,89.62
a1aa1522-ae4e-4195-8a04-87630a93aae7,AutoMotion,food,familles,Toulouse,173532,23,164,97.09,2967373,99.64
31b36d39-bcf7-4c75-81fb-5dbaba2c2588,Luxeor,tech,grand public,Lyon,106034,27,35,96.41,752086,70.86
975e955b-5f51-43d1-92d7-f5d6ce268294,UrbanFit,banque,familles,Nantes,414659,40,237,59.04,3163957,30.05
9091d130-8a4f-4133-8392-9130c2ddb9fa,Fresh&Go,beauté,touristes,Bordeaux,416894,27,406,45.67,480621,71.66
f4099a8b-475e-4372-aae5-a87f74fdc6ec,Bellea,tech,grand public,Lyon,186568,4,390,49.15,2727614,39.2
46f97700-c1e4-49fa-9ab1-640eb79e4e59,Maison Nova,luxe,familles,Bordeaux,353430,4,521,90.86,1909907,142.28
f799f0cd-5c9c-4d94-9b7e-a7cb1e9f8820,Carrefour Bio,luxe,étudiants,Toulouse,408221,25,279,81.12,2278223,130.73
3944a039-82ed-41e7-8b6c-8fb4c6a99d94,Carrefour Bio,retail,CSP+,Lyon,13749,18,315,46.45,1728138,77.48
c7c13fc2-61cd-49ae-bc50-d38550e9826b,UrbanFit,retail,grand public,Bordeaux,275330,11,525,76.75,3360457,113.84
68b749a6-3a0a-49c4-9c52-b922b1230ec2,TechNova,retail,jeunes actifs,Toulouse,486284,22,91,97.84,2814729,54.36
fe2ac2b4-bfc9-41d8-856d-879b1156eee5,Carrefour Bio,food,jeunes actifs,Lyon,324434,6,359,53.23,1304679,47.44
d92b928a-7ee0-4825-9e53-69516ae109b7,AutoMotion,beauté,CSP+,Lille,49253,38,406,59.4,1796110,95.4
95ab9664-7899-4c78-884c-9964b43ad010,TechNova,sport,étudiants,Bordeaux,171288,42,61,72.38,1174708,83.62
4d999905-dbe1-4642-a4e3-f4ff28fa3583,Fresh&Go,sport,touristes,Nantes,61568,16,60,94.81,2422991,89.0
d9c9fce1-7079-48ac-a006-ec211bb904c6,Fresh&Go,tech,CSP+,Nantes,43520,10,93,71.94,1652141,38.53
5e468021-9060-40c8-9be5-d4f530419d56,Bellea,sport,touristes,Marseille,37324,43,238,76.0,2150067,105.4
27714d26-dc5a-4a46-9593-8d67fc924d1b,Luxeor,luxe,jeunes actifs,Marseille,312693,20,57,70.24,3090077,79.45
70a6f02b-0af4-4e06-9c33-af005e90e592,Maison Nova,banque,étudiants,Marseille,384542,31,471,87.14,2848103,85.21
09ed9911-3dc8-4e3b-b276-993d7cfa1529,UrbanFit,banque,jeunes actifs,Lille,209502,41,162,65.57,2726792,54.42
fcdc9276-09dc-4493-8af6-6d6d03f6fc90,Bellea,food,CSP+,Bordeaux,37399,11,77,96.94,2373679,87.13
2c546c16-826c-4f98-a05e-5349d8141f38,AutoMotion,food,familles,Nantes,124969,24,10,58.07,758899,34.71
716b7a5a-9d68-46c5-af7b-16c6207a133a,Maison Nova,food,CSP+,Lille,370047,7,446,88.63,1724694,129.31
9b604dbc-493c-47d7-8a1e-7aa8070d3d3b,Bellea,food,touristes,Nantes,46949,19,446,84.14,1937010,53.57
e8c2ff9f-c877-4f4e-b800-b99b64ee4acb,UrbanFit,beauté,grand public,Bordeaux,76644,13,148,81.04,1032096,134.2
0e9c287f-9405-463f-80f8-f54c0ea86888,UrbanFit,retail,étudiants,Paris,36655,6,357,86.09,915564,69.26
de68c54e-8a5c-42df-adf9-b368a7dcb600,Bellea,tech,étudiants,Nantes,353891,15,589,88.89,1848898,67.65
dd7ed56d-d39e-42c8-8919-bfafbfb07496,TechNova,sport,familles,Lyon,16777,40,120,71.23,2449747,42.88
6baa39c9-ea12-43c1-be60-c1c1cf0b532e,Fresh&Go,luxe,grand public,Marseille,62304,30,348,80.62,2154749,132.42
ef80af92-5aec-42f5-adbd-cceff9981186,Carrefour Bio,tech,touristes,Lille,12634,30,240,86.96,2168706,60.26
843d9599-89aa-447c-b0b6-40f21a32904c,Bellea,luxe,grand public,Nantes,130818,35,169,92.98,3282565,63.44
f1d0f69c-7e54-43d0-9394-11de102a7700,AutoMotion,santé,jeunes actifs,Paris,12131,34,463,51.13,2207833,31.35
0aebf9c6-be57-4785-b1cb-9484d9e25b55,UrbanFit,luxe,touristes,Paris,36409,13,24,87.23,2334555,53.13
3b49f341-be80-467e-b2f1-078fc3221300,Bellea,beauté,touristes,Toulouse,107513,9,71,69.03,2057184,45.0
54c57c5d-c570-435b-9a1b-21e60a1315e5,UrbanFit,beauté,touristes,Toulouse,237841,28,350,55.56,3077702,69.87
56048eea-375b-426c-a681-92a4dbd05897,UrbanFit,sport,étudiants,Paris,84087,4,410,89.34,723741,59.62
a864782e-14df-407c-8530-df7bd1151831,TechNova,beauté,jeunes actifs,Toulouse,300481,34,277,45.04,2249588,47.17
01bffd4a-18b3-4def-ab99-8c7acde53c0c,Maison Nova,automobile,touristes,Lyon,365826,3,534,63.76,387716,62.69
10cc00f2-5c0d-43f9-b6ab-3edc5fc054db,AutoMotion,tech,touristes,Lyon,165553,22,221,69.13,3418241,100.51
4562c403-e33b-4571-86a2-e3f6cc640608,Carrefour Bio,santé,CSP+,Bordeaux,252823,10,52,58.06,2839411,34.56
f83ce95f-e116-419f-bff8-2a9b33f97a9a,Bellea,tech,familles,Bordeaux,191523,36,51,69.17,860003,64.17
89ef5874-ca25-4c93-be0c-7c07b05279ae,Bellea,sport,touristes,Marseille,103160,37,429,60.91,551675,102.69
a55ac94b-e450-4fb0-b63b-9bde4d2eaa03,Carrefour Bio,beauté,jeunes actifs,Lyon,252695,42,292,92.54,1769204,61.84
75069eb2-b4dc-435a-a942-b249349eef45,Bellea,automobile,familles,Nantes,423325,43,80,90.81,3409201,108.54
7d4020c5-8894-44d8-9db5-2fdecc3cdfa8,Luxeor,sport,familles,Nantes,76232,36,65,87.5,2422970,140.58
26d89dd9-d8b0-4908-96ae-1ef8621b0bac,Bellea,tech,grand public,Nantes,98808,10,233,70.42,2354654,113.29
6287d6f0-c201-4fdd-be7b-73b84027493b,Luxeor,tech,jeunes actifs,Lille,410035,3,66,82.12,2203337,54.81
61f7c367-a823-4f19-bfd8-ff1f1d454c25,TechNova,beauté,jeunes actifs,Marseille,198800,7,365,66.23,2828587,79.08
5eb0b860-5be0-4737-8dc4-cf13f147d4ec,Maison Nova,santé,CSP+,Toulouse,444504,31,382,56.65,1519441,52.82
a52ceebd-c0e2-42d0-91be-e616dba24f09,Carrefour Bio,sport,jeunes actifs,Toulouse,465128,24,194,58.42,1155049,42.08
01dbf7ec-b221-4616-80b4-7c2a8e936fd0,AutoMotion,luxe,étudiants,Toulouse,5156,19,161,97.15,893244,53.21
137c87a5-5a2c-451b-bb65-eb702bc9f055,Bellea,santé,touristes,Toulouse,56898,39,206,54.57,1310851,29.25
6ec18d32-ffb7-4e92-b066-a16d4f0b8381,Carrefour Bio,banque,CSP+,Bordeaux,263015,45,270,47.48,2854654,47.01
c33841de-1c6d-4337-a997-a9388aadf175,Luxeor,santé,familles,Lyon,385233,35,501,61.56,2903756,60.82
ab3b02a4-e664-42af-8150-868c59ebcf40,Fresh&Go,santé,grand public,Lille,162005,39,322,69.37,213666,106.16
efb68aa4-9fcc-4ce0-9699-e8c77a038e5f,Bellea,beauté,étudiants,Toulouse,385707,30,410,88.95,420305,90.91
2cef1179-101f-4203-ba0f-5e51d9d10760,Carrefour Bio,sport,touristes,Toulouse,275861,20,96,48.41,2287503,40.83
47e92482-94c5-4eba-9bc4-84de4f770b68,AutoMotion,automobile,touristes,Toulouse,241304,21,290,89.12,1826183,120.06
5104fc2b-6e99-4161-b673-b09f96542221,Bellea,santé,étudiants,Nantes,283952,7,32,90.65,2761052,119.27
961d69b8-590d-4028-9432-cf7bf7d8d100,Maison Nova,tech,touristes,Toulouse,492164,8,118,68.35,927587,83.51
cf50e085-54f2-4117-8ce8-3c5216f99073,Luxeor,automobile,grand public,Lyon,273866,17,48,79.73,2022376,77.4
5eb3598e-b54d-4fef-aa92-4256c17d7757,Luxeor,beauté,touristes,Paris,455681,45,467,45.92,201606,62.1
fb17b587-aec9-47fc-81bf-e466c23de6e3,Fresh&Go,beauté,familles,Lille,181753,10,417,53.49,2848921,41.23
f7a1e884-96ed-4c16-bbe6-c2a58e32761d,UrbanFit,tech,grand public,Marseille,48515,16,134,77.22,2396075,106.54
2cbe6849-ee5e-40ac-b15c-7c5885b6b92f,Bellea,food,jeunes actifs,Toulouse,443398,13,570,93.91,251947,50.9
28ac08c8-e6f7-45ce-a918-491c0c02e11b,AutoMotion,luxe,grand public,Toulouse,60322,39,183,97.22,1457800,92.92
c27f94f9-30d5-4894-a0cf-004ba24503ec,AutoMotion,beauté,jeunes actifs,Bordeaux,471931,32,288,50.09,596003,42.88
a148808a-e6e9-49a6-b4f4-49da1f1a6def,Luxeor,food,jeunes actifs,Paris,349228,9,493,57.75,653875,47.97
a2a615d0-d9be-44e4-8c4e-dd3f0c829ede,Bellea,beauté,grand public,Nantes,102078,31,586,72.44,382789,84.14
b5f589b6-823d-4e4f-bc02-47fa7231dab2,Maison Nova,beauté,CSP+,Toulouse,171804,37,203,84.55,985503,136.44
1e5819cc-8d7a-4f43-ab60-e7a19038fe5b,Fresh&Go,retail,familles,Lille,403456,30,23,52.8,989737,27.83
c596c549-f178-4f73-9caf-ef8c4d91903c,Fresh&Go,sport,familles,Nantes,202140,16,149,95.88,2716303,161.51
6f86594a-f31d-4877-99c4-3a44b06deaac,Luxeor,beauté,familles,Lyon,421719,43,246,56.39,192124,58.99
75ef19a5-34a4-4ea4-8de2-76e270b25c6b,AutoMotion,luxe,touristes,Lyon,346497,28,31,67.47,2965834,105.85
c5ba8c48-f5c9-4fa8-bf4d-40301ec1764d,Carrefour Bio,tech,étudiants,Paris,165841,25,89,60.85,1582413,50.63
68adda6b-5346-4cea-bd3f-8ed9f64f0274,Bellea,food,grand public,Nantes,155303,13,33,57.09,1016827,73.32
3d1d5ffa-6d35-403e-b4a4-bb6bcf364b41,Luxeor,retail,touristes,Paris,39621,21,211,82.65,2923728,110.73
88365c4e-62d1-4eb9-b8fd-d09bb5ed4c9a,Maison Nova,santé,CSP+,Nantes,300390,29,551,57.07,737874,66.51
01918547-7115-4394-b836-af8862cc883e,UrbanFit,luxe,étudiants,Nantes,198539,41,578,81.7,1615381,117.2
3dae23bb-697b-4242-9439-40debc9cf843,TechNova,luxe,CSP+,Lille,324862,40,259,59.72,3387048,81.77
94067853-a5f2-4d31-9e72-00d9a009c06f,Bellea,food,touristes,Toulouse,253648,38,376,56.73,2588292,80.22
d88570b7-a6b5-4115-920c-be585295eef6,UrbanFit,luxe,grand public,Nantes,201483,29,110,60.0,1315834,50.26
99386f0b-745a-4bbd-a616-5b3348dd8f1c,Bellea,food,familles,Marseille,272606,42,133,73.41,27847,88.08
159c97de-ad6e-4e40-bf31-a2c03f766e50,TechNova,santé,touristes,Bordeaux,184181,6,285,61.13,631479,97.24
a2d5014c-d4ed-4b8f-b571-6d81ea14c33f,Luxeor,luxe,touristes,Lille,94156,18,460,52.85,3284732,37.81
196b53e8-0f01-407d-8e7f-c28960a302ef,Carrefour Bio,automobile,grand public,Nantes,375956,11,164,72.43,2343029,71.58
755562e5-2ba8-4a11-a90d-17f0366cd1ec,TechNova,food,familles,Toulouse,48871,13,325,50.85,830113,83.5
debfec39-f01f-4b19-ba8b-117162924e8a,Luxeor,retail,grand public,Bordeaux,485710,8,468,75.15,2322302,81.72
c975a7b3-441d-41c2-b379-2ab20faeb21c,TechNova,banque,touristes,Marseille,113270,23,498,47.38,1759643,30.17
3d6ca50e-0da6-436c-b17f-3dbd1c9a86e8,TechNova,banque,touristes,Lille,11015,3,308,83.97,1949454,139.84
e720dcf0-779a-488e-89e6-8014555bb781,Luxeor,beauté,étudiants,Lille,170435,38,52,80.41,591522,130.39
692e0526-3354-4629-9e85-9e5359552453,Bellea,food,familles,Toulouse,32889,24,129,69.85,3064784,83.42
7549d65b-4573-4855-ac3a-3753b37c0668,Maison Nova,sport,familles,Lyon,57856,13,42,51.25,877587,75.3
4d3e10fd-e689-4602-bfe8-b041c6c2253a,Carrefour Bio,luxe,familles,Lyon,290265,4,416,55.56,299188,29.78
7db495d9-3768-42e8-939d-4e907bf59373,AutoMotion,luxe,étudiants,Paris,354726,13,540,70.26,1228367,36.48
a2132e9e-b101-42cb-a2a9-b70fd1a37dda,Carrefour Bio,tech,grand public,Lyon,53209,9,10,61.11,2115187,31.57
3d998c0d-55d8-425d-ae6a-70964428f52c,UrbanFit,banque,étudiants,Marseille,224141,10,520,55.87,607835,30.41
95c26001-e2b4-46ad-8c06-8d5221991877,AutoMotion,tech,grand public,Lille,363307,13,23,74.16,464817,87.08
7eff7c34-40a4-4a0c-b0fa-3c4420570a66,TechNova,food,CSP+,Bordeaux,102201,6,83,49.41,1840435,74.15
543ff8ee-a75a-451b-adbc-e8af9d02dc5e,UrbanFit,sport,CSP+,Lyon,311132,33,293,93.89,2811743,114.47
4b6482c9-d5e1-4c7e-8234-c06f36ecddcb,TechNova,banque,étudiants,Nantes,331192,39,581,83.1,3328903,119.61
0347ef9d-2811-45e9-b84b-3f2bf9d214eb,Luxeor,food,jeunes actifs,Lyon,395085,26,179,97.42,3459033,59.4
7e3ff46c-77a5-4bac-8551-20d395642025,UrbanFit,banque,touristes,Lyon,6433,6,572,78.35,782847,46.14
ff3fd303-e8f2-4add-a76e-29d212c1db60,Fresh&Go,sport,touristes,Bordeaux,138371,9,344,51.97,1395927,62.6
77a45c41-9451-4c99-b632-0ec05bb85a6d,Fresh&Go,tech,étudiants,Nantes,383011,34,21,64.83,2769877,69.97
568694b5-064f-400c-8e88-7c3b7fcc2a0f,Carrefour Bio,tech,grand public,Bordeaux,408486,45,123,58.49,3439910,36.41
490f6c2f-2ce1-45a0-9ea0-7cd4dc958ca7,Fresh&Go,tech,grand public,Lille,441032,45,565,67.54,347917,97.34
2a0a4443-e4d6-44c2-a877-36cab8ad471d,Luxeor,luxe,touristes,Lille,346192,9,192,62.54,930169,91.94
49efe350-0cbf-4429-a47c-cd47e83887c0,Fresh&Go,sport,étudiants,Bordeaux,426145,21,491,85.19,3101063,130.75
9ea551ad-46cf-429a-8bb1-7cab657cf415,Carrefour Bio,sport,étudiants,Lille,114657,11,361,67.01,1217385,83.56
6e072a0d-0270-4d5f-bbe5-6e8e2bf943cd,TechNova,luxe,CSP+,Lille,451994,29,374,77.62,840053,80.25
a7ddde01-8695-4b4e-8768-83a616d2b74f,Luxeor,luxe,familles,Lyon,343330,8,207,66.86,2893433,61.42
238e971a-243a-458a-9ab4-d16d236115d7,TechNova,food,jeunes actifs,Bordeaux,270928,14,114,67.07,2054353,113.34
fbaf71c4-c8e8-4a52-8de9-28508f4ba7e0,Maison Nova,santé,CSP+,Bordeaux,486459,5,183,91.49,1946311,64.14
868d2faa-81a1-481f-a1db-09b4a593f041,Bellea,automobile,familles,Nantes,459600,38,139,93.37,1486245,48.94
79397b3c-5ab8-478c-ba8e-c81c1d611c33,Bellea,food,CSP+,Lyon,111081,41,354,72.7,307030,59.46
5ab9a0b2-2ae1-49d0-9754-cb4704c39d20,AutoMotion,santé,CSP+,Nantes,432662,33,246,71.06,1652643,114.41
2a153ed0-bb13-4f5f-b2c7-99291129636e,Carrefour Bio,automobile,familles,Nantes,144147,43,206,52.41,1203991,56.82
e62dfcab-09c2-427e-8856-8caec06fa48b,Bellea,santé,étudiants,Lyon,309274,25,364,53.32,3236957,52.62
634c49d3-e369-4cb0-8a10-6c53f2c9252a,Luxeor,food,touristes,Bordeaux,421295,24,86,73.38,1939258,61.7
47bf1c0c-6bf8-4df1-abef-f85728dbc517,TechNova,food,touristes,Toulouse,70187,7,443,54.94,475778,36.48
2958174e-e4e4-45ef-a0f1-4c1997ce2315,Luxeor,banque,étudiants,Nantes,391578,40,214,96.04,671625,72.94
c7d200eb-3e48-4140-a7ea-9b0f7a80ffee,Fresh&Go,banque,jeunes actifs,Toulouse,332086,14,490,45.36,2307044,49.34
e5725683-d263-41fc-955b-fc35162087f8,UrbanFit,tech,CSP+,Bordeaux,202962,44,574,52.35,1132205,33.46
9002a745-5c52-4745-a213-a68f0be699aa,TechNova,sport,CSP+,Toulouse,306943,34,520,58.42,462678,88.85
c7dfa4ac-acac-482d-841a-3a9efea7120c,UrbanFit,automobile,touristes,Paris,190757,17,494,88.77,1504629,137.41
ac126f9d-a08b-4efc-ae48-a30b3fb06d58,Bellea,luxe,touristes,Nantes,152124,11,248,67.83,2250236,53.62
78398d9c-c7f8-4e6d-aebf-9dc13b48c122,AutoMotion,banque,étudiants,Toulouse,411985,45,363,86.08,1750455,83.2
99cb10a3-2c97-4679-8e77-d46cf447385f,Bellea,food,grand public,Toulouse,385533,26,197,68.2,2284271,111.26
0df3f442-c129-4178-adfd-6ed166473c77,TechNova,sport,jeunes actifs,Nantes,365386,18,24,96.7,1761229,118.57
6861b1fb-ab72-4e38-aede-f3c4d5b28fca,Bellea,santé,grand public,Toulouse,59728,14,541,76.5,3010126,69.05
41a32fbe-a04b-4b3b-9e98-55167e7dee9d,TechNova,sport,grand public,Lille,314306,37,375,72.11,2675531,113.84
208d53d6-6d67-4dfe-acb0-884c48865e96,Luxeor,tech,CSP+,Nantes,56938,32,413,95.01,3089404,147.66
e332edff-6035-4392-835b-f92f66f96984,Fresh&Go,automobile,CSP+,Lille,487856,6,517,72.47,2471628,117.02
f3395d7d-6969-42a4-a405-194e80c83645,Fresh&Go,automobile,jeunes actifs,Lille,496407,11,444,57.34,1520761,37.14
ba9fdf40-fcfe-4f06-b8ec-f4bdcfc502fa,Maison Nova,retail,CSP+,Marseille,96844,45,288,71.68,317838,36.41
cc968d2c-a8a2-45cb-a302-a96b040dc021,AutoMotion,banque,touristes,Lyon,114911,33,445,93.01,730363,122.34
a2581349-a055-446d-8d0e-bb01f8b56e10,AutoMotion,beauté,grand public,Lyon,326659,12,367,77.02,583533,101.31
0bf2ea94-f6f2-4af0-9baf-dac50446d4ee,UrbanFit,sport,CSP+,Toulouse,264249,26,24,85.37,378169,71.89
06ec554d-165a-4629-b86a-e9d6ea393de8,AutoMotion,tech,étudiants,Toulouse,289124,27,533,65.68,1307870,110.14
bf6ea740-a091-4f14-b944-2f0e64599587,Bellea,food,jeunes actifs,Paris,264461,32,268,66.13,2465903,96.03
4374b318-7411-42dd-947f-9daa090bc605,UrbanFit,beauté,touristes,Paris,309963,16,444,53.64,2611457,37.2
75f37b22-8ad0-46ab-8045-fc7863099d57,Fresh&Go,luxe,CSP+,Lille,346954,43,70,52.32,934515,27.71
05de62d9-cbc1-42d6-9d29-e1ae00eadbfa,Bellea,food,familles,Bordeaux,37554,14,437,74.36,598968,51.93
f2a3d133-78c7-458d-bfcb-f6738c9f5600,Fresh&Go,santé,CSP+,Paris,151528,20,531,86.86,2851857,59.61
91dab48f-aa43-476b-b481-4336a6bbced6,Fresh&Go,beauté,touristes,Lille,305394,34,257,50.86,855343,81.67
4eaf5296-ff3a-4a7a-8045-f2c26cb3e8ea,UrbanFit,luxe,grand public,Lille,290453,23,221,53.85,2464580,78.45
153436f0-ffac-4d18-a2c9-2a1640012f33,Bellea,santé,familles,Nantes,71816,41,415,50.24,314456,54.65
ec21fbb6-4f55-4f77-9de5-163498f9ac54,Carrefour Bio,retail,étudiants,Bordeaux,69364,39,298,63.59,2478987,92.97
0b5607b7-c397-40e7-baea-43b6d0599483,UrbanFit,banque,touristes,Lyon,7515,43,291,72.36,1126105,103.32
82d033eb-4490-4d56-a8e0-9044a86ae2d4,Fresh&Go,food,CSP+,Marseille,44800,43,314,50.61,1423927,83.63
f1e53404-c73c-4ae8-b60c-f1cae388415e,TechNova,automobile,jeunes actifs,Lyon,15957,13,513,80.78,1282198,109.56
c2aa2164-4fb7-4176-99d2-b2268ae72da3,Maison Nova,tech,CSP+,Paris,6840,28,257,71.09,2613397,88.84
7bb27827-6267-4dc2-aff8-57ffd6d26ba1,Luxeor,sport,grand public,Nantes,135399,31,158,91.27,1865860,52.77
f84d2795-6480-42cf-89e9-0ecb280784dd,Carrefour Bio,luxe,étudiants,Lille,5927,18,575,67.98,2799399,76.12
f4091320-e0e4-4e93-a417-b0d462e4644d,UrbanFit,santé,grand public,Lille,16453,23,167,86.72,2605370,107.85
f49d0c29-246c-4108-aaf5-827ba9a103eb,Luxeor,beauté,touristes,Marseille,197098,34,349,96.06,2693546,95.94
3b3ee5aa-dfa9-4bb6-ba5f-ef486518ff3d,Luxeor,automobile,touristes,Lyon,114064,13,395,83.32,1368646,79.5
c4cb4e49-0e2a-40ec-b308-e3ec5673adca,TechNova,santé,étudiants,Lyon,97420,14,294,89.3,521916,50.58
0a32277d-3952-48bc-b074-9d247186ffab,Luxeor,santé,jeunes actifs,Bordeaux,25481,34,126,63.02,1054642,69.43
aa2fc9c0-92b8-4a57-b92f-bc30584ff464,Maison Nova,sport,étudiants,Marseille,157200,30,588,47.08,1379782,41.84
eb915d44-2b3d-4fb6-8913-835dd783939e,Maison Nova,retail,familles,Toulouse,416510,16,414,71.61,2063998,114.31
678aa320-9e3e-4210-be75-46f09bba5c8e,Maison Nova,automobile,grand public,Nantes,21749,41,532,91.68,933057,114.44
e1feb4f6-aec0-4e91-81bb-3d6cdf8cb2a5,UrbanFit,sport,grand public,Lille,209126,33,200,96.97,163329,160.12
9b1286a4-7617-4880-a155-afe50fbf1c5b,AutoMotion,luxe,jeunes actifs,Lille,422418,41,429,83.29,3428355,67.85
0947a839-c50e-41fb-a696-1fa13ff8c895,Luxeor,beauté,étudiants,Lille,484428,4,391,69.56,3204191,114.67
86b21e9d-1c06-40cc-b23d-59dc24db170f,Maison Nova,retail,familles,Nantes,426744,38,543,50.31,564154,32.77
c5e0dc23-0f1d-4162-861a-9746d7f4aa50,Maison Nova,automobile,jeunes actifs,Paris,319813,10,522,55.15,1684907,60.65
a24be2d6-d6c4-4ddf-8dcf-0d70a5314dcc,Bellea,santé,familles,Nantes,25475,10,312,77.45,3383323,123.61
f2bbbf66-a3cf-41a6-94da-26e4ba393ea9,Maison Nova,beauté,grand public,Nantes,285110,6,556,95.23,3420619,74.63
ce49c5b0-a387-4dd8-834a-ecd1d8af97b9,AutoMotion,food,CSP+,Nantes,196277,10,99,93.85,360715,139.43
deed23bc-7dab-4789-b01a-3a625091f851,Maison Nova,luxe,étudiants,Paris,423851,8,14,85.07,3461666,95.76
0b5dd396-db07-46b6-b9b2-00c3c070f5a6,Carrefour Bio,tech,étudiants,Bordeaux,225140,6,228,59.96,493248,39.95
342826ed-5b62-46c7-8f4d-2291dbb6401e,Fresh&Go,sport,grand public,Paris,341098,21,253,79.11,1530351,62.59
249abe6e-e914-4794-93a4-3ea524a67dcb,UrbanFit,tech,jeunes actifs,Marseille,46291,13,83,87.08,3480276,72.03
58c4bdc3-d7e6-42eb-b516-d19cac9faa7f,Carrefour Bio,retail,jeunes actifs,Nantes,433024,11,329,86.74,2856877,119.88
fbbb9dfe-60f0-41e3-aa40-048e22688a6b,TechNova,santé,CSP+,Bordeaux,288182,45,567,81.76,612246,136.22
feea1540-51e6-4566-8290-796a764c185f,UrbanFit,beauté,grand public,Lille,450621,13,22,86.09,1541352,139.84
7e7cbb7c-1ace-4fc3-a34d-608371f813a9,AutoMotion,sport,étudiants,Lille,164748,34,355,66.13,641051,103.11
fecf55d2-6dda-4e06-bc86-cb954f013ead,Maison Nova,tech,CSP+,Nantes,496301,28,390,62.48,542135,99.13
cc180e57-3f6c-49a5-be1b-6bc535765e82,Fresh&Go,santé,étudiants,Nantes,255178,6,126,64.12,95877,84.67
99a093d1-bbea-4b11-942c-28d99325d82a,Bellea,sport,étudiants,Bordeaux,42533,34,397,46.8,2369697,44.33
90d2f745-fa45-4e60-a223-61d88c31a79e,Maison Nova,tech,grand public,Lille,441156,16,119,67.97,2391523,55.21
f1195dc6-894a-4a34-a552-6d6867d1b0bc,Luxeor,automobile,familles,Toulouse,465436,40,181,51.35,1247052,31.87
15b5dc25-f7ac-4adc-9a48-26e7269ef67c,AutoMotion,santé,grand public,Paris,335052,27,400,57.47,2318222,94.28
a47cd4ce-6dc3-496a-82c3-30439e88eb27,UrbanFit,retail,familles,Bordeaux,92229,18,417,67.48,2278458,42.8
bef4a6bf-2230-4359-b2c5-ca47fb2d41bd,Maison Nova,retail,jeunes actifs,Marseille,381751,18,123,60.34,995673,85.61
535af9eb-e3a1-438f-a3a9-5cff67efb18d,Maison Nova,food,jeunes actifs,Paris,295477,44,522,58.5,1421715,35.86
f5c9cffc-fa20-43a5-8a8e-6fa70137c4cb,UrbanFit,retail,touristes,Lille,351812,25,341,75.15,240723,49.17
a6ec3218-90a1-4945-89bb-42da94eed144,Luxeor,tech,grand public,Toulouse,138507,12,448,60.08,986599,40.96
a490ff3b-bb1f-473e-8a5a-30a2bee7c9f1,Fresh&Go,luxe,grand public,Toulouse,412337,7,395,51.24,3214230,56.25
35afe6b1-f154-4a08-9768-398a7a4c8287,Carrefour Bio,automobile,jeunes actifs,Marseille,448626,32,326,68.71,1597579,81.53
77a75958-b1e4-4d1e-9591-119855cf51f2,Maison Nova,luxe,grand public,Lyon,43480,37,64,80.51,2660734,68.04
2af8a078-7760-45b5-b060-ede3e8bac1f2,Bellea,retail,touristes,Bordeaux,31901,39,53,84.09,374952,89.27
d02209c5-ce3f-42f0-a77e-d93aa911ff6f,UrbanFit,tech,familles,Bordeaux,273503,5,41,68.24,1613726,82.27
ed0bfa7c-0882-4680-9223-f8e3f2b6b990,Luxeor,santé,jeunes actifs,Bordeaux,336097,19,70,93.61,135534,98.11
bb977697-159f-47be-910f-e714c62597e0,Carrefour Bio,automobile,touristes,Lyon,270795,34,428,94.72,1025584,102.34
e7aef5cc-77f5-49e5-864d-6fafa10bba37,Carrefour Bio,banque,jeunes actifs,Nantes,64096,5,423,83.7,2234963,110.69
41c63384-03aa-48e5-9be0-11df39d0509e,Carrefour Bio,luxe,étudiants,Lille,413831,5,445,70.73,2750813,111.27
e12638ab-1e69-4958-89ca-fb0f6627eb1c,Fresh&Go,sport,jeunes actifs,Lyon,372591,3,580,84.89,2129182,91.52
055f0035-05e4-446f-9105-518ede7b4595,Carrefour Bio,santé,étudiants,Toulouse,483868,15,549,92.86,22417,123.59
4e6281ef-93b5-4dd9-9d32-544e4f99201c,AutoMotion,beauté,touristes,Toulouse,95668,7,241,52.73,3335069,36.34
7bcbc31e-d415-4d9e-8564-cdc8e27575ec,Maison Nova,santé,familles,Lyon,151062,15,105,68.29,3003687,103.77
2b305840-13e6-4163-b401-1360f71dd79d,Maison Nova,luxe,touristes,Marseille,267018,9,530,51.65,462417,68.98
9a417e2c-54bc-42e0-a74b-226074523c20,UrbanFit,luxe,jeunes actifs,Lyon,448940,27,299,64.77,1421280,40.45
712efa33-4405-4053-b4e1-968c25a26edd,UrbanFit,luxe,touristes,Marseille,422256,36,463,46.0,1817955,76.44
cf7ccd34-57b4-40cc-b960-c71672a61ae7,Luxeor,beauté,grand public,Paris,336262,39,11,55.54,2970621,77.96
fc29208f-2686-4e7b-8fa1-1c47420e416c,TechNova,food,familles,Nantes,116338,7,323,48.97,1231685,82.94
731067c1-7b9a-4b71-9337-862bae3ec795,Bellea,beauté,jeunes actifs,Lyon,477559,3,128,78.23,748867,101.25
d2962b5c-e7ed-4c6f-a3fd-da9b1b84ccf2,Carrefour Bio,retail,CSP+,Marseille,280665,23,326,94.35,2662546,151.56
440b7d3d-18e5-4429-89bf-300f32b733a9,TechNova,beauté,CSP+,Nantes,401135,39,581,87.34,1123000,91.17
6f5843bb-75f9-43f9-a5a8-b0a440774f19,UrbanFit,automobile,CSP+,Marseille,140858,14,266,54.81,2311312,44.21
10d71cfb-d441-4ad8-ab34-f5d4e3e3b45d,Fresh&Go,retail,familles,Lille,10845,11,455,93.46,2559140,62.82
b06b43be-fb13-46f8-92b0-7fb9ef2d9725,Bellea,banque,CSP+,Lille,17744,36,105,83.19,1899321,74.6
bad86530-244a-4d09-a549-bf279d9ca970,Fresh&Go,automobile,grand public,Paris,408667,36,360,56.44,347882,31.47
ab624aeb-5a31-4bf0-95e7-b9bf477300b4,TechNova,automobile,étudiants,Marseille,18633,16,266,48.26,142515,42.4
2e914f0a-ed85-4e47-a184-1b1eaf88d094,Bellea,santé,CSP+,Lille,18093,17,329,68.27,2032335,53.32
df6dcfd2-cbe5-4123-ae2f-c6ba1b1dd567,AutoMotion,food,familles,Lille,36168,25,44,51.73,632037,45.57
6b62930b-4c33-4e45-a3f8-eb2f98062a36,TechNova,tech,jeunes actifs,Marseille,202495,43,110,47.14,2596291,59.1
64e5d792-b99b-4b59-8719-442751556a70,TechNova,tech,touristes,Bordeaux,152824,7,66,60.44,2114169,61.66
eac69437-c48c-4abc-ae15-69fd0e2cdc97,Carrefour Bio,retail,étudiants,Toulouse,458619,7,127,94.56,2186842,64.92
e058bd87-0107-426b-a7a3-036db0d360df,Fresh&Go,retail,jeunes actifs,Lyon,230936,20,467,58.27,3432720,60.8
3a2706d1-b2ea-4bed-9d9b-e7a0dccbadd9,Luxeor,automobile,CSP+,Lyon,61311,12,374,57.59,1413214,40.29
3bd513ff-683d-4f85-b84d-1a90d616ea07,Fresh&Go,retail,CSP+,Bordeaux,137809,40,542,84.79,314692,126.99
a0a89042-c339-4823-a21e-f7d6eabce3dd,Maison Nova,retail,grand public,Toulouse,493482,33,431,90.3,1484935,152.09
89b75b61-fc9c-4a85-b3e5-c0a39f0cce80,Luxeor,food,CSP+,Nantes,396549,36,14,73.88,1161273,61.6
718aed42-bcdb-4354-9540-da9aa5056b27,Fresh&Go,tech,jeunes actifs,Lille,354234,40,183,95.29,2563391,63.33
e5853175-68fe-461f-b4af-cd6691a22bcf,Carrefour Bio,retail,jeunes actifs,Paris,442946,26,325,64.31,2520887,64.66
a2c214e7-4b4c-49df-93d9-fc374ea356b3,Bellea,tech,grand public,Nantes,305913,19,526,60.91,1229347,56.88
d5da08e9-737f-4c02-af57-e76bf81fb12c,Bellea,tech,familles,Toulouse,396193,19,432,75.38,3344061,74.88
0b012751-1a56-4bd4-bffb-6af6e20e80a7,TechNova,automobile,jeunes actifs,Marseille,144751,17,423,57.52,2582119,30.56
4e8c958d-05d3-4aed-9b01-5ca34253fbd5,UrbanFit,food,jeunes actifs,Bordeaux,331011,32,96,70.97,1425259,74.44
0d1e0878-8217-4400-8c23-cd7a862ea788,AutoMotion,retail,étudiants,Nantes,424546,30,561,93.61,1781742,86.36
ba1d8890-6675-4104-95f4-1a5ee348d55f,Carrefour Bio,banque,familles,Lyon,294336,31,550,81.13,2819109,49.66
7e992471-2da0-41e7-8223-adaa4c2b3498,TechNova,retail,CSP+,Lille,226793,4,419,95.84,646034,93.34
b69eb514-5757-47fc-a2e8-9f15fd9d5087,Luxeor,luxe,CSP+,Paris,193998,37,567,64.3,1747533,80.19
985539e9-329b-4eeb-b79e-4e14b8a89593,Carrefour Bio,luxe,grand public,Marseille,421164,32,17,88.9,3466648,111.05
69fed2d0-bed6-4b7e-b021-71f00c454a33,TechNova,automobile,étudiants,Bordeaux,328636,25,361,56.47,1932812,92.67
9371820a-1985-4f6e-a801-ddda64fb28b2,Luxeor,retail,familles,Lille,255025,40,63,58.42,1420468,66.3
d7b00f00-b5fc-4790-bfea-1f9c525923f5,Maison Nova,retail,familles,Marseille,38587,32,211,58.72,506428,87.32
befa05a6-db3a-47f0-ba7d-2d39c8a0bd11,Luxeor,automobile,étudiants,Lille,226756,8,554,55.83,858986,79.2
13a71a5e-1ad9-4c46-87de-a4c9107e180d,TechNova,santé,grand public,Bordeaux,6761,3,497,96.66,2825614,161.31
c1d8f10d-382e-44b2-bbda-a3bd9b481d17,TechNova,sport,CSP+,Bordeaux,169568,30,482,47.8,46173,51.27
d4677320-327a-48ae-b6c3-be29e8230caf,UrbanFit,retail,CSP+,Toulouse,150869,39,309,82.73,91588,69.04
c39e1488-9854-42e0-8658-935702f66baa,UrbanFit,food,CSP+,Paris,74433,35,525,82.35,551723,77.85
78f3306d-af85-45cf-bfb4-5494c1e750ea,Luxeor,beauté,jeunes actifs,Toulouse,385612,23,347,56.3,637360,55.93
d9059667-7c4f-4ba2-a134-0847620bc2f1,Maison Nova,sport,étudiants,Lille,318753,20,526,64.04,449176,35.62
ad8ecd8a-7966-43c9-890f-240d342dd912,Fresh&Go,beauté,jeunes actifs,Toulouse,405647,34,383,69.7,3263573,86.34
72b5185e-4330-4474-9385-3a82c046f4f4,AutoMotion,sport,CSP+,Lille,377245,27,344,46.96,1094242,74.48
2a84b616-75d7-482a-83c7-b263a276bf46,Maison Nova,tech,CSP+,Lyon,390125,5,157,63.37,24354,64.56
8d2f2295-fcdd-4395-8b2d-78af01d82b23,Bellea,beauté,touristes,Marseille,493658,14,177,65.49,2095893,104.24
da386cc3-b58f-406a-bfdf-39954debcbf5,Bellea,banque,touristes,Lille,93952,30,412,75.84,2018642,126.64
68c6503f-cd52-4725-abec-a29dc71a1b5e,AutoMotion,automobile,familles,Bordeaux,413444,25,463,93.49,3470155,111.02
0bf395f6-8fb2-44a2-93e5-31505d20483b,AutoMotion,santé,grand public,Marseille,193307,12,367,94.06,980047,112.62
d1e5eea9-d1ed-4880-b471-9297a0b505e7,Maison Nova,santé,touristes,Marseille,14507,15,506,60.0,142854,84.09
c4157693-8f31-4c6a-b389-b5907f39dcff,TechNova,beauté,CSP+,Marseille,15133,45,195,47.16,1772699,54.98
f3650215-f060-41e5-bf5f-ddf9d4c50e18,Bellea,sport,familles,Nantes,262451,42,316,45.63,1516154,53.84
c1556d17-ff24-4c2b-a3d3-7aac6de46c9f,Fresh&Go,food,grand public,Toulouse,426835,40,47,45.91,1300893,41.88
f1f0ada9-2278-40ab-a824-f4a182db2163,Fresh&Go,luxe,CSP+,Paris,25117,15,237,96.43,2656421,117.28
7430148e-a331-4a2f-aef1-be1a6353d9f3,Carrefour Bio,food,familles,Lyon,64538,23,44,86.78,3054375,115.45
24ea3f21-303d-4b54-904e-949e0cb6b13f,Fresh&Go,food,grand public,Marseille,483796,15,406,60.79,1945015,76.94
690d5f27-31c4-4fe4-a19b-45467afc8ec6,Bellea,automobile,jeunes actifs,Lyon,329855,36,346,74.41,2051628,61.13
db2ab837-bdb8-4375-a93d-ee67e52e9dfb,Luxeor,santé,familles,Lille,199827,10,324,96.66,1001240,68.82
36de8d57-24d9-435d-b950-c95e20cefc36,Fresh&Go,sport,grand public,Bordeaux,376845,16,74,82.34,369106,47.26
9030e935-0c10-4b30-85a4-643f8e58b5ca,Carrefour Bio,banque,jeunes actifs,Paris,288670,13,256,74.76,370157,73.03
b9dcb028-f6dd-46c3-9156-129b8bc27e88,Bellea,sport,touristes,Lyon,405270,27,440,89.72,731153,103.2
955309b7-01bd-413d-a6d7-6fd6a459ec75,Bellea,banque,étudiants,Nantes,273462,3,230,59.62,1240252,92.35
f785de23-9df0-4ef7-85a8-f0b56b22b0b9,Maison Nova,tech,CSP+,Paris,150593,8,79,95.18,3210932,79.75
1e49a6c9-0058-4af0-80da-e0c173334078,TechNova,tech,familles,Bordeaux,293351,39,416,48.31,2607891,27.65
be62a1f2-84ac-4845-9214-59ef89fff7d5,Maison Nova,sport,jeunes actifs,Toulouse,352479,25,30,57.38,3397811,73.67
ca2e95c3-2b98-4f34-970e-3543203b3595,Luxeor,santé,étudiants,Nantes,359599,8,203,67.61,3111760,57.26
f8f339bb-7229-4956-8a71-680d7d1af44e,TechNova,santé,touristes,Bordeaux,142731,18,372,82.58,2229109,79.56
7eeaa42c-1bd2-4731-a433-b3d4469a371d,Luxeor,banque,touristes,Lyon,244636,29,599,90.22,2409155,86.09
4b9bc05e-b0d0-415b-8640-65cab7ba171f,Fresh&Go,santé,touristes,Lille,487668,12,258,49.56,2922676,60.25
8148582e-5f16-4d0e-ad2a-122a81edac9c,AutoMotion,luxe,jeunes actifs,Paris,494729,35,292,77.54,37421,67.63
c250f1ce-19aa-449c-a226-346782cb35bb,TechNova,retail,CSP+,Lille,349129,18,267,93.05,1153543,154.28
ab4f45e1-ad36-4978-8ca2-fd32b9abc3b6,Maison Nova,retail,grand public,Lyon,90037,14,333,73.3,737556,111.15
38634163-6f0d-4281-82a0-749002fa7e85,Maison Nova,santé,familles,Lyon,95722,44,220,74.21,1050421,59.25
51d889c3-2788-4317-b130-98264e344707,Carrefour Bio,banque,étudiants,Nantes,85620,17,41,73.13,552858,101.84
a84f9d03-a2c9-42ce-968d-18b98cd8f25e,TechNova,luxe,CSP+,Marseille,387715,16,497,73.38,611701,115.07
ebde1209-e40c-4395-a48d-532e830400a0,AutoMotion,automobile,CSP+,Lille,364844,15,399,57.27,1258492,70.55
375a5012-cdd7-4f4f-b736-665d3165a877,AutoMotion,tech,jeunes actifs,Lille,21016,5,84,67.87,3250312,85.84
b8b1d909-072c-4b10-9ffe-c2070ad952cd,Fresh&Go,retail,étudiants,Nantes,287576,43,172,80.32,3137601,98.79
abc887c4-90aa-4e46-b38a-71321f2612a4,Fresh&Go,sport,CSP+,Lyon,372700,21,238,85.04,978450,95.64
9a69341b-c0bb-4f79-aaa4-23bdaa38b396,Maison Nova,tech,grand public,Nantes,396743,3,287,70.33,3150070,113.56
f4ad8054-3e2e-4446-a91f-3358891e7e8b,Luxeor,banque,jeunes actifs,Lyon,128914,5,461,81.42,2007456,90.9
31928c2c-2890-4ef8-ae14-042c65aac94c,UrbanFit,beauté,jeunes actifs,Marseille,92736,29,268,77.27,95084,123.75
fcd5708b-203d-4be8-9d44-6173ef007e98,Luxeor,food,CSP+,Bordeaux,171136,3,363,96.31,843090,87.41
2fb86615-e48d-416d-91fb-c8d6751ca386,Bellea,santé,CSP+,Lille,298282,37,162,53.76,1459541,81.69
d3d39a00-37a5-48b0-b71e-cc948083c708,Luxeor,luxe,jeunes actifs,Marseille,182830,19,268,87.94,2720776,97.65
d68fc9d5-295d-4484-bc15-5201504ea4ec,Maison Nova,santé,CSP+,Nantes,79540,43,488,81.11,2081553,71.2
27de38da-cc75-4f2d-9d81-83c9be078d05,Carrefour Bio,tech,CSP+,Bordeaux,220448,15,341,45.83,594543,23.86
91a31971-5604-421f-9ca6-d97c60a0adc4,UrbanFit,sport,CSP+,Paris,327043,41,313,97.25,1420582,124.13
6657b9c1-e597-4656-8839-94a4fea623d4,Bellea,beauté,familles,Bordeaux,101555,13,446,66.19,2063076,65.68
377af173-3ccc-4919-b233-bda6ce01679d,UrbanFit,sport,touristes,Nantes,325610,38,446,64.66,120618,88.85
ddd24cef-25c2-4186-9b37-664af6c26ddb,UrbanFit,tech,CSP+,Toulouse,258771,27,370,52.9,524237,62.93
0240b8de-6269-4e29-9a73-667aabcd5a40,UrbanFit,food,grand public,Bordeaux,15372,32,417,51.39,2222520,30.75
1a068afd-ef8b-46d1-95fc-9b51fdba227c,Carrefour Bio,automobile,grand public,Paris,225676,21,515,51.84,612279,80.93
b205aab8-2c20-4fb0-a8a7-746539458836,AutoMotion,banque,CSP+,Toulouse,331840,9,222,62.58,2507925,96.81
464e0f2c-1b12-4032-9f37-368d21cd599d,Fresh&Go,tech,étudiants,Lyon,193574,34,388,71.49,3395208,53.66
9023940d-c28e-4019-9dca-3cf84ad383e4,Carrefour Bio,santé,CSP+,Nantes,106851,10,188,77.71,751324,122.64
a52f41ac-cdd1-444d-89f8-73d5ffb85f62,UrbanFit,retail,touristes,Nantes,201492,43,558,55.65,1548383,81.75
2261dcd2-cd83-4cbe-a43e-0613e41a2cd1,Fresh&Go,beauté,jeunes actifs,Lille,375539,36,361,74.42,1655802,113.44
1dad7c3f-b749-4c69-b0b7-c68a5af9590d,Maison Nova,beauté,étudiants,Nantes,244919,16,375,47.16,383926,47.14
34afd9b9-d9b8-49d1-b63b-a8b9dd873b4c,Bellea,tech,grand public,Paris,267511,26,442,52.52,2578776,42.28
f018e3d4-1aaa-4f56-b61e-238ebaea08b0,Bellea,banque,touristes,Toulouse,58906,9,225,72.21,3419753,73.42
b35c8768-bc7a-4b07-b90d-995277990508,Maison Nova,retail,grand public,Nantes,495683,43,416,76.64,2377558,54.79
ea48c3e4-9cc1-4989-bd4d-cb4e30a946b6,AutoMotion,tech,jeunes actifs,Lille,57127,7,189,75.06,2117864,80.31
0cc916ca-1f08-4451-b127-39b0d6170850,Fresh&Go,beauté,étudiants,Lille,141846,35,408,91.74,2711210,74.87
7ee00b89-a978-41df-8ba6-01394651f019,Carrefour Bio,food,grand public,Lyon,70470,17,488,62.18,433010,81.74
a488f92d-98c7-4a9c-9953-4812eb622d60,Carrefour Bio,tech,jeunes actifs,Marseille,120217,34,144,57.68,3291725,61.13
28d529c2-827d-495f-9a88-286d3c775811,Luxeor,tech,touristes,Marseille,329002,24,118,66.19,2508870,51.68
fd1769d0-f6a0-4b08-9237-386412c601ab,TechNova,automobile,étudiants,Paris,71995,23,538,89.17,859619,104.34
5da06bb3-b173-44d1-b774-12b1b2aab1d1,TechNova,retail,CSP+,Toulouse,427954,6,179,52.54,2496123,63.24
4049009f-1f5a-44ba-91aa-16434ff47bf5,AutoMotion,food,grand public,Bordeaux,295604,38,578,47.42,2593094,57.13
8c6b7c37-6e12-4638-bd66-8f49eec1caea,Luxeor,food,étudiants,Lyon,236965,25,195,47.84,2143072,47.04
5cb51afe-a447-4efc-b56d-348741844bb1,Carrefour Bio,tech,grand public,Lille,337783,5,561,95.73,1237591,127.73
ce889092-cba2-43c8-ace6-fd72a2d7ac41,Bellea,beauté,touristes,Toulouse,27580,3,400,64.98,1794269,105.41
a1b49756-cc06-4a5d-ba7e-95a625e91404,Maison Nova,banque,grand public,Nantes,91496,30,411,70.96,707191,113.48
c3925f99-6349-413a-bdcd-22d2f941f9d7,Fresh&Go,retail,étudiants,Marseille,18430,11,77,83.44,866978,123.64
bfa6020c-b45e-4d8d-8d0b-f121d31790d9,Bellea,tech,touristes,Marseille,48888,10,505,56.23,3384355,89.96
a8122cef-40f3-472c-9569-2b2254d0e7c3,TechNova,luxe,touristes,Paris,250638,35,275,51.87,2685477,42.27
dfe69f85-47ba-4120-85ad-cdd59e39c3d5,Maison Nova,automobile,touristes,Lille,122862,9,123,94.59,2508450,94.3
fced9255-3f85-4191-9608-cf4f41b514c2,TechNova,luxe,grand public,Paris,171194,38,247,49.71,2842720,25.84
a1a2ff3c-3210-4e58-8afa-2f9bded0ff57,Maison Nova,retail,grand public,Lille,250844,13,288,78.36,1066704,72.61
1350b94f-8544-45b7-8e96-301670bc391a,Luxeor,food,familles,Lyon,185398,8,11,81.67,3135745,104.11
d2ba1203-8143-44f7-acc4-be8f552f273f,Carrefour Bio,retail,étudiants,Paris,324561,39,360,76.83,1448504,112.76
1eb8e0d9-0420-4000-b8eb-4377b6054a19,AutoMotion,sport,grand public,Lyon,158939,34,524,47.03,309172,56.08
dac7f27d-1cb8-4ec3-86e7-76f8ec928c6a,Fresh&Go,santé,CSP+,Toulouse,209375,14,440,77.92,330855,82.72
51baf3b4-89ea-4642-9564-ca8acaf8e711,Fresh&Go,retail,grand public,Bordeaux,78644,7,598,97.89,1168496,106.62
8ee92c9d-d98c-40bc-afbe-bcfb4890e145,Carrefour Bio,banque,jeunes actifs,Toulouse,101339,13,69,79.59,133649,54.06
c881b049-8b75-42b7-813f-af425f4144a8,Maison Nova,retail,familles,Marseille,363348,17,484,95.55,1640396,62.65
7cb2f4a1-225b-4825-97ef-007700c7be2e,TechNova,banque,étudiants,Paris,398989,16,582,70.08,1987968,55.05
711d1326-7be9-4937-bb72-f342275eece1,AutoMotion,sport,CSP+,Toulouse,368664,3,581,74.78,2137978,59.06
28b43dd7-51ff-4a54-adc9-a8396d7346d1,Carrefour Bio,food,jeunes actifs,Paris,299399,22,577,66.97,1367058,99.82
a28ffab8-0583-4365-a06b-919af8a1be44,UrbanFit,retail,familles,Marseille,221157,31,396,93.7,395912,122.84
3e83b9d3-5e7c-4cee-852a-178fd7115fd4,Maison Nova,retail,familles,Nantes,401446,25,491,48.14,2496799,68.25
db160cc5-f6ce-4f65-893c-a25c0c564662,UrbanFit,sport,étudiants,Nantes,186365,18,408,63.05,442374,59.7
892b7dfc-d7b8-4ab0-ad74-1d4f31b5cd34,TechNova,luxe,jeunes actifs,Lille,27096,17,423,83.76,2731984,103.21
c5dc2785-f40f-4119-9730-f8eeb0f2766f,AutoMotion,beauté,touristes,Toulouse,180878,32,483,91.09,729708,103.25
ce17fbb2-9588-48b1-8384-e6c139edb244,Carrefour Bio,luxe,CSP+,Paris,231151,38,212,56.93,464544,92.31
4d8dc4ef-3232-46dd-94ce-24ec5b4513e7,Maison Nova,santé,étudiants,Toulouse,309313,27,134,58.56,2696788,64.01
697c6402-02d9-466b-a5c6-4462a9695126,TechNova,tech,touristes,Marseille,352589,7,141,49.45,2450653,30.3
f2f5d252-4f1a-4b1a-be5e-eec591e86327,Bellea,retail,CSP+,Lille,283935,41,451,54.28,1344268,46.37
66f65dc3-d183-4f68-87a1-cf7de869b598,UrbanFit,banque,jeunes actifs,Bordeaux,74264,37,461,75.38,1409831,87.27
d0ddea0f-3240-4ed3-bba3-3af6a7756540,Fresh&Go,sport,familles,Paris,297717,35,151,65.65,1132611,80.64
32d3e1a3-c409-462a-b4ad-699bcbb61886,Fresh&Go,banque,familles,Nantes,74602,9,420,83.33,1476004,122.75
e395dd73-21af-4af8-882a-ce42d8fd4a9d,Maison Nova,automobile,étudiants,Toulouse,331277,17,427,51.4,2973267,28.88
d8355d7d-228a-4609-bac0-c85542d55498,Fresh&Go,beauté,grand public,Bordeaux,386422,29,158,81.84,1141184,61.24
107afc98-cfb7-448f-8e27-a8f4c2de8112,Fresh&Go,luxe,touristes,Marseille,266205,32,215,68.94,2963456,64.0
adae6ac2-d07f-4d37-89e4-d534a7d95245,Carrefour Bio,retail,étudiants,Marseille,179257,25,438,46.69,1448401,53.33
ef22a124-9670-4f28-abc8-398ee5c56dcd,Fresh&Go,automobile,touristes,Marseille,220683,37,588,54.52,2927663,73.87
45ba0614-6096-4b57-833b-8fd6255d04d0,UrbanFit,sport,grand public,Paris,340057,25,346,95.57,391733,53.05
fede47a7-a7da-4c28-97fb-877a375b19e9,Maison Nova,tech,étudiants,Lyon,222520,38,63,67.83,470901,38.55
3827c215-23e3-4566-af01-dc7135fbdaaa,TechNova,banque,jeunes actifs,Lyon,417824,22,249,47.38,2203926,45.99
e8b7ead3-4feb-4ab1-b643-866bd39af65c,Luxeor,tech,grand public,Bordeaux,378141,7,116,49.29,1789987,41.22
9d5c522f-8dd5-4b6f-9190-85a8b0db2fa6,Fresh&Go,luxe,familles,Lyon,99590,26,484,77.15,2122165,43.47
a4a53ba6-ff64-4e67-82be-4d07d42db425,Carrefour Bio,luxe,touristes,Nantes,57587,5,167,50.1,884633,45.47
eb86d2a4-8e98-4cdf-93a1-c645eb6fdd6a,Bellea,santé,jeunes actifs,Lille,208423,28,423,79.08,2396189,53.85
4f8728c9-3705-49d9-afd4-b037b3a32d9e,AutoMotion,retail,grand public,Lyon,304368,13,17,77.66,416834,54.1
f2b23812-4f6d-4b3d-94aa-272c6eaf9f02,TechNova,automobile,grand public,Nantes,454483,11,263,85.28,1399533,90.97
5baaeb1a-a3b1-4a08-8430-ec28fbb7348f,Bellea,banque,touristes,Nantes,63512,14,594,46.52,1770280,64.05
81b8eb2d-eddc-48a9-8731-89cf15a3d854,UrbanFit,beauté,CSP+,Marseille,69600,34,299,93.04,1421641,142.33
f8a96f99-a629-478f-bed9-eb469974191a,Bellea,luxe,CSP+,Toulouse,81777,20,21,96.3,3229338,137.97
a4cadc93-d378-4623-b5d6-4b107aef1bea,Luxeor,retail,touristes,Paris,387074,36,284,73.9,135944,79.23
7f903ab5-570a-47fa-8418-61cc7f561bc6,AutoMotion,santé,jeunes actifs,Marseille,330089,22,352,88.15,424959,127.55
e2fff1ae-a690-4d56-bb6d-6eb577a2dd1b,AutoMotion,beauté,jeunes actifs,Lille,91183,14,448,85.36,3430001,140.76
5534f730-d81d-4d7c-a319-90b305d17b91,AutoMotion,santé,touristes,Paris,475797,10,78,93.36,1696918,121.08
8faaccbe-ccf9-4633-b180-aad07fe16417,TechNova,santé,grand public,Toulouse,481530,43,370,73.1,3413938,99.96
aae97ae3-38e1-4bba-af4f-29ab59e7785e,Fresh&Go,santé,jeunes actifs,Paris,300284,13,281,51.64,1209658,69.57
54f01c5a-89fe-4637-954c-be3cdd2d715b,UrbanFit,tech,CSP+,Lille,468283,14,548,73.65,630191,92.35
6459e96f-8439-4db0-84af-6c25ac0cdcfb,Maison Nova,sport,touristes,Marseille,417705,30,46,92.47,540466,111.63
fe9f069e-3703-4085-b7ba-0377536894ac,UrbanFit,automobile,étudiants,Toulouse,483005,34,524,87.69,2049201,111.19
5187ac86-7503-4112-b165-fb9986eb157a,Bellea,food,grand public,Toulouse,81504,8,269,97.14,2200335,81.75
9de186d3-e932-4510-906b-f5dbf6a01a38,AutoMotion,beauté,jeunes actifs,Nantes,332763,25,351,59.63,3284596,89.81
1b4eb3da-fe9a-4b38-a1bb-beeb197a9e7e,Carrefour Bio,banque,grand public,Lyon,395703,44,229,91.66,2840220,131.75
915364d7-9cca-4135-8264-107b9eb96edc,Luxeor,luxe,CSP+,Marseille,485105,10,365,51.72,2771191,27.11
6a4590e1-5e5e-47f9-bd6c-1da18d6936bc,UrbanFit,banque,jeunes actifs,Bordeaux,484243,29,565,63.17,306826,68.92
cf983e92-7eb2-4255-bb3b-f8140f2459dc,Carrefour Bio,automobile,étudiants,Bordeaux,213330,19,331,57.21,1129717,67.36
ba35e0b7-9e91-4b11-81e4-44ed693c6c67,Luxeor,banque,familles,Nantes,340257,39,128,50.44,176785,70.62
b02884cd-e3e2-4611-956c-9b0a3cf15006,AutoMotion,automobile,touristes,Toulouse,14221,40,160,61.79,787895,68.88
b636ee3b-43b8-469e-9f34-8b68ab125d03,Maison Nova,retail,CSP+,Lille,74493,8,517,52.69,2617295,27.6
554249e8-6a48-47f1-937f-3dca5338e475,Carrefour Bio,sport,étudiants,Bordeaux,63660,15,462,80.44,945568,56.43
14bba4bf-7373-4b6f-8034-30241511ad42,Maison Nova,sport,étudiants,Bordeaux,7146,8,464,67.87,1147170,48.56
550b207c-ee1c-4fdb-b4d9-c35c7e5b982d,Bellea,sport,jeunes actifs,Toulouse,278369,44,24,71.88,575909,47.74
5812290e-9b19-4274-b73e-6a239773660e,Bellea,automobile,familles,Toulouse,256657,34,25,73.04,1081646,53.21
8a850d95-e6f3-4901-8fb3-c0125003ca33,UrbanFit,santé,jeunes actifs,Paris,378295,41,487,95.47,1986798,72.49
869e232f-4184-4154-908f-737225fe347c,Carrefour Bio,beauté,CSP+,Lille,31634,33,72,67.79,983036,35.74
6c030395-ef3e-4120-a0bb-476d48f9971a,Carrefour Bio,beauté,CSP+,Marseille,240654,29,571,85.6,1727186,74.39
ef2f8fbf-5c3e-43d8-93f7-22a4d3943cc9,AutoMotion,sport,touristes,Toulouse,467025,19,509,97.93,3457081,87.61
8ba59f86-26eb-462f-8e75-8e6c264d6db1,Maison Nova,tech,étudiants,Nantes,39652,23,129,96.41,3288391,104.29
3f4952ea-5273-4a77-ac17-18c08e908524,Bellea,tech,CSP+,Lyon,386383,31,247,58.12,172472,94.88
971fa0aa-63e2-4bc1-b939-8b70a7f62b83,Luxeor,automobile,touristes,Bordeaux,195995,10,599,90.98,2435546,120.88
00490f61-297b-4d66-8204-8827188948aa,Carrefour Bio,tech,familles,Bordeaux,449363,18,426,69.61,1054639,51.77
c96ee049-58df-427e-a940-efef1c403edf,Fresh&Go,luxe,familles,Lille,203738,3,384,82.1,2693523,69.68
a76996f9-5f73-4d25-bdb6-4c923f0d968d,Carrefour Bio,tech,grand public,Lille,263277,8,71,75.65,2210087,97.5
c750ec41-6ec8-499f-86c8-a409db18fe2c,Luxeor,retail,touristes,Lyon,468939,22,578,61.17,1150142,66.61
4ca5104e-206f-49b2-9f27-8dfbe4360e9d,Maison Nova,tech,jeunes actifs,Toulouse,26750,24,416,62.36,712697,79.36
9ac2fa6b-2e23-493f-b849-db1287927b78,TechNova,beauté,familles,Bordeaux,376315,29,108,83.07,1046541,140.83
21bacd53-e32c-483e-bf54-8c39322bd584,TechNova,food,jeunes actifs,Lille,35677,15,402,65.01,2311903,82.81
f62c9156-5434-437e-91ee-5c0c35762ec8,Fresh&Go,tech,étudiants,Marseille,408027,29,344,53.89,194769,85.18
97e36b46-6065-487a-8fe4-a6d2d5e68025,Luxeor,food,étudiants,Toulouse,437185,44,318,84.48,2837299,59.49
735a6d43-728c-44e9-ad6d-597abadecd25,Fresh&Go,luxe,familles,Bordeaux,108210,20,197,62.91,2961429,62.23
a4d626dc-f654-4ddb-9e6b-1a6bf87084d1,UrbanFit,food,grand public,Lyon,29682,34,192,88.12,424392,47.73
2c39fce0-90cd-4a58-834f-5e9bbb9f7ffb,TechNova,sport,grand public,Marseille,427630,22,325,46.14,1599093,41.79
6fcdd180-86a9-4b04-a51f-76a967414d26,AutoMotion,tech,CSP+,Lyon,496597,27,461,74.93,3089810,98.82
44ebc891-88da-492c-bdfb-53af932cb745,Bellea,tech,familles,Lyon,148667,8,437,69.45,500739,116.82
23a4fd4a-e1cc-473d-b4eb-aff4396a9ec2,AutoMotion,santé,grand public,Marseille,460911,15,378,66.03,2972534,58.45
4a743db2-d883-4a7e-8f33-3c4607656b76,Luxeor,sport,jeunes actifs,Bordeaux,174429,9,11,54.36,445201,80.44
034b12d0-6d1c-4f12-aa25-3cc6978a94cf,Carrefour Bio,tech,grand public,Bordeaux,452894,20,258,57.2,515205,41.3
02e1a6ae-a142-4df5-9c5b-8822ea1cc613,Luxeor,sport,CSP+,Nantes,7809,42,115,93.32,1599920,84.43
aa668e74-1683-4074-8cc6-37d0d90aa4b1,Luxeor,tech,jeunes actifs,Nantes,25388,32,105,77.62,1174750,59.81
bbf4a74d-078f-47d3-8aa0-4aff9ba0b98c,TechNova,tech,jeunes actifs,Lyon,280200,35,430,46.4,3492422,76.95
ef84d2d0-7050-440b-9dc1-b5cc70e4faf3,Maison Nova,retail,grand public,Marseille,184696,44,302,53.77,799619,83.85
6b8237d7-dc65-40ff-af65-d6c5e7bf6b61,Maison Nova,sport,jeunes actifs,Lille,113228,45,377,55.48,1336588,80.6
f6b3df88-96fa-4789-b7a9-4ce998e82ed6,Luxeor,beauté,étudiants,Toulouse,489989,23,473,84.35,2036694,48.42
58cfbe70-4541-4828-828c-23067459f9ed,Luxeor,food,grand public,Bordeaux,61175,23,169,70.89,969559,45.32
1e7a68ff-f438-415f-b94a-343735ba3825,Carrefour Bio,food,étudiants,Nantes,315466,26,145,88.74,884691,101.47
2f1f51e5-8084-4951-ab13-9351267c2228,AutoMotion,santé,étudiants,Lille,158472,9,473,58.68,2608192,39.64
0f0d18b2-0bf8-4259-b4ea-10bc46183651,Maison Nova,sport,étudiants,Nantes,425633,9,259,64.31,621268,47.38
22d00df1-9571-4eec-9b64-f03808a0c78b,Bellea,beauté,CSP+,Lyon,216939,14,217,50.6,2092016,82.81
9d4b77a1-bf78-4fda-b72f-7a5358dbf599,AutoMotion,santé,CSP+,Bordeaux,7075,10,525,88.97,1060274,61.13
ea31b323-9981-45c9-9cbd-5d8dc31cdc3a,TechNova,automobile,étudiants,Paris,407344,35,76,75.7,1513018,100.0
e64dc7eb-e938-4d44-879f-2183cc1b7a39,Luxeor,banque,jeunes actifs,Nantes,420548,7,507,81.14,2772938,85.6
c46c7988-6899-4fed-b8c9-fcb954943881,AutoMotion,sport,jeunes actifs,Bordeaux,233052,28,560,82.08,1279640,107.1
416fd9d8-1ee0-48c1-92c5-f54025c5effe,TechNova,santé,étudiants,Bordeaux,487888,45,89,95.35,1019392,61.33
49135d7f-33f4-4319-b724-bcd1ee812cdf,Luxeor,beauté,CSP+,Toulouse,191430,10,447,84.96,2215847,92.29
f925d6c2-b28e-4bae-8674-bb19e66aaf7e,Bellea,tech,CSP+,Lille,17695,9,131,96.74,1726817,140.65
a9f36809-7741-4a27-8a8d-d71aea37ba28,Maison Nova,food,jeunes actifs,Bordeaux,368413,14,267,59.1,1560333,71.07
33599e24-95f6-40b9-ac6a-b9134cb0e8b5,Carrefour Bio,food,jeunes actifs,Lille,324352,23,394,88.03,1913427,120.23
736d7b59-fd86-458e-95c9-c93ab0679374,Carrefour Bio,luxe,CSP+,Lyon,432698,40,592,69.72,33050,48.81
8de14b67-f771-4733-82bb-60a5bb9e8259,TechNova,sport,grand public,Paris,230374,35,217,81.27,3275862,85.01
284f23e9-99ab-46bb-8718-5a30da960706,Fresh&Go,automobile,grand public,Bordeaux,371391,18,146,72.26,566684,121.74
cbdf39d8-6b58-4290-a203-03a2499d17c7,Maison Nova,food,CSP+,Bordeaux,86612,44,87,79.69,2852157,90.17
95573db1-10df-4c4e-a6ac-c5fb3ef6c8f5,TechNova,retail,jeunes actifs,Nantes,372886,22,492,65.26,3221903,65.67
0cf7df84-7626-4782-91ad-58b557aa2cf9,AutoMotion,banque,grand public,Bordeaux,310923,26,546,69.93,2215463,49.78
b5c7311d-cdda-43d8-b63b-b10b9ef03f29,Fresh&Go,sport,CSP+,Paris,460653,13,377,93.68,1816936,118.46
43f136d4-e794-4c6a-be59-7a5a63232290,Maison Nova,beauté,touristes,Bordeaux,175698,39,397,79.27,3018621,134.68
d30bd73d-fb74-4099-b7c9-46c4d20552d3,Maison Nova,retail,CSP+,Lille,294975,3,212,47.41,117993,47.69
122ddcba-a1b3-4e8d-b6f0-2e64c616df40,Carrefour Bio,food,grand public,Toulouse,40821,27,198,63.14,1709905,73.71
f2ff3860-5cb4-4b94-89b1-66c5620ab190,Maison Nova,santé,grand public,Nantes,60259,40,529,50.61,1412378,70.77
e6fc0b8a-735e-49aa-819e-0cdcd896dfd1,TechNova,automobile,grand public,Lyon,27358,14,512,62.5,1916760,66.71
7e5fe27e-1c95-4908-adfc-5f865c1a12a9,TechNova,automobile,jeunes actifs,Marseille,347870,27,87,91.67,2511771,149.21
475af277-e195-406d-9152-748b2d441cc9,Maison Nova,food,familles,Lille,77630,24,276,72.83,2951114,95.98
359b2c15-dd95-4047-a8d2-590b4daf33c2,Carrefour Bio,beauté,étudiants,Toulouse,186619,35,89,49.05,2307913,39.09
c14a4381-dcd9-4686-9bd8-7730729cc522,Carrefour Bio,banque,grand public,Lyon,174908,45,404,50.53,2547290,31.55
d6e4bdda-4d6a-4650-8740-0b83b2ba0796,AutoMotion,santé,étudiants,Bordeaux,249786,45,213,45.02,2405923,70.99
5826a01b-f0f1-4f69-859e-096fe72628c6,Luxeor,food,familles,Lille,377611,12,51,58.75,3144721,63.0
edc230a6-c82e-4dbb-88ec-0abba9f47811,AutoMotion,food,familles,Nantes,419314,4,595,71.84,2098936,56.9
96060961-2aba-4996-a19c-cd64b96f264f,UrbanFit,luxe,touristes,Paris,349330,25,499,84.46,1482735,119.36
ad1c1b66-d225-4c68-875f-24f0c0b729ce,TechNova,retail,grand public,Bordeaux,226472,36,534,59.34,675639,62.29
6e49b9ad-8d13-4b6f-896c-0d1f480cbf95,TechNova,banque,étudiants,Lille,225096,28,70,95.07,1972850,57.82
aa815771-3a27-479e-af38-9fdfad5d0c7c,AutoMotion,beauté,CSP+,Nantes,392564,34,217,90.8,2564637,119.98
1063ad12-6e52-42c7-a562-0856f5bba057,Maison Nova,tech,touristes,Paris,335239,11,187,71.63,110803,96.15
ae72903c-f628-4f96-a469-4d8e0c5634a7,TechNova,santé,étudiants,Nantes,173028,23,328,82.33,249552,117.99
696e35dd-9bbe-489c-b8da-f96ac6a90ed3,Luxeor,sport,jeunes actifs,Paris,241729,14,361,79.99,2720617,63.69
dba66827-a57a-4363-b6a6-86d0d005d0ea,AutoMotion,retail,touristes,Nantes,130321,42,244,97.63,426893,160.96
8df416c4-2658-4d71-b08f-378ee04f51f9,Bellea,retail,CSP+,Paris,452133,10,108,93.15,915298,133.24
eb36f8b6-f5bd-4daa-846a-b18f2a9ce8f4,Luxeor,food,touristes,Marseille,122477,36,29,52.76,1592028,52.65
7c068468-18ad-48b5-b8f6-1e96f1968475,Bellea,tech,grand public,Marseille,223007,3,383,51.1,1196131,28.39
386bf974-ca17-4a57-8444-062ec742da51,Maison Nova,beauté,touristes,Bordeaux,187932,25,150,77.38,1942798,78.28
62c69e70-1432-4c94-b9c3-d657d944373b,AutoMotion,retail,familles,Marseille,383251,26,188,47.92,1104124,55.36
f61adf34-0553-4a3b-97c1-75292dbca18e,Luxeor,sport,CSP+,Nantes,318959,5,128,52.32,2387939,67.58
7a362007-2ed2-41fa-9677-6327b81bd71f,TechNova,tech,touristes,Bordeaux,351969,38,486,47.33,2500705,38.32
13e19423-beea-4899-ba85-27234ef3c4dc,TechNova,santé,grand public,Toulouse,153246,27,343,55.39,2636192,67.82
51cc0033-ec0f-4c4d-86ba-e41771360031,Maison Nova,santé,grand public,Bordeaux,99069,7,227,94.79,231402,68.35
a8214471-4f54-4670-be00-394ff3105730,Luxeor,banque,étudiants,Marseille,398751,40,391,92.46,1001434,127.5
76398c25-998e-4c90-8c9f-005b6ba7d88d,AutoMotion,banque,étudiants,Lille,295074,4,495,86.95,2087567,134.07
7bae4a8d-c06e-4ec0-9683-abbe202591f2,Carrefour Bio,beauté,familles,Lille,27092,30,44,74.99,2241782,66.6
1cf9934a-0b56-4bea-bcf6-3be8f25b2a7d,AutoMotion,beauté,familles,Nantes,451745,23,165,94.79,2208133,49.93
ff096343-4a2a-4d78-bcdf-822c6aec4030,Carrefour Bio,tech,grand public,Marseille,26356,25,113,72.87,630839,56.76
a11eeb7b-d515-4492-83ce-98646f6511c5,TechNova,tech,touristes,Marseille,161112,9,233,89.69,917090,128.41
0c2cf392-6ab2-4c91-a441-e6c178297324,Bellea,beauté,familles,Toulouse,21084,9,166,94.5,412152,138.17
37a1be85-7695-4b04-9836-a635eab5faae,TechNova,food,jeunes actifs,Lyon,202898,5,116,78.99,1113244,91.01
3f24c185-0459-4efe-8357-15e2f0d0e6e6,Carrefour Bio,banque,grand public,Marseille,358735,7,390,51.24,1813164,48.02
bbaa61cd-b35c-4fad-9e8a-90962ccda84e,TechNova,beauté,CSP+,Bordeaux,323762,41,399,88.8,1482091,50.0
01f75e33-e12e-457b-a794-15d722c68ef0,Luxeor,tech,jeunes actifs,Toulouse,287829,14,270,82.06,1757941,41.72
6413d78a-fb51-4357-884d-11ef9cd4777e,Luxeor,santé,familles,Lille,216208,24,427,71.33,2228739,69.96
57de667a-f7db-4539-8951-48527931f956,Maison Nova,retail,CSP+,Bordeaux,380738,30,596,81.81,923546,98.72
f17dbe50-c465-41d3-92ed-e1f6e0440ae2,Fresh&Go,retail,CSP+,Marseille,191676,26,582,95.16,1534010,130.67
804cf6d1-8df3-422f-a102-3861e62453cb,Carrefour Bio,tech,touristes,Lille,395326,38,395,84.74,283230,79.07
c6a185da-143c-4fde-a731-0ad870749604,UrbanFit,retail,grand public,Nantes,252205,25,505,61.17,955000,48.83
8077840a-d47c-42eb-98a6-e0632752cc07,Maison Nova,santé,grand public,Lyon,98664,38,167,69.05,464761,84.39
3ad0b753-7210-43fc-8350-bb4b6972593b,Luxeor,retail,touristes,Lyon,56711,16,14,50.77,3363745,61.3
9839b60e-cacb-4f77-908a-4888528fa55d,UrbanFit,automobile,touristes,Marseille,230239,42,251,54.57,2835185,66.57
a6fc6b4b-6d7f-4ea9-9142-e3124b301a0d,Carrefour Bio,automobile,familles,Paris,70105,35,419,58.36,2424408,99.14
73963e4d-9537-408e-be5a-4acded1eb3c2,Carrefour Bio,luxe,touristes,Bordeaux,409814,14,175,55.0,286827,42.75
32de2cb4-374a-4c28-aef7-ada825efe007,Fresh&Go,automobile,CSP+,Nantes,17357,41,105,80.59,390480,110.1
9c99cfb3-9bc3-4ef4-95ac-aa1cc47f10af,Carrefour Bio,santé,étudiants,Bordeaux,282040,45,551,95.64,3397068,131.28
a7133b65-922f-4d7d-864d-d2ca4efa0e82,Bellea,sport,étudiants,Marseille,241874,12,517,73.6,2410796,94.82
c62cf02d-6996-4e26-99c1-57413a7e9314,UrbanFit,santé,étudiants,Paris,419987,30,474,85.89,776324,138.82
c22b90b2-87e3-4507-83e3-acf7a804b66f,Bellea,santé,grand public,Toulouse,25008,27,153,90.62,2006104,106.14
ae2df932-f0f7-4db9-a9f1-5e3b40de4374,UrbanFit,food,CSP+,Toulouse,82707,14,434,76.89,476841,91.66
70a39c54-2c04-4234-aa8c-71b609e7d780,Bellea,beauté,grand public,Toulouse,194427,25,544,49.24,3256160,56.94
425b486d-aa41-48a4-be2f-1394d3328483,Bellea,luxe,CSP+,Nantes,56531,33,554,97.77,1856107,54.35
3fe90637-2aaa-43d0-9d65-24c6b061c908,TechNova,retail,étudiants,Lille,169958,32,42,82.88,708332,137.2
7acfc333-a127-4c4f-95b8-27425f649ee9,Carrefour Bio,retail,grand public,Nantes,316636,10,452,93.76,2426923,156.65
fe2a26d3-3dab-44c3-9141-12d97975e9b2,AutoMotion,luxe,étudiants,Bordeaux,17534,7,455,54.95,2228508,30.11
c0965e39-0041-48fe-9fc9-036e7167843a,Maison Nova,santé,étudiants,Marseille,317990,32,597,66.64,702593,97.96
c730609d-5500-4d41-af43-9daec7731ce6,Luxeor,luxe,jeunes actifs,Bordeaux,111304,3,98,97.13,2059406,97.35
9fa4f17d-61f1-40e0-9c54-0e0dbaa138b9,Luxeor,tech,grand public,Nantes,195584,21,378,85.76,3063575,129.54
cdd4e356-9eb3-4ae8-9b23-96b4ff38a9dd,Luxeor,luxe,familles,Lille,131303,20,546,69.39,40546,69.85
dc3ab7ab-6a99-4fa7-9060-1b464308b217,Carrefour Bio,beauté,touristes,Lyon,334489,29,259,59.42,790248,32.68
8d3b6e99-fdb4-4fc0-9903-270f87c8a0ac,Carrefour Bio,sport,jeunes actifs,Bordeaux,470332,37,264,48.73,1393467,51.27
b38cb2ea-7686-4e2d-8d1f-f5d044044523,AutoMotion,santé,étudiants,Marseille,363398,36,445,70.57,22508,62.09
b5b16f6e-2575-4ef1-8fb5-0b3179fe610a,Fresh&Go,automobile,touristes,Nantes,37049,42,468,62.53,3245980,90.93
9c5ca6c6-7d17-42cf-9d38-4d797c9b3561,AutoMotion,beauté,jeunes actifs,Paris,307921,29,150,75.73,639891,72.73
a7054096-9873-44cc-9d45-c7c66fdf5683,Maison Nova,automobile,jeunes actifs,Nantes,79225,37,365,83.16,861303,48.29
e4eb9d09-81ad-4a6b-ac48-a40793e570eb,AutoMotion,food,familles,Lyon,135274,7,325,83.72,1875358,67.84
f573a2b7-dcf7-404c-85a7-8fc6c4e2a216,Fresh&Go,banque,familles,Paris,151600,34,72,48.71,1354526,33.2
9a65459a-7eb0-48c4-b8f4-0cd600fd177e,Fresh&Go,food,familles,Lyon,217484,25,500,90.44,3249342,95.07
523ae6d9-ab13-4787-a61e-b47b52f10f27,UrbanFit,food,touristes,Lille,18209,23,163,83.66,3204996,101.67
22b0d276-605a-40e5-bdf3-01de59d625d4,UrbanFit,luxe,grand public,Lille,114298,33,564,93.4,2459381,133.39
414ce351-cd4f-4f50-9769-dc3315ad310b,Luxeor,banque,touristes,Lyon,430943,15,480,90.25,3367733,143.78
ae85f17a-83de-43a3-a324-077416f6f499,Luxeor,banque,grand public,Lyon,481473,3,410,60.65,3387253,66.96
13aef280-ce00-4789-8f5b-8e65ac200492,Bellea,retail,CSP+,Nantes,136375,6,299,47.61,808389,65.46
822f9be6-498d-43f6-9a05-efb2baad74ed,UrbanFit,food,étudiants,Toulouse,462086,5,135,46.8,1318643,69.37
5d8c5e15-3893-4dfe-86c7-c0a06f36c724,Fresh&Go,retail,jeunes actifs,Lyon,460747,14,90,50.84,517594,81.85
28a69a6a-31e5-4696-8212-427781e1ba11,TechNova,beauté,étudiants,Marseille,89949,18,465,60.24,463427,77.78
643bbd49-b788-470c-9c95-801390c58e14,Luxeor,banque,jeunes actifs,Paris,247948,30,338,91.29,1911203,78.52
a638c32c-b93b-4c65-b20b-75883237306a,Fresh&Go,beauté,CSP+,Marseille,328560,33,327,53.11,101746,78.68
acf73465-c55e-477b-97c7-48749385151a,Maison Nova,automobile,étudiants,Marseille,404700,10,501,96.21,188271,156.08
2e374fff-d585-4e0b-916c-2f9850d84dc4,Fresh&Go,tech,familles,Marseille,454587,36,240,85.7,850722,80.93
9ae556f0-e2e3-49d0-b827-9eb92bc0da51,Bellea,tech,grand public,Paris,189026,21,103,60.32,535234,96.12
b881ce41-2db6-4470-b547-8342850ffe47,Maison Nova,beauté,CSP+,Paris,210015,19,23,53.47,2616686,89.1
7a0f12b5-9097-4215-abbf-6c32777d86b0,Bellea,luxe,CSP+,Nantes,73469,11,282,58.68,1867838,43.77
45b5e9c9-0113-4972-9ac9-07f4145eec19,Maison Nova,food,touristes,Lille,123180,7,579,76.2,1630098,83.04
b989c8d9-c740-47b2-8fa5-20f080ab7409,TechNova,sport,étudiants,Marseille,114382,8,567,92.34,972917,85.73
b363a095-1bb3-4d09-af19-0b93bd886624,Fresh&Go,beauté,grand public,Lyon,123042,29,482,84.84,59501,141.03
59ee4c80-40c4-415f-aad1-3024cdfda60d,AutoMotion,santé,CSP+,Toulouse,156525,11,96,87.44,1270136,69.52
d16279b3-739c-42a2-a6f5-b6c727d14e8f,Luxeor,luxe,étudiants,Nantes,189785,27,453,53.53,164889,65.98
c8bd035a-f173-431d-8f15-e536fd024a4c,Fresh&Go,food,touristes,Toulouse,480684,13,424,77.25,1392415,99.58
8ad944a1-8c5f-4a7e-b776-a0ea4ff3c53a,Fresh&Go,tech,familles,Lille,452507,36,361,82.06,1655656,104.77
b5079531-2073-4f3a-81d4-79bb4dd3539b,Bellea,retail,étudiants,Marseille,395290,18,598,93.4,3083400,127.94
7a86d4ee-3f33-4294-9e2b-c03843f19828,UrbanFit,automobile,familles,Nantes,180853,24,387,92.65,450058,127.31
7b79e810-4085-4585-be38-79d33d9d2687,Luxeor,luxe,touristes,Bordeaux,479167,36,513,61.91,3404407,45.71
a1e39b04-d3dc-4b93-add6-a42b5f402aa8,Luxeor,sport,touristes,Lyon,227347,41,219,72.15,1507012,42.13
1f9c4a5b-9110-4d4b-992c-732fb3a68c23,Fresh&Go,luxe,familles,Nantes,293694,40,92,77.39,1958235,93.15
34600a95-7781-4870-86aa-aec29fe162af,Bellea,retail,touristes,Nantes,36246,14,194,66.73,3137805,85.67
b3fa6025-1753-40b9-9b37-0144b73c4657,Fresh&Go,beauté,touristes,Bordeaux,297296,20,596,74.54,1385864,92.77
9c4ad2d3-873e-49c1-86c5-ecc552848f72,Fresh&Go,sport,touristes,Toulouse,247172,26,63,84.43,334752,104.61
998f50b5-1f59-467b-a99e-d0cec2aa6431,Bellea,banque,grand public,Lille,233208,28,543,89.97,238050,64.09
33abe26a-34c4-4ee7-836d-6dbb05fb1c16,Fresh&Go,food,CSP+,Lille,430429,5,152,80.06,2698290,129.19
d2fd223b-f450-4d52-b1dd-38a508a59f3a,TechNova,beauté,étudiants,Lyon,347468,3,450,79.39,471896,94.07
03711d7d-649d-4093-afed-25e9bbba16ac,AutoMotion,santé,familles,Nantes,90838,41,403,63.64,2468446,104.58
e9b0ac74-6058-481e-a181-426f653ddc25,TechNova,sport,grand public,Lyon,456377,5,231,93.19,963010,77.02
0dc46729-ae88-456d-923d-e557a4bb732d,Maison Nova,sport,jeunes actifs,Nantes,41636,24,561,93.44,1805896,134.54
229cc5a9-26aa-498b-9bdb-2f5ec3e245ca,Fresh&Go,automobile,jeunes actifs,Nantes,75603,40,547,83.17,2158957,120.88
0e7aadc7-72ce-4674-a0ff-390b60e69348,Fresh&Go,banque,grand public,Lille,61585,22,504,95.56,2822759,54.35
7cdd3e3f-5cbd-4bc7-9691-1223803aeeab,Fresh&Go,tech,grand public,Nantes,20109,25,538,56.51,2728594,57.38
b9daefa3-dea8-4195-92b6-92d7e4cef186,AutoMotion,beauté,étudiants,Lyon,369083,42,382,47.55,1192763,34.14
941c6083-8f98-4066-8eaa-78936c4d98bc,Fresh&Go,tech,familles,Lille,423513,3,330,70.63,2614497,63.83
4099419d-9077-41ae-9f94-112367ad2253,Maison Nova,luxe,CSP+,Marseille,88043,26,208,66.27,524301,80.51
074c6ebf-67b3-48d1-96ec-29c30669a2c8,Maison Nova,tech,étudiants,Bordeaux,391963,35,220,68.42,3337591,104.45
788e7dae-32fa-487a-a0b4-5649a8995f4e,Luxeor,luxe,CSP+,Paris,31580,43,53,68.48,2946887,64.34
ef63705d-971b-4ae6-ace0-8226564f0be6,Fresh&Go,santé,étudiants,Toulouse,361498,14,20,69.81,891703,70.53
622eecbb-9924-4e14-973d-559657a81a50,Maison Nova,sport,jeunes actifs,Bordeaux,345039,15,95,48.51,3067236,43.01
07a6d903-7ec3-4a10-bc23-06698c12bed3,Maison Nova,banque,étudiants,Marseille,459887,8,592,57.73,347709,96.84
ef0f90ba-ea3a-4854-9ff1-8c1920b6e444,Luxeor,tech,étudiants,Lyon,297187,13,19,87.32,1870951,99.55
4600950d-970e-45a5-a667-090abce12bc0,Bellea,banque,étudiants,Lyon,160780,16,572,88.74,3415790,50.22
6c84cee8-02c2-4ccd-9db3-5a6762e50c8a,Fresh&Go,sport,touristes,Lyon,437902,15,159,79.72,952680,111.71
456cfbf1-93c7-49e8-a627-c4a1afd18add,Luxeor,food,touristes,Paris,323915,25,46,93.04,219053,117.18
81c27b32-c447-4122-a076-69e28d330da1,AutoMotion,automobile,touristes,Toulouse,343646,6,584,56.58,1971120,83.48
c4b3deb9-1bb9-4382-9968-156b56c1e30b,Luxeor,beauté,étudiants,Bordeaux,47494,36,495,50.52,1255191,29.12
f4ff4988-f5a9-493b-8fee-8ce6559bb882,Fresh&Go,santé,étudiants,Lille,211463,18,271,60.98,674569,93.35
855de568-dda5-4961-9d81-82d0932568bd,Carrefour Bio,food,touristes,Toulouse,76901,40,18,64.52,3495173,79.61
d340b698-c2f7-432d-8a16-bf93ac2dae31,Luxeor,tech,grand public,Toulouse,246707,45,201,52.5,1801266,44.42
1b5b1a85-6a19-4957-9cfc-a1b7fa52b515,Luxeor,tech,grand public,Marseille,294222,21,200,84.52,3367358,136.33
112f4a18-a720-4cd0-a4c1-cd01be2e7b08,Carrefour Bio,beauté,familles,Lille,36803,11,577,84.15,2928258,49.26
97d35768-a88e-4915-ace5-3cee0a8c4130,Carrefour Bio,beauté,touristes,Nantes,366565,9,180,69.83,2361093,40.29
4e971714-7520-41bc-a511-f30e0510017b,Maison Nova,automobile,touristes,Paris,83232,8,119,91.87,3387490,103.59
a3a842ff-b47b-461d-aaa9-68f16e6ace25,Bellea,tech,grand public,Marseille,411212,40,228,66.62,285608,103.58
16011b45-fee0-4f3a-816c-30605b3dc427,AutoMotion,beauté,touristes,Paris,48070,42,366,88.76,2619451,64.36
897c39f9-7213-4308-9ca3-9ba28e6899c9,Carrefour Bio,food,touristes,Toulouse,420679,39,76,67.67,3457223,46.01
d789eb5e-2e10-4133-8223-b0561957b7c5,Maison Nova,beauté,grand public,Paris,299509,40,500,46.64,2394200,66.55
2ef0a6d9-e71e-4641-83d5-9fc990726777,Luxeor,tech,CSP+,Paris,229664,17,169,86.72,579216,85.93
3e530d9a-ccd3-4451-8ff2-832259f75bdc,Luxeor,beauté,touristes,Lille,450260,3,540,89.96,2088749,116.89
008b6910-5cff-495f-a8f7-8744e6fc9ebc,Luxeor,retail,étudiants,Marseille,493085,5,103,86.23,999013,89.03
4fc53dc3-ae43-42fa-8386-c183c2a1ba2c,AutoMotion,santé,étudiants,Toulouse,194874,15,581,54.78,2559040,55.13
634a2e68-4820-44b3-8564-63a459bb26f0,TechNova,retail,jeunes actifs,Marseille,397493,41,479,64.34,448442,82.24
67663188-2b87-497b-a2d7-fa959c328fbd,Bellea,food,familles,Bordeaux,351687,17,45,69.63,3183815,60.12
9381d217-63c1-45bb-ae95-0d2b8d915bf1,Fresh&Go,retail,touristes,Nantes,232567,25,479,89.09,3015653,53.9
b5c2a80d-c32d-4cf9-90c5-bc2f0bd8f865,UrbanFit,automobile,grand public,Lyon,348405,10,393,79.53,903095,45.06
12c12d6c-c216-48e1-962a-1c784b7eaa24,Luxeor,beauté,CSP+,Nantes,322657,41,23,82.13,2879550,109.99
78ecf0fd-b85d-4ee1-8a8f-aa0cb6185342,TechNova,banque,étudiants,Nantes,426431,16,306,78.52,109548,74.47
df6166ac-c944-4dfc-8a35-02c8b87a3272,Luxeor,retail,jeunes actifs,Lyon,46665,22,489,63.47,2810993,81.58
5010293a-edb2-4244-b302-dbf0e983072f,UrbanFit,santé,CSP+,Bordeaux,420611,37,95,80.35,814711,107.32
cddb8671-6a6d-4086-b948-adffe8e17901,UrbanFit,banque,touristes,Toulouse,314944,18,535,69.09,2966152,43.41
cd8a9778-3d50-48e8-95e2-7189b3ae3770,AutoMotion,beauté,CSP+,Marseille,29680,25,30,75.97,3126488,65.02
66adfbc4-06bc-4668-9376-3bc3fba423be,TechNova,sport,jeunes actifs,Toulouse,489402,13,428,46.51,2331889,64.53
932f6845-c2d3-43ee-a438-6a2e1057cb87,TechNova,retail,grand public,Nantes,15398,29,600,57.62,2650427,79.03
c656aa89-7ab1-4cc0-bb8d-cd6d31cda751,TechNova,retail,étudiants,Lyon,50050,11,481,60.25,128060,80.69
56e59291-b874-4898-8cac-627af8a32af6,TechNova,sport,étudiants,Lyon,19190,26,136,95.79,1176509,154.74
0cfd7eb1-1194-4edb-8951-30cb03d587d0,TechNova,automobile,jeunes actifs,Marseille,474873,25,523,88.19,2506431,49.2
05930830-a1ad-4b22-ac5b-74a4ef8e4b29,Maison Nova,automobile,jeunes actifs,Marseille,151524,19,517,69.21,2107098,86.32
72f74e37-ac7e-4531-a1a9-10f913daa19f,Bellea,beauté,touristes,Nantes,342964,41,35,81.09,2787466,128.72
ed1fea5a-6917-4406-b000-a90b2d4e098f,Maison Nova,tech,familles,Lille,432160,28,576,53.55,2471463,40.64
83946dfe-ba26-4a5e-b6d4-6285a9fad9fa,Fresh&Go,automobile,grand public,Nantes,422872,44,275,89.2,3019065,104.43
e814938e-523c-4349-a748-fc045876cd38,Bellea,banque,grand public,Nantes,333364,43,560,95.96,1078547,105.69
ca08a631-2554-467b-b81f-8ce4bd96f4ce,Carrefour Bio,santé,grand public,Lyon,216542,27,408,90.88,2622621,72.85
7ae1fa31-6659-47a3-9e80-6b558b02907b,Luxeor,tech,étudiants,Bordeaux,496984,13,402,54.54,2127384,43.73
3c81dd32-5d7c-45cf-a9b4-06c952af3723,Luxeor,sport,jeunes actifs,Toulouse,7755,16,161,53.97,484127,82.37
02f7af4d-e298-450b-82bd-33853eb6bc09,Fresh&Go,banque,grand public,Lyon,201487,22,371,94.0,2848398,155.78
3236893e-134f-44fe-a805-807d9cb9d470,UrbanFit,banque,touristes,Toulouse,50725,43,18,68.37,659907,62.33
7b27a06d-e0f8-4308-8101-153dbbab850e,Carrefour Bio,banque,CSP+,Marseille,436043,7,245,58.02,2676818,59.47
530a03c0-b77a-4548-b550-fe22b5478b6b,UrbanFit,automobile,CSP+,Bordeaux,244890,13,148,66.9,975930,111.97
ddea23fc-2a67-4c47-8159-f1b7cd678537,Bellea,food,grand public,Bordeaux,146515,34,547,80.41,1554415,81.82
0ea4bc11-2b4c-4ea8-882e-23f50075780f,Luxeor,retail,CSP+,Marseille,461336,44,252,69.73,643728,76.64
04750803-f28e-493c-bc18-e8c884696211,AutoMotion,automobile,familles,Toulouse,236186,23,233,95.77,1379940,109.36
01fe0aa9-fff8-4ccf-bca2-a39a45274297,AutoMotion,luxe,grand public,Toulouse,260663,36,211,49.91,1940950,38.73
4b2e5c8d-d483-4025-9a49-e078498e0e0f,Bellea,luxe,CSP+,Toulouse,60736,26,513,82.31,2393625,139.34
38e9b687-0eac-4306-8463-3a9b0ab6b037,Fresh&Go,retail,touristes,Marseille,108372,13,502,45.4,688065,38.27
632b760a-2675-480a-a90b-e311bb0bddda,Carrefour Bio,food,CSP+,Lyon,191905,16,59,72.15,868940,75.88
a86f991b-ebb5-4dab-b0c8-f6da01c87623,Luxeor,tech,familles,Paris,147243,17,339,84.93,439705,70.5
4edfc126-3306-4bdb-a709-e2b2a4c04762,TechNova,retail,CSP+,Lille,297821,16,204,72.69,2941701,89.82
f6a3c09c-5389-4441-aee5-4e15c3bf0632,Fresh&Go,retail,grand public,Bordeaux,118165,20,209,80.65,1438264,71.7
17e0fd40-c2b1-413a-b177-d7ae9a12da5a,UrbanFit,santé,CSP+,Lille,297677,42,173,75.66,365478,125.9
54243f40-eec0-47e8-a4a5-5a66678a59fa,UrbanFit,santé,grand public,Lyon,290241,21,440,96.41,443808,80.79
b65b5a55-9406-41da-ac47-f79605b0c215,Maison Nova,automobile,familles,Toulouse,264147,14,374,72.38,1239928,47.06
e04a098e-5447-46b6-b6de-722b1099bff7,AutoMotion,luxe,touristes,Nantes,330769,30,514,91.39,2642075,97.13
ef6a9716-0b50-48ee-90a4-6eeda07ed858,Maison Nova,banque,grand public,Lille,108440,43,544,85.79,425349,85.57
49abb6e1-598e-4cc5-b3e1-8614fa86b41d,AutoMotion,retail,étudiants,Marseille,454894,30,138,90.27,371504,102.24
40b96e19-9793-49d6-a562-7b6a2700fd55,Carrefour Bio,luxe,CSP+,Lille,26952,9,107,91.22,1683404,103.82
4f4278a9-48c3-44dc-8e00-28a67d20a444,Fresh&Go,sport,grand public,Paris,320575,13,467,64.93,3316037,94.21
8f6b15be-884b-4e93-8cf7-603f83fb88d5,Luxeor,automobile,familles,Marseille,100360,14,493,69.2,771162,112.69
4f1fd129-2175-433b-8c99-61ef5661b0ef,Fresh&Go,luxe,CSP+,Nantes,115897,23,17,75.08,880403,115.69
ad4fc759-ae4b-409f-8bdb-bd3eed6bfb33,Fresh&Go,food,grand public,Lille,312985,42,36,49.09,3303696,75.63
1073e037-10e6-4e40-a1a5-1ffd3cb74f1a,Maison Nova,automobile,jeunes actifs,Toulouse,389573,42,153,84.13,1865573,80.11
a5e408ea-f4fe-4a00-9cfe-c728acc00d4d,UrbanFit,sport,touristes,Toulouse,478509,33,171,58.69,1866235,84.31
15bcf9b1-d36f-40d5-b812-f904579e3ed8,TechNova,sport,CSP+,Toulouse,384035,18,558,62.54,48616,66.24
bfc51ec5-8688-40c8-8a06-a5679379fd50,Carrefour Bio,sport,familles,Lyon,424777,37,472,54.2,1343890,76.9
0b1d1a59-ded4-4666-9a3a-5c2fc9b6a01a,Bellea,automobile,touristes,Lille,297015,33,236,85.29,948267,143.93
34990e47-a26b-4d91-bdfc-218065668d34,TechNova,banque,familles,Nantes,173029,33,109,58.35,2146203,41.73
1e9605f3-4b41-42c8-9c0b-0bf872e1c67e,Luxeor,banque,étudiants,Toulouse,137022,27,594,85.2,3204118,143.52
cf1ebdee-f991-4fa2-90f7-004ff92445f9,Bellea,banque,CSP+,Lille,18329,37,389,48.71,1234117,61.06
753efa6c-7965-4916-b5b7-4b546856dee6,Luxeor,banque,touristes,Nantes,338679,11,524,58.8,384061,45.24
318c4a9a-b34c-4fe9-a609-1f7611e51794,UrbanFit,sport,CSP+,Marseille,303971,21,265,47.6,2391890,27.18
5a8c4b7d-ec33-4613-afb4-2739a3d07d90,TechNova,retail,grand public,Lille,51037,20,429,77.6,2390768,126.1
d2e6a386-362a-4249-834f-567b1ab2cd30,Maison Nova,tech,grand public,Lyon,77558,38,404,63.14,117653,42.15
14a6c9b2-1227-4315-84e4-7116d92a56b2,AutoMotion,retail,étudiants,Lille,19646,10,540,54.82,1087678,78.74
8f60c065-0ff8-43d5-bac1-d69a774c0912,Fresh&Go,tech,grand public,Marseille,97059,25,459,62.24,2988618,69.01
86650ba2-bfe4-4d9c-9fa4-8c4c66476f72,Carrefour Bio,santé,grand public,Lyon,82711,3,407,57.72,2629393,49.95
c02b9d72-1373-4448-99e7-f4e05d157b34,Maison Nova,automobile,familles,Nantes,171353,14,273,45.23,3080388,63.4
f87ad1c3-9d51-4cf1-9a25-13f48b936371,Bellea,tech,jeunes actifs,Toulouse,363753,20,512,90.39,1091268,98.62
3628e27b-ddd0-4bb8-a997-e88d3dcfce08,Maison Nova,sport,touristes,Paris,419836,35,276,66.0,2167086,70.95
fa99c728-7f61-4d55-a641-6b446950722e,UrbanFit,tech,grand public,Toulouse,229919,9,475,93.53,3480684,102.48
85719e23-0b84-4393-a66f-febd37009a0a,UrbanFit,retail,grand public,Marseille,318692,34,227,57.47,1730208,69.4
6faf8876-4ec3-4543-a340-ab11ba9de0be,Bellea,luxe,jeunes actifs,Marseille,225123,35,317,83.91,917442,57.78
0ccea1f0-2e96-448a-884e-14ccc9e41a32,UrbanFit,food,familles,Paris,307289,15,118,76.96,1565432,112.93
c78283d8-62ba-4684-b2bc-875b4d633df1,TechNova,santé,familles,Marseille,69806,6,13,53.12,187376,70.14
9860c9d3-7a06-406a-83b7-5e2b6bb62a0c,AutoMotion,automobile,jeunes actifs,Nantes,221924,31,346,56.88,1957399,77.82
872a3e36-e49d-4a2c-ac57-54e6a48ddb54,TechNova,tech,touristes,Bordeaux,336753,38,396,76.2,3196634,129.36
84a21170-0733-47b8-8938-51f9d130695e,Maison Nova,santé,touristes,Toulouse,269735,42,24,58.85,1979576,61.54
68af79f7-88e1-4cf8-bdfd-fb0a8bd86c67,AutoMotion,beauté,jeunes actifs,Marseille,469205,4,465,48.2,2102782,32.42
7f1115cc-bd85-42af-8dfd-ae3436233ea3,UrbanFit,banque,jeunes actifs,Paris,24924,8,299,68.24,3165689,45.75
efd9da57-acf4-4a72-ab23-fff6aea98293,AutoMotion,luxe,familles,Paris,336372,16,441,80.64,950592,67.13
fb8702f7-7187-4c68-b0bf-5fa02fe5fe94,AutoMotion,luxe,grand public,Lille,481102,31,303,49.15,2930554,49.67
6bf3694c-5b83-439c-8e1d-56630d606343,Carrefour Bio,food,jeunes actifs,Toulouse,455281,45,496,87.54,2808637,103.39
a2fe357b-7457-4214-8e7b-6924a5a5a2b4,Luxeor,santé,jeunes actifs,Bordeaux,231631,12,99,70.17,1246291,100.13
5977f37a-c1d3-4b9b-83fa-a2688c1f974e,Maison Nova,automobile,touristes,Nantes,48817,43,308,87.62,1453973,80.71
7148a6f2-c7f5-4856-8041-eca2b68fafe5,AutoMotion,santé,familles,Marseille,147793,34,55,94.22,843665,111.88
9cd0660b-8ed7-4230-bee1-4af092abe062,Luxeor,sport,jeunes actifs,Nantes,247143,25,541,63.6,180125,72.16
eefa67c3-9918-4051-a1e0-64081ad51027,Luxeor,automobile,familles,Nantes,244468,19,96,65.19,2639002,68.4
e25e5e48-d438-4d56-a873-2d674034a0ab,AutoMotion,retail,touristes,Bordeaux,284313,32,569,62.57,2598538,75.29
b117f45a-0868-4243-9f0f-9bf8e42de325,Carrefour Bio,sport,grand public,Nantes,391566,20,180,86.66,3287852,132.37
5dc5b5b6-1a75-43ca-9bd3-21677ce272ff,UrbanFit,santé,touristes,Lyon,158644,18,455,93.37,2274143,48.15
cd9491f1-12e9-461c-ab02-20c38a5dfbbe,Maison Nova,automobile,grand public,Bordeaux,212210,13,466,60.32,3145917,42.22
24ca8ecb-538a-46d7-a736-aa117df1aeed,Fresh&Go,banque,étudiants,Bordeaux,228333,4,199,61.53,3006641,65.15
6b08f9fe-55b5-4390-976f-ba3711531ba7,Luxeor,retail,jeunes actifs,Nantes,263912,32,183,51.52,509076,56.89
390de7fe-02d9-43ac-976d-13dd1b815705,TechNova,beauté,touristes,Toulouse,263346,39,315,96.72,2180591,81.72
3e3bd265-1da0-4c18-b7de-2bbdb5bc4ef8,Carrefour Bio,food,jeunes actifs,Toulouse,210396,38,336,77.4,3020497,128.35
8d05dc78-f07c-4f7c-8535-228759db011b,Maison Nova,santé,jeunes actifs,Bordeaux,127145,6,260,63.73,2397091,63.58
e12a5b05-bc64-4ba0-8b39-71d2e9b2abe3,Carrefour Bio,retail,CSP+,Toulouse,190482,38,216,77.4,2802663,99.09
1104ff44-00fa-433e-9adb-86a85e2cc93e,Carrefour Bio,luxe,jeunes actifs,Toulouse,267724,37,491,50.15,1605263,77.68
095f7278-6b95-4b60-89fe-a3d51dbce54c,Maison Nova,beauté,jeunes actifs,Lille,419322,13,307,94.46,3000047,152.82
7281d844-9537-4b08-a662-016ccee2ec47,Fresh&Go,beauté,CSP+,Lille,152577,22,443,53.95,596984,27.04
a3c455bc-24fa-4fb9-a187-bbe4d2d43e8e,TechNova,beauté,étudiants,Lille,62220,16,335,46.36,3261922,30.14
69e01b23-c2d5-4045-b962-41a9233d66fb,Fresh&Go,retail,touristes,Toulouse,61237,19,302,87.02,219868,66.05
11ead2ad-178c-4c22-999b-e14434689f84,Fresh&Go,tech,familles,Lille,469909,39,505,49.0,1830255,38.74
31843f77-e435-4a92-859c-ed8fa3ed9d59,Maison Nova,santé,touristes,Nantes,116001,4,297,84.98,2941777,68.78
fa0d2e21-6aea-4486-b338-80474728a47b,UrbanFit,automobile,familles,Bordeaux,381879,7,449,91.48,1146954,65.02
4fed2b9b-ab08-40c4-b51d-14240acf9ae3,Carrefour Bio,santé,touristes,Lille,63942,43,92,94.91,2977968,112.18
e9b45d63-8871-4d09-85fe-b6a62f8a634c,Carrefour Bio,santé,familles,Paris,212261,34,322,69.72,1377229,90.19
7d5e65c9-1c22-4b3f-8297-719307264832,TechNova,retail,jeunes actifs,Lille,103083,26,585,82.76,1818763,100.94
ab545833-2e3c-4866-8260-fc11bf2b0015,UrbanFit,food,touristes,Nantes,146460,44,371,49.54,1590590,55.74
f1bb59b7-44d5-457c-8da2-4a0b8aaabd65,TechNova,food,grand public,Paris,71246,33,444,82.56,1523556,85.02
c48bc413-d826-47cf-99a0-5eb646dfb014,Fresh&Go,sport,touristes,Bordeaux,315857,32,303,93.32,781293,60.18
c7684c7f-97ba-4d83-a7d3-4c5b07793659,TechNova,sport,touristes,Lyon,29721,43,360,65.56,3425246,66.25
9b5cefbd-1068-488d-ac8b-64c25c41961e,Fresh&Go,santé,jeunes actifs,Bordeaux,123766,40,438,81.39,446178,68.0
20bb44c0-87d6-4d75-ab5b-2e9d51c9629b,TechNova,beauté,grand public,Bordeaux,437878,44,417,89.34,2429266,47.31
1962f663-b566-45c5-a0bd-06b231d3c22e,UrbanFit,banque,familles,Paris,25369,25,106,69.42,2713293,116.52
3ea3f460-95b7-444a-8bf0-a9ca889da78d,Luxeor,food,touristes,Lyon,122624,5,191,45.28,370956,55.1
5acaf270-6cd5-47c5-8346-3bff84fe849c,Carrefour Bio,tech,CSP+,Nantes,267128,17,444,86.75,894708,77.68
6098040c-b7ec-493b-9b68-fb838439ec37,Luxeor,luxe,touristes,Marseille,276827,32,109,54.48,3438080,79.06
9ebeff69-3f37-41d9-9f38-2bb267352f86,Bellea,automobile,familles,Lyon,259292,8,459,62.88,65056,103.58
cc7ca0ec-f1f9-4476-84d3-e3e55309a473,Luxeor,automobile,familles,Lyon,307730,42,332,73.75,712507,48.08
49049401-8f15-415f-b82d-688d771dd006,Maison Nova,banque,étudiants,Lille,86703,25,362,65.43,3386458,50.6
438afa01-7429-4ebb-8eb4-144b430e99c3,Fresh&Go,santé,étudiants,Lille,310394,34,331,57.06,517294,67.04
6287ec9d-1e65-4afe-beb7-813a51a785e0,Luxeor,sport,CSP+,Lille,284189,43,463,92.01,1291970,123.64
4f0b39b8-880a-4b93-a75e-1034930a9f7e,TechNova,food,grand public,Bordeaux,320687,8,600,64.01,2802758,36.63
a1505584-cfed-4cdc-975c-a8981bee31b8,Carrefour Bio,food,familles,Toulouse,277642,35,74,53.67,1967061,77.85
0aeabb83-29a1-4e17-bd7c-b1a28d020d71,Maison Nova,food,familles,Lyon,477271,9,112,56.44,516097,89.16
555dd59d-435e-48b1-b8a8-6790628101e8,UrbanFit,luxe,familles,Marseille,242520,20,152,68.31,3311887,58.99
343624ec-66dd-4ff6-bb16-56a7c57486b6,Maison Nova,sport,grand public,Paris,175857,7,233,77.62,478569,107.85
03b41297-888a-4616-90e3-d3d652153dac,UrbanFit,luxe,jeunes actifs,Lyon,88332,17,239,46.9,2565174,45.91
b653c4e4-d0b8-4371-aa0d-c6c50c656286,UrbanFit,banque,jeunes actifs,Paris,315822,38,281,67.38,2668451,79.38
4487b5ba-7a45-4fef-b245-0c7004ff1526,TechNova,automobile,grand public,Lyon,413384,40,91,47.11,2431437,77.85
0a54ef56-7405-4b9e-b4f8-86aa9f030fe9,Maison Nova,banque,grand public,Marseille,141560,6,529,71.89,2518210,36.62
8d044782-190f-4abf-9ddf-973171ef22e2,TechNova,beauté,grand public,Paris,348476,37,487,80.17,602799,97.17
4bfcd4e3-6ad3-4de8-b2cd-ce268c8912ed,TechNova,tech,jeunes actifs,Marseille,300821,27,85,84.25,3039760,119.37
e760c00e-694e-4aa7-8112-e0abab790df2,UrbanFit,sport,grand public,Bordeaux,333911,39,230,59.73,2719733,81.81
4dbd0fbe-2f84-4342-ba28-9af5a15f880f,AutoMotion,banque,CSP+,Nantes,324330,13,23,64.16,3322581,81.55
a31f4f0f-acc6-4828-83a1-0a73317d173a,Carrefour Bio,beauté,grand public,Nantes,401671,5,381,80.6,650268,43.24
03501624-a179-4204-95ec-ef2cb7f85e8a,Carrefour Bio,tech,familles,Lille,240670,31,539,59.03,127000,36.36
424fca95-06d3-4fff-9199-de719fac9225,Carrefour Bio,retail,étudiants,Lyon,204416,19,224,70.84,2710228,75.14
dd30494f-fdc8-44a7-a33e-ede2edef1ffd,Fresh&Go,sport,familles,Nantes,384464,40,558,51.45,3239232,53.72
681e6cd1-8ff8-4ddc-850c-eca1adb60945,TechNova,retail,touristes,Lyon,93774,17,467,94.35,1041061,137.68
cb1531ac-f1ca-4723-ba77-810971bc3a8a,Bellea,beauté,familles,Lyon,42962,42,13,90.34,1171692,104.63
de3fbafe-614a-4ea3-af6c-bc4f21962027,Maison Nova,food,grand public,Nantes,419104,19,199,60.37,2112259,71.2
f358a6fe-b110-4b0e-bacf-6c96578e799a,Maison Nova,food,étudiants,Paris,212447,42,488,97.31,835190,121.38
5ffcde8e-3fbd-4580-a44d-6677bcfb1ae8,Carrefour Bio,retail,étudiants,Toulouse,31963,22,110,49.24,871109,64.45
4929eaf8-198d-4b8f-9b8a-d49d460c0303,Maison Nova,santé,CSP+,Bordeaux,224157,9,506,57.04,3365016,53.59
8dfa4134-de8d-45bf-bfdf-14eefd8eac11,Fresh&Go,luxe,familles,Lille,313753,10,557,60.26,2564379,60.37
ec15fd44-fe23-4ad4-89ef-d2822635a9b5,TechNova,food,grand public,Bordeaux,416042,43,452,75.94,808657,97.56
046989ab-b3d7-4f80-849f-4dbbae2b9ce8,Fresh&Go,beauté,CSP+,Lille,224848,15,41,70.03,425225,79.22
ba21d0d1-de2d-402e-a068-1d0f4c6abd04,UrbanFit,santé,CSP+,Nantes,340546,31,549,68.6,325645,62.2
afd5c7bb-efe1-4d90-9114-d20fe75d160f,AutoMotion,food,touristes,Paris,190992,45,487,72.04,1838133,87.46
357e8fec-cbe5-4963-90c0-86a5c5898d66,Bellea,beauté,CSP+,Bordeaux,367593,9,255,60.51,813700,46.44
8d16d869-3315-43fb-9688-1885689df18a,Carrefour Bio,food,familles,Lille,427944,28,255,51.39,261382,46.9
f28d739e-e259-45df-863e-08e8c8dedca6,Bellea,beauté,grand public,Lille,184865,19,15,67.56,2533081,106.73
5afe77ba-d632-4390-a6e9-dd923faf9fc2,Fresh&Go,beauté,jeunes actifs,Toulouse,482126,41,594,83.83,2140439,49.13
5804b331-ca37-4f7d-be85-8b1cf6558707,Luxeor,santé,jeunes actifs,Paris,61616,38,121,62.91,2643175,56.03
b0249579-7b8b-4e16-9a04-a04126be19d2,Carrefour Bio,santé,familles,Nantes,387797,34,213,93.25,54123,144.78
d99d841d-23ec-4de4-a353-ccc7b98725a5,Carrefour Bio,retail,familles,Bordeaux,264317,29,413,91.96,293517,49.98
e7a6917f-dffd-4348-a640-ea91f760143b,Fresh&Go,food,familles,Bordeaux,244821,20,434,86.29,626621,109.39
8b2ae3d2-779f-4541-8917-3f8013da2c96,Luxeor,santé,jeunes actifs,Marseille,466483,28,155,71.7,2502883,63.28
6263c885-8a11-456e-a856-60a959e7b84a,Luxeor,food,étudiants,Toulouse,326372,24,455,77.07,2568445,79.01
3f3e8c39-fc08-4baf-9a05-98596b8f7623,UrbanFit,banque,familles,Lille,288209,10,233,87.73,644889,60.32
49fbe52d-a7a3-4205-a199-33aca9f8a8b5,TechNova,sport,CSP+,Lyon,46376,42,52,81.0,1909162,119.64
503d8c99-e606-4bd6-85fc-bf8e80454d9f,UrbanFit,banque,CSP+,Marseille,398879,14,247,83.82,2557087,58.03
8e22a6a4-5f6c-4ec5-9822-38a43dc64773,Carrefour Bio,retail,étudiants,Nantes,134362,28,475,95.76,1703502,107.8
54124c6a-21e3-4bfa-b319-9637629d9de0,Bellea,automobile,familles,Marseille,452074,39,12,56.03,1523476,37.57
1a4a949b-cd2d-458a-9a98-93006532488f,TechNova,tech,touristes,Lille,251120,21,584,75.62,2445511,103.13
e6acfd69-c14a-4420-b804-6343fb7c63a3,Fresh&Go,automobile,jeunes actifs,Toulouse,338708,18,329,54.69,1954283,34.57
1bb759e3-321e-4f32-a4e0-fc8d0f2c8045,AutoMotion,banque,étudiants,Bordeaux,375343,21,554,70.02,306828,47.28
4693d6ad-7d7d-4539-af65-d5030f1ace4a,Fresh&Go,automobile,étudiants,Bordeaux,315783,27,367,53.04,1236198,75.45
359d9c81-d1b1-4827-8a57-b5bac8a2ee79,Fresh&Go,luxe,familles,Lille,166327,22,162,92.85,889399,47.87
5a4a3b10-30dc-4eeb-bd50-a9001030a25a,UrbanFit,banque,étudiants,Toulouse,309512,24,566,79.94,3027435,134.23
3cd9a9bc-cfa5-48e3-9ce4-f1b59bac2f0c,Fresh&Go,luxe,CSP+,Paris,472874,8,212,94.21,1167571,62.77
5bfbeddc-cb93-48b4-8279-22ea89da2025,TechNova,retail,CSP+,Bordeaux,136460,17,171,96.39,3281570,162.42
f7c0b70e-8a68-436d-a87a-ad24ea5e4837,TechNova,beauté,touristes,Lille,408047,37,178,71.33,1269574,42.22
b27cb35e-f70c-47b2-ac23-f7ff8a22bf54,Maison Nova,retail,familles,Lille,252388,29,411,53.2,2365536,74.28
ca3ebb5f-675b-43c6-a29a-522523f3440f,Luxeor,beauté,familles,Bordeaux,74900,17,149,97.85,316174,157.49
63ec7521-1e3c-4c54-8265-5502dbb25bb9,AutoMotion,luxe,touristes,Marseille,487604,21,53,54.52,515058,49.59
311b572f-831e-4177-a674-bc35304805d1,Carrefour Bio,santé,CSP+,Paris,234407,21,402,66.34,475152,63.25
f4ecabdd-950c-4636-96b1-486a175cf513,UrbanFit,food,jeunes actifs,Nantes,268863,31,113,69.73,2309493,41.51
6b609de4-f878-4d2e-8d66-6dcdc6c035a6,AutoMotion,luxe,CSP+,Toulouse,412229,30,537,67.34,197897,75.83
d6b8ff63-b5f1-41c7-a6e7-aaf005629a84,Fresh&Go,beauté,grand public,Lille,324192,16,148,79.23,2529380,89.18
3dff9213-945f-4df5-bfa9-36dd5af68b8d,Maison Nova,santé,grand public,Nantes,453351,43,360,77.09,841946,87.48
85617fcb-1391-4f48-8a54-4c1908665bba,Bellea,tech,grand public,Nantes,200749,30,418,54.96,2259682,32.36
653a1598-6449-4db0-a73c-1c5f10abfb5f,Maison Nova,food,grand public,Lille,272943,27,564,59.15,1119278,42.59
58fee562-b7a7-4a45-b0cc-4a34d78073d2,AutoMotion,santé,CSP+,Bordeaux,173122,33,194,93.39,547778,65.01
9c3aeaa8-a971-48f5-a671-27954d5119e4,Fresh&Go,tech,grand public,Marseille,342939,39,409,66.15,968084,105.7
d39b0c11-0679-45d4-b8a9-f2eead87ccbd,AutoMotion,santé,grand public,Marseille,45926,26,559,95.5,221314,156.89
4b8db9e3-d2a7-47a8-ba37-d1cc57b9b065,Fresh&Go,retail,étudiants,Paris,83095,28,271,61.58,2857232,93.62
72400d76-9b29-4a60-abb0-d74c89d71c89,Fresh&Go,banque,touristes,Lille,456059,16,317,49.51,268688,63.66
337cd823-6224-4c12-8d53-132303b747ac,Luxeor,automobile,jeunes actifs,Marseille,442037,15,245,58.54,1960153,51.8
63313a56-5887-4917-a7e3-5e87b2b30d40,Fresh&Go,banque,étudiants,Marseille,478022,20,570,81.64,3043692,96.04
64b928b4-3f26-45c6-86e7-6f0d22e12e84,TechNova,luxe,jeunes actifs,Lille,280142,25,15,83.76,1810955,140.17
d0da8608-1954-4c8d-84ec-fe654a52738d,AutoMotion,luxe,grand public,Lille,306055,8,478,80.14,2289235,84.61
086dcb11-8a78-4022-b03b-922182c7e9bf,AutoMotion,food,grand public,Marseille,365472,8,296,46.67,588727,64.51
3599f58c-6ff0-47b7-902e-d41d4b91ebef,Bellea,santé,grand public,Paris,112706,34,506,69.17,1011606,62.84
f2c97d15-e154-41f9-b208-fc9d2d501154,AutoMotion,automobile,touristes,Bordeaux,19888,42,66,72.04,2777264,95.32
0400a10a-1f80-458a-9251-02ab1ac8a3da,Carrefour Bio,tech,étudiants,Toulouse,167817,20,535,80.75,2371927,63.63
09a8d9d1-d773-4056-9163-a40ba436b178,Maison Nova,santé,familles,Toulouse,86404,25,344,86.13,249661,145.99
8e618781-78e9-4625-b035-f408348a87f2,Luxeor,tech,jeunes actifs,Toulouse,463062,22,136,94.98,61931,150.89
9aec3a7b-57d2-4a7e-874c-298d0b036505,Bellea,tech,familles,Nantes,333376,6,584,64.75,3267096,63.24
5243f172-3e9c-48fa-b6b4-829e057e3668,Bellea,luxe,jeunes actifs,Paris,15635,16,262,84.35,1863039,61.58
1fac2601-31ba-4991-b8f3-ac32ef0d6f0e,TechNova,sport,étudiants,Lyon,433530,30,306,92.35,2445424,58.51
0a58f188-0d10-4564-bcce-714ce4ebebe2,Luxeor,retail,jeunes actifs,Nantes,427267,44,315,63.45,1275842,48.49
73f1b1a6-cf46-42a9-9689-64967b97e44a,AutoMotion,food,étudiants,Toulouse,396575,45,179,63.37,2758592,77.49
bf2baf5c-f093-4d81-a105-c2e4fdf71612,UrbanFit,automobile,familles,Nantes,164039,16,255,55.68,3478594,77.48
61732265-0e32-4344-9410-5ae3b31e5432,AutoMotion,tech,étudiants,Marseille,452662,44,353,87.76,1694216,68.77
2b033291-2946-4bfe-b267-305306a6ca9c,Maison Nova,retail,étudiants,Marseille,164001,30,303,47.33,941339,40.21
0441fb07-50e0-4b5f-a09e-d9129e41f37c,TechNova,automobile,jeunes actifs,Nantes,379314,34,346,65.02,2460930,57.41
740313e8-64a5-43a7-a165-45a9aa50f0d4,TechNova,santé,jeunes actifs,Paris,210122,32,221,73.41,1550194,68.4
d262e175-ba16-4bf8-acd8-c08b9ae8b895,TechNova,luxe,familles,Lyon,390365,25,162,62.85,2708503,85.17
97dd8c35-0cbd-442b-9bea-08e315a7ca5f,Maison Nova,santé,étudiants,Paris,73644,4,497,97.47,1241327,141.55
8c7cb20f-a269-4ae2-a267-86f7c0a30678,Carrefour Bio,beauté,étudiants,Bordeaux,74367,45,22,57.46,2873795,38.88
5589a518-3c45-4c39-ad9c-ef199fabd634,UrbanFit,retail,touristes,Marseille,25880,45,411,70.73,1753990,94.93
6301a9d8-7681-4301-b60b-6bfbe6ac0f86,Carrefour Bio,banque,grand public,Toulouse,498770,35,432,52.49,1225295,76.69
5e7725dd-a3ea-42bc-8ce2-aedeb9030eaa,Carrefour Bio,food,CSP+,Paris,457309,32,209,62.26,1028470,49.33
d0c598ae-6ff4-4b19-8ed0-bc258b0f1611,Maison Nova,retail,CSP+,Paris,456793,32,107,46.06,1711075,47.48
064c290b-55df-4a90-8092-d2e65b261141,TechNova,beauté,familles,Nantes,398458,25,558,65.33,2857192,53.77
1d770a1b-1423-451a-be3f-b88372819751,TechNova,tech,étudiants,Lille,110307,35,535,60.35,2087403,73.64
4162892f-8608-4a9d-8bca-9a2d5e436984,TechNova,santé,familles,Paris,472574,8,467,58.19,386916,51.95
dedfee4e-63c8-473b-976e-9a204641e004,TechNova,food,familles,Lyon,272808,13,146,93.06,2381017,149.67
e275a8be-5d0c-4af6-9d3f-a9c2ad622a1e,Luxeor,banque,familles,Marseille,25689,6,29,95.67,125272,66.0
b2ce2da4-9467-4388-add1-5c4bef0cd18b,Maison Nova,banque,familles,Lille,427137,10,321,67.07,1398961,53.72
f953b15b-6dfc-4283-b12f-31777bcbef6b,Carrefour Bio,retail,familles,Lyon,372756,16,99,59.28,1660256,42.66
e38dcbbe-aada-43f6-bcfe-4a5980b66112,Fresh&Go,banque,grand public,Bordeaux,496779,23,83,54.53,1865380,53.21
13f72bf0-b2cb-43a1-8c7e-b87d0686425f,Carrefour Bio,sport,touristes,Lille,336923,5,429,83.18,3028772,52.74
037f7a07-b1d6-4fab-a792-487fee864cb2,Bellea,automobile,familles,Lyon,218842,35,589,95.61,1515876,76.87
ada5f6ea-73b2-4183-bcea-66cc1b57d4d1,TechNova,sport,touristes,Nantes,405031,37,406,47.99,432754,37.55
cce5488e-d603-46f1-9b47-dfb17a02876b,Luxeor,banque,familles,Lyon,479369,38,229,79.25,2246035,130.35
ae39685d-177d-46ec-b696-515c44c79829,AutoMotion,luxe,familles,Toulouse,361922,13,62,95.14,500770,78.3
5a6c9d14-d926-47dd-8a43-4db7ffdc8ad6,Maison Nova,luxe,touristes,Lille,182468,42,101,80.7,2193196,135.52
9948e204-8c41-4cc3-98b6-b1ea4023fc8c,Luxeor,retail,touristes,Toulouse,294481,8,285,80.53,1918512,50.39
381515ee-3742-4fc7-a607-0dd303663c4e,UrbanFit,sport,étudiants,Paris,197655,40,503,67.1,2233231,113.87
3246962d-da60-47fc-871d-86adff6d4763,UrbanFit,beauté,étudiants,Nantes,426472,17,318,51.55,2897855,81.44
f4d3d310-7d51-49d2-9b49-1feb87a5269e,UrbanFit,santé,jeunes actifs,Bordeaux,420343,3,470,87.25,2484147,83.41
0fb54c30-134d-41d3-b97a-e85e1857991f,UrbanFit,food,familles,Bordeaux,208675,44,169,82.65,1724203,103.62
59049a9b-de52-47da-bc3a-93f0d307cd7a,Luxeor,tech,familles,Toulouse,324613,9,230,52.52,1201951,37.95
f4fb7b82-a1d5-4418-b7bd-8ced823de868,Fresh&Go,sport,familles,Paris,423178,19,576,80.76,1274370,114.72
ef7fcf08-8862-4a2f-87f6-22821b336e82,Fresh&Go,retail,étudiants,Toulouse,410554,45,46,87.0,2482102,76.01
369ceb6d-3e33-47d3-a1bd-a80d16ca0ca4,UrbanFit,santé,CSP+,Lille,471955,11,340,95.16,1613540,119.88
ce526550-9c1c-4ee3-a47d-2d97dce4b116,AutoMotion,food,CSP+,Lille,49835,28,100,88.62,3144358,105.48
2bd61746-0e0d-4468-8958-8b01023f6597,TechNova,beauté,grand public,Bordeaux,478414,13,547,81.7,114940,53.07
a92eda42-ae25-40f6-98ff-d78fd1ef80cc,Luxeor,luxe,familles,Toulouse,57079,7,317,84.47,30389,47.26
2d96a011-2228-45eb-b598-196a1e8365d5,AutoMotion,santé,grand public,Lyon,200657,14,443,88.64,3145004,85.75
026632d9-715a-4ddd-bdc8-74ab9bfbe1a5,Fresh&Go,santé,jeunes actifs,Lille,69924,18,530,50.36,1301731,59.25
227bc08b-0e6e-4684-b99b-a9929bdecc4e,TechNova,santé,grand public,Nantes,111728,40,498,63.73,2321078,49.34
f7cd88d4-c14e-4367-aa45-97266497c0d9,Fresh&Go,luxe,grand public,Marseille,107442,30,392,47.44,3261149,53.13
3782a040-aa4b-427c-b4da-e4826262b192,Carrefour Bio,beauté,étudiants,Paris,153888,8,374,69.4,2844982,56.65
5cd4d7f2-0072-4fd5-878c-5dfd8e2a3f2a,Fresh&Go,luxe,touristes,Paris,96670,40,338,53.74,1568934,57.8
a7f4b602-7e88-4625-8644-e418ccf91997,UrbanFit,santé,familles,Lille,428413,29,55,85.91,1280148,76.48
58d85f23-7261-4066-80fe-e003982f7821,Carrefour Bio,santé,grand public,Paris,283752,12,555,54.23,156958,54.4
ee04312d-de23-4c1f-9607-a982f7e98bb0,Luxeor,santé,étudiants,Paris,280446,31,77,89.22,3473362,131.21
919fa796-c2a4-4868-9701-50f7979da948,Fresh&Go,sport,grand public,Marseille,480179,41,23,55.17,640179,64.45
743a367a-9024-4ced-bafb-32be5d1a2ef2,Carrefour Bio,automobile,touristes,Bordeaux,158806,44,118,97.02,2431665,146.69
161c9197-60a8-4f25-8ea5-76b55cadd943,Bellea,sport,jeunes actifs,Lille,355609,21,23,64.19,3000975,97.47
92cb605d-1eee-49a8-acfe-035e7d5c6ef2,UrbanFit,banque,touristes,Bordeaux,106597,18,105,47.36,1624172,33.86
08ea378b-617c-4aa3-8068-196ad0078b23,AutoMotion,automobile,touristes,Toulouse,127426,6,163,70.1,1148418,64.22
570bb97e-0084-4ac1-a0e6-44e68ead1120,Maison Nova,banque,jeunes actifs,Lille,157261,35,261,46.67,1387803,74.3
b38957ae-d821-4e7d-91f3-826c3b663708,AutoMotion,sport,étudiants,Toulouse,35281,25,259,88.58,967248,47.93
18af516d-4911-4e3f-ba6f-95c513556bb0,Maison Nova,luxe,grand public,Toulouse,18632,19,410,97.76,345942,93.84
5b7a5fa2-6314-458e-9f9b-e4947024bf2b,Carrefour Bio,sport,CSP+,Bordeaux,343492,35,54,88.31,1129985,57.86
18417d13-2715-4c1c-8afe-cf2b49274d4a,Bellea,banque,familles,Lille,436208,8,356,73.52,148246,87.08
d35109af-944f-4abf-bfdc-aaa50fc0d4c8,Carrefour Bio,beauté,touristes,Nantes,193990,22,335,45.38,2671751,47.14
81e043f6-1915-460a-9da1-4f7b9ceaa38e,Maison Nova,automobile,familles,Nantes,497300,32,175,89.51,2846845,112.42
08ad649e-6bd2-4106-ad85-6d6df3219ec6,TechNova,beauté,touristes,Marseille,246350,21,401,76.57,1233650,78.82
72781914-0805-4024-ab25-85dbf37cddd0,AutoMotion,santé,CSP+,Marseille,196172,15,375,74.9,484888,125.15
ae1008f6-c436-4dee-b3a5-e3e73098c5e2,TechNova,automobile,touristes,Marseille,288320,12,261,97.21,3021177,83.25
cebb9698-fc9e-4d94-bbe7-a3a6b77547ce,TechNova,beauté,grand public,Lyon,108901,7,88,56.93,3116576,69.7
e5efa6e1-d7e6-4971-92b2-dc981dcf463d,Fresh&Go,banque,touristes,Bordeaux,397358,39,88,74.29,2040274,112.09
6cdaef45-d953-4cd5-8722-98e87dd2b5e2,Bellea,sport,jeunes actifs,Lille,425263,12,146,97.29,1609835,150.11
5ccd9535-4f00-46b1-8098-989d09cae9e3,Luxeor,sport,touristes,Lille,205301,21,264,55.23,1278712,51.98
e7e7a389-c5c7-4f78-8178-7d3b7748fbe3,Bellea,retail,CSP+,Paris,271509,25,306,84.69,2815356,85.14
d0e1e12a-9c3c-44e9-9eae-88fe9c6bc2d7,Fresh&Go,sport,CSP+,Lille,123545,36,226,63.88,2757508,104.37
49aab6bd-e09a-48bf-9cb9-35c512f91d8b,TechNova,banque,CSP+,Bordeaux,151945,39,592,47.15,3181753,79.52
35919db5-03f2-49df-a214-25b1d371641c,AutoMotion,banque,étudiants,Lille,129029,45,164,61.55,822026,74.83
90f98386-ae11-469e-b056-b73a0fc9ed28,Maison Nova,luxe,touristes,Nantes,295364,8,498,82.9,1516242,111.87
5ae43896-34ab-45ba-9ed2-5ac185b09a10,Bellea,banque,touristes,Nantes,30463,10,264,88.55,2980510,83.45
e132f732-45a7-4063-95c0-33597c3dde2d,Bellea,sport,familles,Lyon,305320,18,469,70.08,1446587,68.43
c102d554-a92f-4cc3-bc03-ebbb6d791574,Carrefour Bio,retail,grand public,Marseille,199764,24,410,91.87,3376679,145.43
09493c0d-6d2a-4c74-9509-05f034d8dc72,Carrefour Bio,sport,touristes,Marseille,183191,36,530,54.35,659519,33.84
c2d787e3-fa83-4cc0-a1c5-08676b051066,Maison Nova,food,étudiants,Paris,172748,28,147,78.99,3394423,74.56
653c4f1a-18a0-445a-a79d-5022960a28af,Maison Nova,sport,CSP+,Nantes,488129,7,21,88.62,2799642,77.68
89a4da4a-8e0a-4bf8-a3da-ab31c2d89f16,Maison Nova,sport,CSP+,Toulouse,261545,11,59,81.89,731574,88.48
b65187ec-d1b2-4d75-a85b-55daf09d43da,Fresh&Go,sport,CSP+,Marseille,370487,28,155,86.97,1399400,136.26
487f0ff3-4b27-4a4b-8ffb-314f15a095d9,Bellea,beauté,étudiants,Marseille,382267,26,397,61.49,2461698,45.69
400527be-4937-4aa0-b6c4-8be704b72d2d,Maison Nova,beauté,étudiants,Marseille,318312,7,129,60.98,2823922,84.48
c0eff1b3-13d8-44bc-aaa1-c5747922d823,UrbanFit,luxe,grand public,Lille,393242,13,545,84.58,3101823,127.9
0dd41cbc-d12b-43c5-ac5a-55dc33d19421,UrbanFit,banque,étudiants,Lyon,213040,11,164,66.16,113959,82.7
61d073d1-4eb7-4812-9c46-006e96fb493b,Fresh&Go,luxe,familles,Nantes,495540,6,114,54.43,777527,65.58
1e071793-ed72-4308-bca9-2df458aa25fc,Luxeor,sport,touristes,Toulouse,368897,30,147,67.02,1183469,65.1
72150c9e-fddc-4be9-8b51-067bcc7df802,UrbanFit,beauté,jeunes actifs,Marseille,297762,35,354,64.89,956748,37.26
b4503120-6341-4f23-b9ae-15c6cb68bd41,Luxeor,santé,grand public,Lille,122039,28,71,73.12,1869899,76.03
019ab9ea-24e2-42d0-9bfd-ef84d5eae5f1,Luxeor,santé,grand public,Marseille,238788,27,59,80.18,2899782,98.56
256f92ca-3aca-434d-9479-f1c9407a67e6,Maison Nova,beauté,jeunes actifs,Lille,430577,34,13,85.13,1567475,136.34
8e2ace01-b6d8-465f-a6a1-9d0454e167b6,Carrefour Bio,beauté,jeunes actifs,Nantes,476250,26,553,47.3,2387314,50.07
c4bce2f8-66e7-4ed1-a7b9-4a3a4bdc3b0b,Maison Nova,sport,CSP+,Lille,99818,12,48,92.56,227260,71.81
7652e5fd-618b-4ece-a21b-9e7fe8b32b39,Fresh&Go,retail,familles,Lyon,20539,10,378,87.37,2220660,67.81
87621d71-c074-4c1a-89f0-17baf8cb8cdc,Bellea,automobile,familles,Marseille,125579,39,164,53.4,2986673,74.04
e3f1ae05-cba6-42b9-aa3e-d917975755a0,Carrefour Bio,sport,jeunes actifs,Toulouse,6950,28,163,82.81,3302261,47.98
a1a0bd5f-063d-4d34-8a66-7ae39da7cc8f,TechNova,luxe,CSP+,Marseille,31738,40,213,84.34,2943777,141.13
9683a7b4-60f8-4d5a-9378-37cd753ef28d,Luxeor,sport,grand public,Lille,348566,7,517,47.42,617632,46.03
226fefaf-fafa-4fa4-80aa-661db683f081,TechNova,luxe,grand public,Bordeaux,290957,40,471,92.94,3396172,85.96
65080423-ff36-4c8e-914e-c4aa9cade09d,Carrefour Bio,santé,grand public,Lille,231045,40,139,55.42,897775,37.77
fafdd457-25fb-4954-bec1-f42578158a2b,TechNova,food,touristes,Paris,270571,26,450,60.81,2018500,86.58
28265f20-4c68-4f38-9240-4187ee08607e,Carrefour Bio,food,étudiants,Lille,374922,19,403,53.34,2986859,81.8
3e009add-09e2-48ec-9491-4c63639339a3,Bellea,santé,jeunes actifs,Nantes,79847,19,537,45.87,746885,70.52
8f67fa29-4718-4779-ad6f-fb684d062d66,Maison Nova,banque,jeunes actifs,Paris,362021,21,88,61.41,384887,40.71
392cd3ff-5116-40aa-ba07-ee6e35f8f11b,TechNova,food,jeunes actifs,Paris,184407,32,157,73.96,2265715,101.13
450fc094-4a59-49b4-9792-8ddabac9a525,Luxeor,retail,grand public,Paris,232249,8,297,54.33,2169026,66.24
c31480b0-87a5-4b18-a73d-5afe343c5348,AutoMotion,food,CSP+,Lille,58140,16,300,94.15,502810,106.63
e44a4bdb-b613-451d-9c79-1229ba37d5fe,AutoMotion,sport,CSP+,Lyon,461884,31,131,69.19,767636,85.92
55b8f424-5561-44f3-a4dc-ccd45c21cf2f,Bellea,beauté,touristes,Lyon,34450,3,545,73.5,349035,89.97
0aa20b7e-6096-445a-9dd9-41624485b771,UrbanFit,retail,grand public,Toulouse,365750,9,505,70.13,187696,72.94
e34c6fc5-ec68-4cb7-b43b-0637b8e24486,Bellea,luxe,étudiants,Lille,283309,31,419,90.51,480433,123.75
d037f135-fa4f-4930-91d9-0f170ce4a1ad,AutoMotion,beauté,jeunes actifs,Lille,329753,23,335,73.27,2273943,45.58
036619ca-0b75-4798-baa7-9d7a249bce65,Carrefour Bio,retail,touristes,Lille,234472,4,412,96.06,2167338,133.92
5785949b-ad46-46f3-926f-6d9c12d41a81,AutoMotion,tech,touristes,Marseille,446923,31,499,57.63,157387,65.62
ccfabc16-2fb1-4854-b0ac-f75fe2f49dd5,AutoMotion,luxe,étudiants,Lille,291225,25,493,81.43,2673282,60.87
0fa00db2-37ee-4126-8a5d-e901c0e51d35,Fresh&Go,retail,touristes,Lyon,131477,20,572,59.2,1010498,48.57
cf95adc8-b92b-4dca-8c7a-3496fe4ce702,TechNova,sport,CSP+,Toulouse,96498,39,101,59.68,1784060,39.61
daf8af0b-835f-4ec8-957d-25f7db9dc006,Carrefour Bio,beauté,jeunes actifs,Bordeaux,262757,4,364,96.03,1840021,153.59
772de398-9c25-41f0-947d-a60f7b920a43,Maison Nova,beauté,grand public,Lyon,251279,38,47,51.94,1744422,29.37
e6d072e1-6291-4afa-bf42-7186886abf32,Carrefour Bio,santé,CSP+,Bordeaux,11490,28,596,66.94,1457154,96.34
d1d7dfa7-b001-49df-9c5c-d34003840d22,Carrefour Bio,sport,familles,Lille,218726,25,517,92.92,950348,129.77
3a108bd0-5ebf-4c4c-ac32-36af56f40053,Carrefour Bio,luxe,CSP+,Nantes,112663,13,251,97.68,1004640,114.59
806afa61-1e72-47f6-81bf-941555f58958,Maison Nova,luxe,jeunes actifs,Toulouse,389642,11,256,77.67,2558838,128.05
48bc06c6-458f-44ad-8287-90cdc19d2ea9,AutoMotion,sport,jeunes actifs,Bordeaux,110529,22,99,73.8,1986443,46.81
e75fccba-274d-409d-9510-0ab30454e220,TechNova,beauté,familles,Marseille,496155,10,545,53.29,1268703,69.35
b3742021-dafe-4af0-bfe0-383a2a7834b5,Bellea,tech,touristes,Lyon,342761,41,410,58.39,1497914,39.03
2ce461ee-e656-4548-9924-8d7e3f1df3b6,TechNova,luxe,CSP+,Lille,279080,13,204,78.24,2293801,121.52
c0985a47-2fc5-4377-b89b-267dcfad59e0,AutoMotion,tech,jeunes actifs,Lille,147123,26,222,97.51,2574824,101.19
109f26cf-ae3e-4b90-8a11-4508a69f6073,Luxeor,santé,étudiants,Paris,56087,5,146,63.61,1038748,58.89
0c93f1f8-eef9-4020-a845-7f727efdde33,Carrefour Bio,food,grand public,Lyon,402712,38,186,66.8,3386288,92.43
a6498162-0366-41f4-ba29-b492a5ca1cec,Carrefour Bio,beauté,touristes,Paris,366908,38,196,90.89,77537,59.44
9d6b09d5-a20a-4844-9a39-1d42c2937e9d,UrbanFit,tech,touristes,Marseille,235172,38,520,46.9,65298,40.99
54198d2d-032e-4f72-879d-d6add331c2d0,Maison Nova,sport,étudiants,Lyon,266545,30,517,57.06,2507135,80.28
dc686dcd-b819-44f8-a265-445917032bb2,TechNova,banque,touristes,Marseille,397092,23,443,46.06,3447856,36.54
83dd0913-a5d3-436b-b1e2-ca7c36e54d6f,UrbanFit,retail,jeunes actifs,Paris,190567,18,250,61.22,2483510,39.81
4c3bad09-3b09-4d8f-8fff-1a04bb4e0da8,UrbanFit,sport,touristes,Paris,201620,32,100,65.05,3120055,58.65
0e20e04d-62ec-49b6-8165-a3a613701240,Luxeor,beauté,familles,Marseille,137521,44,15,68.82,441327,68.69
36a2e5eb-4687-423b-8fe9-f9770ef03633,Luxeor,luxe,étudiants,Lyon,380364,19,132,88.87,2925919,50.07
15c50260-ab4d-4b26-9d5a-c5c77cb1f932,AutoMotion,luxe,étudiants,Bordeaux,181293,27,417,74.79,2575025,45.77
083343e6-e9c1-4927-8dd0-44184bc91dcf,Carrefour Bio,luxe,jeunes actifs,Marseille,289907,41,138,90.9,3240928,106.63
db9517e9-28ac-4c2c-b49b-8c0aaab74898,TechNova,luxe,étudiants,Lille,378698,32,560,63.26,912465,31.74
75cac42b-bead-4865-b016-d6fa6c517169,Bellea,luxe,grand public,Lyon,202182,43,101,69.51,921802,70.71
b7e871ae-a97b-4413-9853-79928cbd2a7e,Luxeor,food,grand public,Bordeaux,381987,29,341,74.59,206449,57.71
e2c24d42-f50e-4202-90ec-516be3505621,Luxeor,tech,étudiants,Nantes,467335,16,105,75.77,227069,128.37
4b40bfbc-2d5d-4f6e-bb1f-d36175134fb0,Luxeor,beauté,grand public,Toulouse,151626,11,54,48.79,2711619,82.75
a46903f1-975f-4e8f-877c-f556e3bb8c62,Carrefour Bio,automobile,touristes,Toulouse,87226,36,175,75.5,75611,46.95
eaf36b1d-7cea-4f14-a3a8-9c80cd0a678d,Carrefour Bio,santé,grand public,Lille,55849,18,550,58.19,3390496,49.22
e646a8a2-5197-4553-b8d4-13d0d6e26221,Maison Nova,luxe,familles,Lyon,279389,31,527,74.53,95522,70.53
7e4a5b13-02b2-47d9-8252-b1f56dd74410,AutoMotion,banque,grand public,Lille,184660,11,280,64.61,2935538,107.21
a8742574-654c-47a4-a39f-8e6f0ff25308,Fresh&Go,retail,grand public,Lille,476981,27,144,80.55,1000766,105.19
3a9bbebd-ac64-4278-8db3-44cd9f298f2d,AutoMotion,luxe,jeunes actifs,Marseille,260014,40,246,52.54,2016642,42.69
b5631b36-49dd-4493-a66e-d7c048262624,UrbanFit,beauté,familles,Nantes,420458,9,541,55.79,961322,31.53
1c0a04aa-5872-460d-bc49-da66bb769df5,Luxeor,tech,jeunes actifs,Lille,213401,25,171,93.73,1478704,122.96
afffaf16-2258-4aa7-a3a8-d90248ea4b27,Bellea,sport,touristes,Bordeaux,460997,35,38,53.84,61238,56.63
9bd83740-8884-4eb3-a696-b11f912a9d35,TechNova,retail,jeunes actifs,Lille,122416,16,552,46.99,2494895,65.9
044ea312-72ab-4e36-9ff6-24ba4f0ac7c2,Luxeor,retail,étudiants,Lille,283627,43,247,48.78,1090809,80.9
e1e145bc-b082-4d5b-8d1a-9cd40f576bf0,Carrefour Bio,food,CSP+,Lille,134026,36,60,57.69,3311523,60.82
78b5ef70-48fe-42e5-a5ae-72fe5b68c60e,AutoMotion,sport,familles,Marseille,77190,39,483,96.01,1550682,120.25
3baadafa-9780-46e6-b977-da5499d1cc78,Fresh&Go,automobile,touristes,Toulouse,373149,41,324,84.84,490150,44.95
78f45049-f482-467e-bdce-8dd4a940583a,Bellea,luxe,CSP+,Lyon,252098,41,77,61.96,676905,52.38
130340d0-5dd1-4d65-afda-d2de2f6abe28,Fresh&Go,retail,étudiants,Marseille,489300,45,326,96.14,2824070,149.89
9265ee98-48fc-4a0b-bbc5-4f51f0e51e84,Fresh&Go,luxe,familles,Lille,38551,10,362,96.81,1099787,160.58
f83a2e34-af6e-4b14-9947-9c9b771af953,Maison Nova,luxe,touristes,Nantes,152350,12,324,70.74,1252433,93.67
fc11b0c7-2aa5-44e9-8986-2cdfda4c8566,Maison Nova,retail,familles,Paris,326123,16,464,89.14,1824752,133.66
c32d24be-c3e4-4695-8f2e-e77063ddb000,TechNova,banque,étudiants,Marseille,258046,5,328,90.66,511193,147.97
f1eb9bb3-0837-4acc-a17b-0bd9b866a518,Fresh&Go,luxe,familles,Marseille,290301,8,415,85.84,827377,144.07
b416ae33-c6c4-4214-95e6-525f3c063122,AutoMotion,automobile,grand public,Marseille,390673,45,442,45.16,154083,53.47
8e1b221e-0e93-448d-92e2-b683b2ceb337,Carrefour Bio,beauté,jeunes actifs,Lille,445928,24,111,50.34,2674020,76.81
9a94874d-3f04-40c4-889b-70336af35882,AutoMotion,sport,CSP+,Lille,457913,15,365,53.29,3000303,84.12
2b6e30f0-73a7-4700-bc7f-cfcb35a524e9,TechNova,santé,grand public,Paris,22228,31,80,57.88,364084,52.03
a591e3d4-21db-47de-aa71-e71e7929b693,Bellea,automobile,CSP+,Nantes,488428,43,127,76.38,1307276,47.38
bb197b67-c2b3-4833-991b-79ed70fb7752,Maison Nova,sport,grand public,Marseille,275201,31,478,52.93,3392938,54.6
37deea3f-bd94-460b-bee3-b0978944fe4c,Maison Nova,food,touristes,Marseille,254641,3,414,46.86,293837,44.28
54ead613-c9d1-4c41-a4a8-550b174d3611,Bellea,banque,CSP+,Lille,271678,39,515,46.56,1815849,60.15
0e616d66-69fd-4edc-9fc9-46d4eaef1132,Carrefour Bio,food,familles,Nantes,463047,24,397,65.76,1144775,53.76
11ccf22a-2b13-45f2-af4c-d32d1d28908c,Carrefour Bio,tech,familles,Nantes,88648,23,507,87.95,1993265,60.5
b3bcd94f-c7a0-4fa0-8982-bf0aba15cb29,Fresh&Go,food,jeunes actifs,Lille,145872,35,268,89.01,1764959,89.91
496e38a0-7ab8-4253-a172-c49283e7b360,Luxeor,luxe,étudiants,Lyon,381081,29,12,81.78,1066446,87.48
214edf90-02ce-4069-9e34-44ab482a8a80,AutoMotion,santé,CSP+,Lyon,187583,27,401,69.77,874510,42.79
d3281eb3-a2ed-4b66-9ab5-2c989de49284,TechNova,retail,familles,Bordeaux,496090,43,57,51.59,3467621,67.45
f05698ac-ccf9-4c72-a05d-1f59295fb467,Maison Nova,tech,jeunes actifs,Lille,373128,10,488,92.6,1965317,89.46
ad910258-7c20-488e-86b3-43b4095c2569,Bellea,tech,jeunes actifs,Lyon,43327,32,356,65.87,2826787,62.03
b2674f24-01bb-44b0-8903-513280caa7c1,Luxeor,santé,touristes,Paris,113272,14,401,55.24,3234265,93.54
c58dc990-896a-43bc-9bcc-8c987b2158df,UrbanFit,beauté,familles,Lille,294946,4,431,63.31,2550950,55.8
faf63e47-e289-4ef9-ac6c-54e7f3e52605,Maison Nova,sport,jeunes actifs,Paris,212897,11,264,56.14,358603,47.45
f6e4c8c9-a2a5-436f-9ef3-cd602daaf5d2,AutoMotion,beauté,grand public,Marseille,333577,40,296,51.41,2016534,30.64
f0bffa8e-b962-4951-a245-74a776d58834,Bellea,luxe,étudiants,Marseille,146984,5,199,92.16,688682,93.79
698e7de4-2d03-42c2-b6e8-f943a89a52a7,Fresh&Go,banque,CSP+,Lille,134968,3,577,68.94,118936,77.55
36411155-2f7f-4164-8e13-9b399ebcfa5c,Bellea,luxe,familles,Nantes,115434,7,583,47.7,554046,61.96
9616c778-bac7-4b2e-a01d-6b8adddd7644,Carrefour Bio,luxe,étudiants,Toulouse,323943,7,576,78.17,1213556,130.25
d67cf0e3-71e1-4347-8494-82066f249787,Carrefour Bio,retail,CSP+,Paris,325050,3,141,85.51,2345557,76.44
51b8268c-8adc-4c6c-8e36-315c96ecc10e,Maison Nova,banque,touristes,Marseille,159061,38,483,62.88,2253942,83.4
2e6a3453-de07-4da7-9cb3-b624b978c539,TechNova,banque,touristes,Lyon,63331,26,160,58.06,1802573,64.28
3b80e9fd-4ab3-4134-931e-c0d1446df940,Luxeor,food,CSP+,Lyon,198391,30,598,71.05,3245521,62.73
2ad44f78-8f36-4c1f-9de5-e3d3aebec6c9,AutoMotion,santé,CSP+,Lille,94732,12,548,58.24,563017,76.67
1d1e4041-ab61-403c-b005-cc7a199580f4,AutoMotion,sport,étudiants,Marseille,269647,39,250,92.61,3173762,79.41
8d9fa9ad-2563-4e1b-a078-47ab40b53c4a,AutoMotion,beauté,CSP+,Paris,234555,11,453,53.66,1043006,44.75
b7475b23-9bab-407f-b670-fb4b73bdce8e,TechNova,retail,grand public,Nantes,147797,45,233,89.97,2465096,99.56
5969dbcf-5e49-40a9-827b-2e7864ac0e4d,Carrefour Bio,automobile,CSP+,Toulouse,429370,26,280,50.68,72521,64.03
f92160ab-64a2-41fb-8895-f35b3d3b22de,UrbanFit,automobile,familles,Bordeaux,29677,4,368,74.27,3188745,80.98
e9332489-bd4d-4b9e-8c7a-369fdceeea35,Luxeor,sport,CSP+,Bordeaux,209832,15,437,95.09,1433063,51.55
52afa266-0995-49f5-8a33-d101fd38505e,Luxeor,luxe,touristes,Lyon,245816,17,353,55.05,981583,82.95
de1f543f-f86b-49d9-9aa8-9229c6731ed5,AutoMotion,food,familles,Bordeaux,227995,42,276,65.96,1461909,34.76
baa1d623-8984-4589-a8d8-3ec98cfd58f2,Luxeor,santé,CSP+,Toulouse,151344,27,140,67.8,894295,42.67
7030fd04-b017-4dfc-8ba4-9ba1f3ac785c,TechNova,luxe,CSP+,Lille,117441,8,563,76.37,545404,105.71
d68d0018-21fb-4f50-ae23-adc7810ff66b,Luxeor,sport,CSP+,Toulouse,287719,38,521,62.1,2561778,62.64
dafc8ea5-b502-42c2-be76-c0eb423f91f5,Luxeor,tech,CSP+,Lille,350919,6,238,70.65,461024,60.61
a3518e92-ed09-4a3f-8309-638b764bdb82,TechNova,food,grand public,Nantes,339589,34,248,61.11,3159139,78.42
532923a8-1a6b-43e8-9055-c856ce130f8a,TechNova,santé,touristes,Nantes,63894,36,398,96.56,3201469,105.25
216b828a-a094-4356-a3d1-13bdc0b318f5,TechNova,food,CSP+,Nantes,398167,29,437,54.21,610766,47.3
76e4e0ed-f7f8-4f95-9219-fb8534628745,Luxeor,beauté,touristes,Nantes,359977,39,169,55.62,3412434,85.49
aa4d7fb9-850d-4242-86a4-2390a6d1683f,Bellea,food,familles,Toulouse,199788,25,32,54.56,2272691,41.62
3ced517b-ccf3-4a2b-8fe7-658db5d4ff76,Bellea,sport,touristes,Bordeaux,435566,31,201,84.59,3028163,67.95
0e3b8da2-7df6-4c61-be72-8463a1fe9ea8,Bellea,santé,familles,Lyon,153428,4,401,90.69,1664076,132.77
80099ba7-454f-4407-9c72-91f106fdf129,Luxeor,beauté,touristes,Bordeaux,369929,27,573,57.18,1108999,67.31
376da505-2bba-4f2a-9b59-8fd5f147f980,Carrefour Bio,sport,jeunes actifs,Bordeaux,405292,20,530,71.23,985107,79.17
f0d6355f-2a3d-4d61-afb8-e415a882b004,TechNova,retail,étudiants,Lyon,379135,41,49,51.11,2988570,69.6
60cf0976-a868-4416-8e65-1fff86573fc4,TechNova,banque,jeunes actifs,Marseille,79966,19,479,93.69,3144921,119.72
809c5074-bd42-42d4-a414-d46ff94a973a,UrbanFit,food,touristes,Nantes,447764,32,377,67.67,3213896,40.33
a75a55d3-e1d5-4e02-8a26-70b4830316f2,Maison Nova,santé,grand public,Toulouse,487819,9,300,68.63,1040431,110.22
9dd89f0e-a572-471e-93f8-3e07846d2f2d,AutoMotion,beauté,familles,Marseille,21055,30,443,71.72,1134504,65.54
76fe043f-04c6-480e-b4c8-c3a0d73a219b,Fresh&Go,automobile,CSP+,Lille,184553,34,158,74.19,1984624,110.7
7d9d7c8a-adda-4360-bef9-f5541aa90678,Bellea,sport,familles,Lille,35508,34,280,53.15,655077,83.39
fd573703-d255-46f0-af46-5a4233fc5586,Maison Nova,santé,familles,Marseille,112702,31,207,66.87,3366788,69.1
e6ec18d0-940b-4cdd-b42c-70e2a58812de,Carrefour Bio,beauté,jeunes actifs,Nantes,154325,34,339,78.08,1896288,109.93
e0b7f0a5-c898-43fe-acad-6e5776481e65,Fresh&Go,automobile,étudiants,Bordeaux,152435,6,308,67.18,3484025,40.04
f8055856-9730-4fd3-b7ef-f6e75c3f4a1f,Maison Nova,banque,étudiants,Lille,159839,3,147,85.4,1944096,97.86
e834acc0-34e2-42b5-b434-7e858c5aa81f,UrbanFit,banque,touristes,Lyon,308272,38,586,73.03,3287749,95.84
ece0f84d-a606-49f4-82bd-58ca7c821ee9,AutoMotion,luxe,familles,Paris,265542,24,474,67.98,2428499,79.42
f00d8bff-9da8-46d7-ad0e-419ecbc57385,Carrefour Bio,retail,grand public,Toulouse,327508,15,189,86.71,2868264,71.34
4ef4c09f-8ec1-4f83-8fe7-865f66e00ffa,AutoMotion,santé,CSP+,Nantes,14896,15,384,88.77,817425,118.67
b53fa8c5-848b-4edf-803e-b3a0d88227b8,Luxeor,retail,grand public,Lyon,393735,13,391,58.26,75920,77.86
07d917ca-7a53-456a-84cd-a7b80bbc082a,Fresh&Go,automobile,jeunes actifs,Lille,475922,21,556,67.37,36942,81.13
d58371f4-be66-43ba-a282-28089d88a03b,UrbanFit,automobile,familles,Paris,34974,34,558,52.14,1133675,60.98
3bb336ce-c2f3-4c08-96aa-a6d3bc77744a,Fresh&Go,banque,étudiants,Marseille,333565,33,51,63.27,145351,76.57
ed9ca728-7826-49f8-8a34-571b6211beb9,Carrefour Bio,tech,grand public,Lyon,416024,39,536,58.83,1066395,88.9
f0d4fcbf-2a9b-4ed5-910d-4785cb66c1da,Luxeor,automobile,jeunes actifs,Nantes,373850,30,139,52.17,3262125,67.69
e493143e-db0e-405f-a7b2-a00a676aa6de,Luxeor,automobile,familles,Paris,102987,41,574,72.45,180322,109.96
3ccde2b8-62d1-43c2-ab6f-6162cd026156,AutoMotion,luxe,touristes,Marseille,480601,28,278,50.0,747776,74.64
5565bf56-2e59-4832-817d-070aa7810ab7,AutoMotion,beauté,touristes,Bordeaux,135728,41,179,80.89,192790,78.42
faaa9768-bcbf-4dd6-a739-4fd716f5392b,Carrefour Bio,luxe,jeunes actifs,Toulouse,17088,39,585,61.63,167139,87.42
5d4761c0-df42-4854-af0d-a9a5553fcba1,Carrefour Bio,beauté,étudiants,Marseille,392319,5,431,69.29,2253459,112.06
5bbff136-f890-49ae-ad4f-fc674fbc45d2,Fresh&Go,beauté,étudiants,Bordeaux,301219,28,388,87.19,2671880,105.05
5274295b-19f5-4fb0-a173-ff49bc828ee3,Carrefour Bio,food,étudiants,Bordeaux,393832,13,85,72.66,2827437,73.25
1b9972c9-ee40-422d-b5fe-0967ee1097fb,Maison Nova,beauté,familles,Lyon,241226,22,120,66.59,3315738,53.04
eb920db1-aa28-47b0-b1de-213ffc4b430b,Luxeor,sport,touristes,Paris,175620,25,109,67.19,1445035,40.25
0661fc6e-f5e6-43c1-933e-7c1fe14f743e,Fresh&Go,beauté,touristes,Marseille,115532,16,230,64.37,1212765,72.69
c51433c2-050f-4f7b-beab-5a0ee573826c,Fresh&Go,banque,grand public,Nantes,122148,43,495,73.16,3455056,72.94
ec97e78a-30cd-4e7d-9f64-b219613bd46a,UrbanFit,retail,jeunes actifs,Marseille,312673,45,356,60.72,1612215,37.0
87c2c748-279c-4759-b678-215b60c7b337,Luxeor,santé,familles,Toulouse,70831,4,171,83.45,2512226,98.65
f5b5be70-f0e5-4190-a26d-9e6edecfc576,Carrefour Bio,banque,grand public,Lyon,409487,35,244,53.81,2599733,52.84
46aee977-1375-458c-9628-c3d5eed35ebc,TechNova,luxe,grand public,Bordeaux,311745,36,303,95.47,3285301,158.05
16917414-d0a7-4fef-8aa4-da74b873e71f,TechNova,retail,étudiants,Nantes,354448,36,292,78.15,1783173,113.67
ba49815a-b7ea-49b2-93d0-99396435754e,Maison Nova,tech,étudiants,Marseille,38702,31,314,92.79,1406650,85.22
603e602c-43bd-426b-b7e5-6406ac9c43b7,TechNova,santé,familles,Paris,43360,15,520,83.08,800676,76.23
e0b3821e-b007-42f9-a345-7e7efa2fd745,Luxeor,beauté,jeunes actifs,Toulouse,182796,12,578,83.56,20183,127.39
06018234-ed4b-4c2d-ac62-3c976cf39ecc,AutoMotion,santé,touristes,Paris,296977,45,195,84.14,3151263,128.52
0391e09c-0328-467f-9029-e542824f63ba,AutoMotion,tech,CSP+,Lille,38157,6,79,94.63,1451950,122.61
19128b17-5f0c-4c1f-a491-bb12c120068c,AutoMotion,food,familles,Paris,391000,23,549,56.61,993058,63.26
d113bc62-15c4-4769-b093-999f132e8e93,UrbanFit,beauté,jeunes actifs,Bordeaux,474920,27,274,48.58,1566522,35.48
6b151ced-617a-4f99-a928-a1e00e05760c,Carrefour Bio,retail,familles,Marseille,334888,14,144,51.43,2247914,48.5
d5f220cd-41a0-469e-8139-34cd5f018d13,Maison Nova,santé,familles,Paris,21344,8,552,93.17,2282555,96.74
f03ceeb3-53fc-45a0-9fd1-e6cda357570d,Bellea,food,CSP+,Toulouse,218450,33,298,66.54,1852938,89.02
589fe81e-a53b-42f0-9ef7-366efeea6b53,Fresh&Go,food,jeunes actifs,Toulouse,206954,28,345,54.32,285128,72.78
fa83523b-f3d3-422e-85fc-18c66c8db8d4,AutoMotion,food,familles,Toulouse,329286,24,239,55.36,1380224,43.71
453dc4f8-2beb-4a19-af64-0937e88665d0,Fresh&Go,retail,CSP+,Bordeaux,283457,10,443,94.92,1572655,53.37
8fd0f4ad-800a-4059-b55a-c4e87d754b0d,Fresh&Go,automobile,CSP+,Lyon,157644,22,360,80.93,3176276,83.74
9be70970-9be7-43c7-afa7-4939bed524cc,Maison Nova,luxe,familles,Marseille,329247,25,225,51.89,3433275,82.19
949acb9b-2759-4700-a6a1-41c62621b012,Luxeor,retail,familles,Paris,238665,13,537,91.11,85927,140.78
34af13f4-17e2-4c6e-b151-ffd60b094fb6,UrbanFit,tech,CSP+,Paris,105448,27,215,92.0,116367,149.0
03c6a86e-590e-48de-9a3b-1f743baa3ab2,Carrefour Bio,automobile,touristes,Lyon,360266,5,205,51.99,700232,75.02
e076bc3d-54ef-479d-8d94-8848879b6705,Bellea,tech,jeunes actifs,Paris,74009,7,510,80.15,1190459,45.5
d4d6ccf7-b7b7-4bdd-9645-c25d7351834b,UrbanFit,tech,étudiants,Marseille,370421,24,258,52.01,1446740,62.07
07b57720-712b-4a51-b5e9-0d47a8096106,Bellea,santé,touristes,Marseille,78503,6,397,94.14,192046,100.81
89331eb5-5344-440e-871c-8ac9aece665d,UrbanFit,banque,touristes,Bordeaux,388964,19,556,64.39,3430619,60.55
d96ef9fa-4817-4dc0-b92e-67a922c228e8,Maison Nova,banque,étudiants,Nantes,100180,40,101,94.19,275239,137.37
8cd92fa7-aaf3-4eff-bfc5-f91240f41704,Bellea,tech,familles,Lyon,159443,36,203,56.56,498307,76.3
55100d55-9a7e-4fe1-a14a-3bd5ea2eb780,UrbanFit,santé,jeunes actifs,Toulouse,294802,29,149,96.59,349105,133.27
f59c688d-f82b-4d08-8e53-6c23917173ba,AutoMotion,sport,familles,Nantes,464723,29,155,88.28,1990013,62.94
e642fd2b-5888-4c65-bcc0-ed92b0d8a347,Bellea,tech,familles,Lille,316549,18,370,77.3,2949906,71.59
0e4bdaaa-0f69-49bf-8bf6-46b77380bea0,Maison Nova,food,familles,Bordeaux,114262,16,541,49.41,2286709,63.86
ef2c2fad-8eaf-4a53-9dd2-3f16693d92c8,Fresh&Go,luxe,étudiants,Nantes,124729,4,586,93.62,2106672,71.53
23d61b61-6d8f-4b1d-a556-451df7a614d7,Maison Nova,santé,CSP+,Paris,394259,9,485,78.32,1240494,68.93
e58d9497-e5ec-4d1e-86e3-9b8caa6fb48b,Luxeor,beauté,étudiants,Lyon,179401,28,576,72.18,3200396,89.22
4502d128-507c-427d-aea6-15708d66fe5a,Maison Nova,tech,jeunes actifs,Marseille,291419,21,19,48.69,2610756,74.41
160d8451-40da-49b2-b751-8b6711a7ff8c,AutoMotion,automobile,familles,Lille,233214,8,139,75.17,2753655,71.84
3a981358-8194-49ca-8bfe-5783b06d5805,UrbanFit,luxe,touristes,Lyon,350648,9,517,51.08,127453,57.21
1b180cda-60ec-4848-b6b7-4f9fa4094add,TechNova,banque,grand public,Nantes,193213,33,245,95.17,2245024,160.67
855a4dce-e60d-4cb5-b942-bd2fc2ea139c,AutoMotion,banque,CSP+,Paris,340976,38,429,47.26,3403716,24.62
700b8398-bbff-48b7-b7d7-ce72e71ee426,Carrefour Bio,automobile,étudiants,Marseille,496759,27,422,70.89,1701738,106.54
89df9852-203e-4e60-a4c0-efe8a3aab019,Carrefour Bio,tech,touristes,Paris,154745,16,358,82.4,1931273,49.75
a2974698-bb2b-4005-9682-cbc9807a1c98,TechNova,beauté,CSP+,Toulouse,435957,22,455,57.48,907084,95.37
25c5961f-85ce-444e-af85-0f2ed63628ef,TechNova,santé,familles,Lyon,329178,17,420,68.32,1751915,114.92
34995f28-b88f-40da-acda-ccc1d58b7f99,Fresh&Go,santé,étudiants,Paris,426253,14,14,65.79,1244843,42.2
7fa00195-4db6-486c-a87e-02c02dc8bb8f,Fresh&Go,beauté,grand public,Lyon,140099,35,584,54.84,3235323,74.1
cdd0172c-4d8b-43fa-bf5f-534a68f16055,AutoMotion,banque,CSP+,Toulouse,381225,34,460,47.7,869617,46.92
01f972cf-cd0f-4dce-90cd-f87637625c79,Bellea,sport,étudiants,Toulouse,7549,12,330,47.85,1933135,43.21
7ad2d891-7911-4c3b-a2b9-ac5249d06af7,Maison Nova,food,jeunes actifs,Paris,332560,29,10,65.31,314952,72.33
f760e607-2363-40e8-a136-5ef303d672a9,Luxeor,banque,CSP+,Lille,277926,6,551,66.55,522878,101.59
83d9f0ec-4474-4866-8bab-52c9737a0500,Bellea,sport,familles,Lille,429495,6,543,58.28,1669045,62.95
8a465e00-287b-4897-bbb0-66e972bfb902,AutoMotion,automobile,étudiants,Lille,200365,37,566,84.29,817840,88.21
5d9e53d2-de7c-49b1-9dcd-253a64d06be6,Carrefour Bio,beauté,touristes,Bordeaux,338766,10,31,45.91,2954409,35.62
0e949a7b-763e-47c6-8288-57b2aa6541df,Luxeor,food,grand public,Lille,263807,32,149,55.85,3219360,42.34
ed10f9e7-42ed-4a1d-80c4-48209ebcccb8,Luxeor,retail,CSP+,Lille,481489,22,254,59.33,3488186,73.94
1d35aa24-6a7f-4a79-b906-317a9266d6e9,Luxeor,tech,familles,Lyon,205294,37,109,53.25,2748004,64.24
124fd160-f2c6-4b8e-a253-7e62aa9d641e,UrbanFit,beauté,CSP+,Lyon,350591,20,438,71.26,880917,80.95
149072ca-e334-4f8c-b4b6-1c0ea5333102,Bellea,beauté,grand public,Marseille,19394,39,457,93.09,2356172,59.18
f5cb6c6c-cfa8-4588-a8d1-bfa27aa27d7f,Luxeor,tech,touristes,Toulouse,78361,17,495,95.59,1542033,90.98
dbbefc07-62d3-435c-9177-443c4a977a51,Luxeor,luxe,grand public,Bordeaux,222144,11,17,68.76,1343999,94.99
1f989587-a0fa-495b-b147-490986606a9e,Luxeor,santé,touristes,Toulouse,410380,15,215,62.9,1281243,40.93
b5e87246-b27b-4f0c-95e2-e9e226607dfa,TechNova,banque,CSP+,Lyon,6942,43,499,82.36,3336168,98.27
27848b8b-05aa-4302-84f6-9aaa18701dee,TechNova,banque,étudiants,Nantes,489869,30,350,96.97,3330805,118.71
020dc9e0-1180-42ba-8d05-9bd96e5bf934,Carrefour Bio,sport,grand public,Toulouse,12623,14,381,94.29,1080473,98.16
a1c327a5-847b-4d5c-96bd-f192bd4e4077,Maison Nova,automobile,étudiants,Lyon,5882,41,447,77.15,1442912,55.68
2e7248e2-c668-4e6b-8f18-6680bdde852a,Carrefour Bio,sport,CSP+,Toulouse,67537,13,443,78.05,1258735,41.91
642c0240-08a8-4fcf-9401-d8a07644c1e9,TechNova,retail,étudiants,Marseille,126047,21,175,91.29,185424,116.0
0419c630-b8ca-4662-ac57-7b11c39adc0e,TechNova,beauté,jeunes actifs,Lille,244627,22,277,52.93,1226146,57.89
a3930385-2004-4cb8-a9a4-811b2221e60b,AutoMotion,santé,jeunes actifs,Lille,458348,23,230,68.62,2436813,116.41
bf5b6447-a2a1-4898-9d1a-fe8812004dfc,Luxeor,retail,familles,Marseille,173521,23,88,94.23,3347116,135.77
1e1d07b0-2397-427a-8beb-3db8d097264d,AutoMotion,sport,CSP+,Lille,331933,18,538,72.45,1187448,99.34
17c598f3-6deb-4d54-9891-ed22f6b9837c,AutoMotion,automobile,familles,Marseille,427348,15,275,83.56,422953,69.92
940e19d6-c9d8-4074-91d9-d9b2b4c82305,Luxeor,food,jeunes actifs,Lille,141917,5,207,96.24,1606670,126.68
a0422dcc-c9b1-4757-841c-f3d03d2fb757,Carrefour Bio,santé,étudiants,Paris,213511,17,277,62.99,3268730,79.27
a608995b-c5a1-44fb-84f6-b40ca61143e6,TechNova,beauté,CSP+,Bordeaux,175449,32,156,91.67,1580438,70.98
bce9ff1d-8a18-424a-95ac-7824779900fd,Bellea,automobile,étudiants,Toulouse,277456,5,321,87.69,253481,137.51
1a0bd8e1-cc90-4b38-a6a7-681457052132,UrbanFit,luxe,touristes,Paris,253154,14,461,96.44,2814333,65.67
3d752bdf-4c8f-493d-bd7a-b616e3d814c0,Maison Nova,luxe,grand public,Toulouse,90199,42,111,90.25,995869,120.98
b4513ce3-6aa6-4e85-87bc-98ff58fe2876,Carrefour Bio,automobile,grand public,Bordeaux,311508,22,51,88.95,530101,136.26
6880dd2c-62dc-4fec-b45d-3d89c1f25011,Fresh&Go,retail,familles,Nantes,444525,28,122,46.17,3154027,50.83
1092199b-d5af-4b04-8b81-5a31813bc4ab,Fresh&Go,tech,grand public,Lyon,38274,23,590,63.54,2780303,42.06
3cf36179-cb82-4098-acf7-3cc82d250b77,Luxeor,santé,CSP+,Lyon,356556,26,363,55.4,1097317,85.05
8ab49352-9309-407c-b947-aacae998c299,Carrefour Bio,food,jeunes actifs,Lille,490871,5,168,94.19,2990093,88.78
52b45826-f194-4554-9ee9-20e53f6fc2d0,Maison Nova,santé,CSP+,Toulouse,444357,18,515,73.26,946440,82.73
cbb6993e-2fdb-4bb7-975a-fe8596d76b52,Fresh&Go,luxe,familles,Lyon,227303,25,55,62.2,258914,91.7
40cdec83-3791-495b-b48b-1f15f43e2f83,Luxeor,sport,familles,Nantes,55528,35,246,91.34,3148557,89.28
7420f8e2-2c6e-4a59-b3eb-409f71e38e3c,Carrefour Bio,food,jeunes actifs,Nantes,59861,28,311,85.41,2919544,144.43
520edeae-88c0-4685-85cb-d104f84c889d,UrbanFit,automobile,étudiants,Lyon,170971,40,64,88.74,3160201,66.71
0678b5d9-763b-4bc3-8d05-575009f617c9,Bellea,santé,familles,Paris,166539,39,310,93.42,2228686,122.7
64dbc4bb-e0d8-4466-a2fe-d930206bf696,Fresh&Go,luxe,familles,Marseille,417369,28,272,89.79,3350034,134.76
ab0475ef-cd86-4317-85b5-436d5bb5568a,Luxeor,automobile,étudiants,Paris,80195,24,225,70.03,1886287,76.25
355741bd-a610-45b1-9a33-ee27bf7d0dca,UrbanFit,food,touristes,Lyon,110324,10,457,91.43,2564318,65.8
be666e48-2212-46da-bfd0-378e10e6e87d,Bellea,santé,jeunes actifs,Paris,482553,18,458,88.99,1371467,77.09
fb211791-70b8-4f9d-b73e-f20ad9fcbca8,Maison Nova,food,étudiants,Nantes,8583,13,106,84.59,3280490,86.76
d21f3f86-dad7-44ff-b38a-123a55e097dd,AutoMotion,sport,jeunes actifs,Toulouse,12792,38,88,85.71,2505513,63.0
5cc278e9-7116-4c09-826c-32d2710e8a89,Maison Nova,luxe,familles,Toulouse,74804,31,468,46.25,159300,58.82
cf47071d-1bd8-4510-8906-491ba32cdbd1,Maison Nova,banque,jeunes actifs,Paris,145021,31,389,52.56,2797287,39.36
eae40fe8-006e-4bb5-8fd1-bfea30e6f734,Bellea,sport,CSP+,Marseille,277525,12,322,53.95,716367,39.12
0ec0e870-e735-41a1-a5b5-346b5677901f,Bellea,retail,étudiants,Marseille,420980,15,484,61.85,1436678,61.3
995627f9-1434-49d0-8d49-2ac9a6505f71,UrbanFit,sport,étudiants,Nantes,122957,9,399,75.54,3188322,51.5
1511c75a-110e-4e1b-a2a9-d7aa4d5cafef,TechNova,banque,étudiants,Paris,352021,13,178,63.07,449963,62.51
c9fc971e-b712-425e-b75a-8136d3911165,AutoMotion,food,touristes,Marseille,287888,23,484,80.91,803445,83.27
892633f3-9e3f-42b5-bb82-b58e4dfcc38e,Maison Nova,retail,familles,Paris,365459,6,397,63.42,1376151,65.23
b22ff0c8-7e1e-497a-8d34-434e3c59eea7,AutoMotion,tech,CSP+,Nantes,350109,44,342,55.18,902425,40.44
c2ce824a-5b68-48c7-ba7d-4cc588fc4d8d,Luxeor,automobile,CSP+,Marseille,254262,10,286,86.27,1342462,141.86
30e2d9d8-cee6-439b-b4fa-f838649d65e4,Carrefour Bio,retail,familles,Nantes,228007,16,550,48.76,1208965,24.48
821393ef-24db-4baa-a414-9f0b59bbcda6,TechNova,santé,étudiants,Marseille,59431,16,386,56.05,93469,58.42
3b3d8d55-8526-46b4-a12a-db803337abdb,Maison Nova,food,jeunes actifs,Toulouse,24926,5,209,63.72,2928481,77.73
33fa0fc6-6260-4aeb-9e60-8f6975836168,UrbanFit,automobile,familles,Lille,448245,3,322,83.04,29405,74.22
be1987b0-7959-4a4b-905f-50479be3f415,Luxeor,automobile,étudiants,Bordeaux,147647,42,498,89.94,275807,50.86
7e328a77-a0f1-4799-9f2e-89324df0e632,UrbanFit,santé,familles,Lille,94587,12,238,94.5,232915,129.27
61953510-f17b-4ec3-849d-fcaec4201b9a,AutoMotion,beauté,jeunes actifs,Nantes,447942,38,112,97.37,1531511,118.84
0fc15762-fb84-42aa-9354-dba241cd2828,Bellea,automobile,grand public,Marseille,397391,3,411,91.01,1673226,52.06
40d0e67e-cbcd-41b1-8790-124edea84efb,Bellea,tech,grand public,Toulouse,218187,38,160,75.63,1699346,90.72
882c9ccc-550d-4cfe-855b-29dacf9e6d4f,Fresh&Go,santé,touristes,Marseille,72421,10,407,68.01,3000787,34.43
adc75c45-d3a7-4fa5-8481-ad6fc910d2a7,Maison Nova,santé,touristes,Nantes,26661,42,269,78.56,3459652,80.35
cf8d8b03-18f4-4e50-b107-42bdeb061009,Luxeor,sport,grand public,Lille,494128,17,220,82.29,2415366,99.18
a8c6a3ff-4878-4b18-8671-f50f479c38b5,UrbanFit,banque,familles,Marseille,268871,25,21,82.03,1202933,124.18
e8ba8008-236f-4550-9956-c0dd5eb398af,TechNova,luxe,étudiants,Marseille,355068,17,135,65.51,196143,82.4
0b214df5-beeb-4939-a851-3715cc90e1b1,Maison Nova,tech,grand public,Nantes,293413,10,242,56.4,2753336,80.52
556ea77d-ce9f-4556-9b99-b6fc1326285a,Bellea,sport,familles,Paris,463311,20,436,66.97,1406793,94.84
94159e0f-3cc6-4ecc-be76-0c909950fe49,Bellea,automobile,grand public,Lyon,461247,37,382,62.83,256430,45.55
7ea456c1-bfd3-43f4-983c-f87fe9e8f6c5,Luxeor,retail,grand public,Lille,105732,9,99,75.34,3099380,39.6
50eb3fde-82c5-48b7-97d5-583ef5896e1c,Carrefour Bio,luxe,grand public,Bordeaux,465814,12,299,47.32,2221210,44.06
fed179ec-bd2b-4712-9dc0-7ccc193114ab,Bellea,banque,familles,Toulouse,187541,27,508,82.45,1584001,44.81
9b94a0e5-85f4-4771-8ee7-90cf7fcb2af3,Maison Nova,tech,grand public,Nantes,161485,44,469,94.46,2882800,105.62
29b9ca45-6f75-4da1-8560-0e90e4d028d4,AutoMotion,retail,touristes,Lyon,248703,3,368,49.68,3348852,43.88
48e98fcc-1e1b-4d69-85a7-f83f2275a2f2,TechNova,tech,grand public,Lyon,16218,41,569,87.92,1869024,119.01
9e0ccbc5-99a0-42ab-9446-0a22cdf002e7,AutoMotion,retail,grand public,Toulouse,212486,14,325,81.32,876789,99.9
f9c0e46e-82d7-4895-b24c-113832c3c160,Fresh&Go,luxe,étudiants,Nantes,17290,4,339,53.82,220915,37.49
b3c0d188-98ef-4e5e-8c9f-0efc6724de2c,Bellea,santé,CSP+,Lille,455749,36,500,55.05,887985,75.5
8765c900-edf8-4f97-94e5-1ecf9fb6c874,Fresh&Go,food,CSP+,Paris,472328,38,488,57.42,3181223,84.18
8b216c85-4a05-4142-aa55-77c01a4b9c51,AutoMotion,banque,étudiants,Lyon,220367,23,311,82.82,1836505,86.9
99b46a65-dcf0-4187-b74b-0f1212389e2c,Maison Nova,tech,grand public,Nantes,471278,40,446,87.98,1221756,123.44
f1ff7716-cb09-442c-9159-3e874a09faf8,Fresh&Go,banque,grand public,Paris,176869,15,447,95.55,3328486,63.39
5523e3de-5e3a-4ef4-af2a-55780e83171e,Bellea,tech,CSP+,Marseille,21243,27,362,82.96,2182879,102.94
969f9429-e507-4f50-8b32-9006ca9570dc,Carrefour Bio,beauté,jeunes actifs,Nantes,95896,34,364,46.08,2737609,49.67
821e6845-37c6-449d-b1e9-b01ba5ef3a41,Carrefour Bio,banque,grand public,Lille,407273,24,31,66.36,1739531,85.8
2752bddb-7e21-4307-9d1f-f076bccdad52,TechNova,retail,familles,Lyon,383467,16,254,86.6,1177802,43.66
ba51659a-f4b2-4eba-8e26-ef12d2b65099,TechNova,santé,CSP+,Nantes,116139,10,259,66.1,3348747,74.89
54fa8de7-4287-4f93-beb3-11d3a6923b6c,Luxeor,food,CSP+,Lille,18727,20,132,95.91,1309824,55.98
e1d37f2c-69b8-4057-bf4b-48e9eb06e0ea,AutoMotion,beauté,touristes,Lyon,28447,23,277,68.39,330869,52.78
c744dc04-5caf-41a4-a9bb-d5f924442b9b,Luxeor,banque,touristes,Nantes,204529,22,554,96.1,1171331,118.22
c934c61e-f721-41c3-a16f-932cd7449a54,UrbanFit,food,jeunes actifs,Bordeaux,468992,15,42,73.05,3127177,47.78
dabb2c9a-6508-4cb3-b9e4-1134279f71be,TechNova,beauté,jeunes actifs,Marseille,13259,37,500,47.11,1238972,69.6
e1f61444-9b5e-48ab-a81e-5675a57ce0cb,Bellea,retail,touristes,Toulouse,470013,6,98,83.01,3069951,70.11
3e5580db-a257-449c-bc4b-078fde7dd8fa,TechNova,sport,familles,Lille,444481,6,191,89.57,2267071,56.95
00f76918-3413-4da2-8475-7a0722d21f89,UrbanFit,tech,familles,Marseille,255554,44,84,95.63,2935471,68.28
726fea89-c7cb-4edc-a41e-a75658351820,Luxeor,tech,touristes,Lyon,483576,10,39,89.63,3416311,151.2
a193bed2-c252-4fe9-a489-978a68c4c0a0,AutoMotion,banque,touristes,Paris,489711,5,389,49.09,265006,83.12
9bacef14-a65d-4210-bdd6-7e3de530c762,Luxeor,sport,étudiants,Marseille,175220,32,538,48.53,157339,27.83
05b6b26b-3d25-461e-ac85-b250a658321a,Bellea,banque,grand public,Toulouse,160134,29,292,70.65,3298509,42.96
be848678-a01e-4f34-ad75-2323e9e5af8b,Fresh&Go,automobile,CSP+,Nantes,279743,30,243,62.81,629503,80.66
dfb2b3d8-49ca-4714-bfa0-b7824ff486b2,Fresh&Go,beauté,grand public,Toulouse,227542,7,278,46.52,2900747,25.59
c04431b9-e7ed-4402-8495-7f8adf7d4a9a,Luxeor,beauté,familles,Paris,63576,4,67,50.43,2214150,78.79
4a12d52b-7117-4769-bc55-a12440d46442,Fresh&Go,santé,familles,Marseille,285784,23,127,71.75,2640886,61.65
d1db4524-91be-4b63-84c8-3ef22e980ca7,Luxeor,sport,grand public,Toulouse,308846,20,44,67.23,2311702,113.29
be932c44-a27a-45c6-94ec-08d74e75950e,AutoMotion,automobile,étudiants,Marseille,102578,30,108,96.42,95549,161.03
65363b34-4bdd-4995-846c-f9c1ebda85c1,Luxeor,retail,familles,Toulouse,139584,11,343,94.78,1154468,62.42
623bb0d4-ee2f-4a58-90c8-3b561fd00602,Fresh&Go,food,grand public,Bordeaux,485226,10,229,84.33,1563500,44.43
36a62006-7e66-4844-aba5-6f54a800cf36,AutoMotion,luxe,étudiants,Bordeaux,43521,11,456,90.89,2449769,83.72
9fea958b-cde3-438e-892e-8d4cee6ba1f3,Carrefour Bio,sport,touristes,Lille,67485,30,320,93.26,52219,83.48
be41cfa8-d13a-4ee4-852c-1df5b22aff88,Bellea,banque,jeunes actifs,Paris,113460,11,475,96.36,450961,115.21
3feca7f2-8525-4776-8b0f-e0c98b1e80b2,Bellea,automobile,grand public,Bordeaux,227761,31,106,82.62,2374179,60.73
51792f3d-881c-45c5-81f3-57d9be0d074a,Bellea,retail,familles,Paris,457281,4,309,86.83,2155167,67.51
4f625c22-4b89-41e2-978a-70c5ef811d36,Bellea,luxe,touristes,Lyon,385486,26,285,51.63,2783221,65.97
7dd9fcd6-9042-4af1-8027-94a04c0932bf,Bellea,sport,étudiants,Lyon,84477,4,174,50.73,2563467,43.63
e16a7cab-4257-4d03-af26-4c5b29aa50e9,Fresh&Go,beauté,étudiants,Paris,226671,32,340,83.69,3060395,141.78
01142c3c-6d57-4b88-851d-8fbdbc012e08,Carrefour Bio,automobile,CSP+,Toulouse,302692,29,530,73.46,594788,51.82
c0d39de4-a57c-4732-9784-aae86cd25913,Bellea,banque,familles,Toulouse,124967,3,226,91.54,253242,60.48
4bdba851-fe4f-409c-a1bf-509d56a9080c,Luxeor,automobile,familles,Bordeaux,80732,25,427,86.56,379810,93.26
65e1788b-32ec-4c4d-827e-e03b7a4487f6,Maison Nova,food,jeunes actifs,Lyon,357883,21,24,49.59,302672,35.72
61babc13-2972-4a60-bbdf-35158f0eed7c,TechNova,retail,étudiants,Nantes,190243,18,580,81.57,247603,90.07
c203e2a3-aa64-4b4f-a396-7699029ec2f6,UrbanFit,automobile,CSP+,Lille,223866,9,493,93.73,255945,48.45
5a1bdeaa-5cc8-4102-b9b0-24f855930420,Carrefour Bio,tech,touristes,Toulouse,132980,24,145,85.9,1935764,141.4
d88ae292-64f9-43e4-87a8-a5df8a4ebcf1,UrbanFit,luxe,touristes,Paris,81780,3,353,68.59,2475523,52.4
e51d320f-c6a6-4f5f-9db4-1ba88ec003d9,Carrefour Bio,sport,étudiants,Toulouse,181931,4,41,84.45,2391824,62.47
c2da351c-f657-4676-a762-ca87eac91762,AutoMotion,santé,touristes,Nantes,7357,38,113,71.71,1362325,68.45
1334a84d-7c63-4217-898c-27e56cb94841,Maison Nova,automobile,jeunes actifs,Bordeaux,115555,5,30,47.92,1126623,61.84
ade17346-9be3-4034-804b-654ca61b4088,TechNova,retail,jeunes actifs,Lyon,6858,29,144,51.85,3050230,82.74
d9f33f99-0bf4-4236-b75d-c6c3e4880464,Maison Nova,santé,étudiants,Paris,499167,38,511,82.05,2669351,78.12
53425b3b-3c6d-4b38-b8a1-2e6be1167154,UrbanFit,tech,familles,Marseille,349017,21,202,52.9,1063209,89.34
0783ead9-ec94-4e79-85f0-e800c058ab1e,AutoMotion,luxe,jeunes actifs,Nantes,80179,20,567,79.03,739553,102.99
72556e83-21d7-436b-bc28-5f6cab91fd2d,AutoMotion,automobile,touristes,Toulouse,421808,13,478,69.8,2933284,59.07
a6298850-471a-4ab3-9a64-5a59548c56c2,Fresh&Go,food,CSP+,Bordeaux,317915,31,404,50.37,3049400,83.02
31e1733a-17f4-4d1d-9b57-4675c69b1d7f,Luxeor,luxe,grand public,Paris,318916,41,303,59.94,629661,93.56
1e3c7edf-d7ef-4ba6-ad6c-5dea88701fbf,UrbanFit,retail,familles,Toulouse,180101,20,357,90.5,905804,153.26
8b668d77-770d-4e1f-b58a-4dbe7c97b721,Fresh&Go,retail,jeunes actifs,Marseille,305605,31,390,59.85,3087853,39.36
a6e114fe-a824-4015-857e-77fac7742425,UrbanFit,food,grand public,Lille,149306,31,139,94.77,1849960,72.97
394879c5-aea0-416e-bab8-a3cf1ac22c7a,Fresh&Go,santé,CSP+,Lille,175357,8,533,67.73,318466,54.18
8d880c89-54bd-476d-82ad-c12c1baf3165,Carrefour Bio,sport,grand public,Lille,23226,39,437,77.86,3482862,126.09
35eb9e89-7ff4-4705-80b1-9a2641c676f3,AutoMotion,automobile,CSP+,Nantes,376282,35,587,80.27,3321151,129.25
d53bd6a3-2741-4cf1-b113-9c4cfc3aa938,Luxeor,banque,familles,Nantes,248763,10,327,72.09,1859293,115.68
d72271a6-c194-4013-be2d-5abc5fa66ad7,Maison Nova,luxe,familles,Toulouse,476618,4,592,89.41,319041,144.32
ccb1c995-57d5-4ba9-a6d8-f2665e99340d,AutoMotion,santé,CSP+,Paris,490364,4,539,97.37,788492,49.92
ddf8bfa9-32b8-4b5b-8f50-3959847795e5,TechNova,banque,touristes,Lille,140957,21,551,86.91,2419425,114.68
8b86a3a1-3451-44b4-90c4-95c4f4834617,Carrefour Bio,tech,touristes,Bordeaux,310683,24,297,92.9,3373880,150.7
7f1f5674-4053-421a-92bc-9de3e927931f,Carrefour Bio,beauté,grand public,Nantes,176604,37,476,97.67,840866,126.62
09e2225f-9483-43d7-87a7-f5191f1177f8,Carrefour Bio,banque,touristes,Lyon,126367,25,363,53.73,502772,49.51
aa3d1d06-728f-4990-b235-6d442cdd5dc1,Fresh&Go,luxe,grand public,Lyon,169301,29,393,48.33,2981199,81.84
beaeffa8-d7ba-4c9b-a40e-32d417bf5d0a,Fresh&Go,beauté,jeunes actifs,Toulouse,145105,13,540,78.96,1688818,46.3
ad3f5d31-816e-4729-b1c3-73e090496020,Luxeor,sport,touristes,Paris,31586,36,155,82.2,1019135,122.89
72244d59-10f0-47db-a6cc-3472487566b7,Bellea,food,CSP+,Bordeaux,70516,43,599,85.52,3333572,92.0
2924fdc9-7176-4443-8350-7af3d91c8dad,AutoMotion,luxe,familles,Lyon,126314,3,505,55.26,707397,82.01
eff18ff8-c647-4542-84a5-70551228327b,Luxeor,food,familles,Lyon,494978,31,538,67.21,3376994,108.02
01d53a12-ea87-4dc4-8f83-f82d804d33b9,AutoMotion,automobile,CSP+,Toulouse,71626,10,350,70.27,846095,91.73
7c9b0573-5819-4dcc-ab0c-06665d31256e,AutoMotion,retail,CSP+,Bordeaux,51531,34,353,82.79,229522,98.01
adc8f37d-4e10-4724-8080-f747ce3c946a,AutoMotion,automobile,CSP+,Marseille,223082,22,384,60.12,2955500,30.74
41f5d2b2-2838-4c18-99a6-8db735ccfa78,Bellea,tech,jeunes actifs,Bordeaux,444274,9,350,76.4,873249,62.64
9b712d21-693f-407a-b9d0-2933f40b086d,AutoMotion,santé,jeunes actifs,Toulouse,447361,37,551,97.42,2855631,52.01
6b9a47f6-8c06-4c72-aa28-8edb16c293de,Maison Nova,santé,jeunes actifs,Paris,203472,34,449,46.83,3371445,29.06
6c0bb926-003d-4792-95db-567e213716d3,Bellea,santé,grand public,Bordeaux,260078,14,84,58.94,697318,59.62
86a560d0-99d3-46d9-b05c-285010bcfdd5,Carrefour Bio,sport,familles,Paris,267015,11,119,73.85,3299330,119.25
cb1d16f0-2593-4e40-95f1-1a8be11963c5,TechNova,retail,familles,Bordeaux,275284,5,596,69.57,2184550,95.2
1a20a87a-fa6c-4495-9686-4ddfc91df708,Carrefour Bio,luxe,grand public,Bordeaux,269334,13,209,59.64,1243207,80.09
fb9c1daf-9f7d-4f57-bf84-0f8aed21f2ba,TechNova,sport,CSP+,Bordeaux,418624,16,429,53.66,458544,55.78
f30eed90-6665-4461-9a78-bae91938220e,Carrefour Bio,retail,CSP+,Marseille,237976,36,140,61.76,2167133,42.53
f96c40a4-1bae-47c7-805f-36d89c1a85f0,Maison Nova,automobile,grand public,Lille,287095,41,450,59.81,2316551,42.07
b8f62632-536e-48bb-810e-2780c0d4675c,UrbanFit,banque,grand public,Bordeaux,450148,42,10,61.91,3440497,66.9
719c57c6-c238-4fe9-b3c1-596b7236117c,Maison Nova,santé,CSP+,Toulouse,181327,36,307,52.43,2136516,33.63
0ef3d882-e3dc-42ac-ba4d-5d425a09d18e,Luxeor,food,jeunes actifs,Nantes,134867,28,372,54.09,3415983,29.82
46fa0e0a-3406-42c6-b382-7a96f3d53870,Fresh&Go,luxe,étudiants,Paris,137521,35,28,72.69,921532,110.03
c6d9b062-06dd-4a86-b040-20c2e4fed082,Maison Nova,automobile,grand public,Lyon,42734,33,362,97.93,1904126,161.67
f2becf03-e691-4b3a-a4b5-a3c5ef96eaa0,AutoMotion,luxe,jeunes actifs,Lyon,272140,30,543,74.71,718172,112.06
8768c929-94c5-4130-80e0-0696112f9ad0,UrbanFit,beauté,jeunes actifs,Marseille,295638,26,239,54.17,253782,87.73
3269db3c-9e8f-47dc-8c79-749e8ff70243,AutoMotion,banque,familles,Lille,99310,20,209,75.86,2203450,117.1
649a11e8-f02f-4c58-92ea-b39278c58d87,Maison Nova,food,jeunes actifs,Marseille,489133,19,596,79.64,2364052,48.58
33b87d77-93f0-4d1d-b24a-f760df4f5ab3,Luxeor,santé,touristes,Paris,399822,20,242,79.88,2899994,85.22
b8868a52-971b-42b2-b544-cfc5b3218f7c,Carrefour Bio,sport,jeunes actifs,Toulouse,233094,20,481,86.8,26448,131.72
edafde57-a33f-41de-8095-27dbaedbe610,AutoMotion,tech,touristes,Toulouse,23312,29,235,70.14,1867966,42.85
b383e8fd-5aac-4a9c-88d4-be5aa915a101,Carrefour Bio,food,jeunes actifs,Paris,217736,10,41,57.58,1066838,66.58
b46e8967-d5f4-4186-a3ef-821dbd677f10,Luxeor,luxe,grand public,Marseille,389914,12,534,77.88,2106607,42.79
91443b29-95b3-45dc-a165-19083f3dec92,Carrefour Bio,banque,CSP+,Lille,50697,4,483,55.12,227159,88.12
b8bf7238-fc81-413a-b9d8-789c4aae8672,Maison Nova,banque,touristes,Marseille,24041,20,564,58.64,1387999,53.13
cd7a321b-206b-4f42-b01d-3f7caac5e591,Carrefour Bio,retail,étudiants,Toulouse,105479,9,447,81.03,1554288,42.74
a2fc2929-8f2e-45f6-abc3-6d1a0e1259da,Bellea,banque,étudiants,Lille,337311,42,597,58.61,2873186,56.61
2302e48c-e2ad-42e2-b2ba-43455424254c,UrbanFit,automobile,touristes,Marseille,395441,14,203,94.04,2821497,148.79
7fad0ad9-33bc-45b0-b505-0e6b7480d4fa,TechNova,tech,jeunes actifs,Toulouse,43048,32,419,95.61,2834705,81.19
ffcc53b3-fb0e-4f64-b67c-79f89097bf14,Luxeor,tech,étudiants,Lyon,426039,27,313,51.17,205433,50.01
2217534e-96a6-467d-b5e6-571a5f07912e,Maison Nova,beauté,étudiants,Lyon,230238,8,211,57.25,2293530,74.82
7d65c965-5df5-4924-95ed-4a6b7c4f2a09,Carrefour Bio,tech,familles,Bordeaux,119846,18,487,77.07,3405898,97.02
ebb31d7f-cdff-46c8-97c2-42d6f54613c6,Carrefour Bio,santé,étudiants,Lyon,44382,27,464,84.62,2241868,83.86
2b8268b8-c4ec-4121-94ca-1ff736fc8f4e,Carrefour Bio,beauté,grand public,Lille,479914,32,274,50.51,2014359,82.7
27707ada-959c-4985-932f-f65d1e77cb3a,AutoMotion,automobile,CSP+,Bordeaux,445545,14,543,81.51,3471121,130.28
1ef98810-9982-4b06-bf22-4880deb1cac6,Carrefour Bio,retail,grand public,Lyon,316639,13,87,84.24,1000726,46.72
3db7865e-ee5e-4400-a38d-f53bde71adae,Maison Nova,retail,étudiants,Toulouse,497449,26,156,59.57,2565128,84.74
9baae9db-ec82-45d5-912e-1c6d0c4fd90b,UrbanFit,tech,grand public,Toulouse,428215,29,238,78.53,3415638,66.98
67be917f-51be-49c4-b865-8177503e897d,Luxeor,automobile,CSP+,Lille,483012,19,361,49.43,921261,52.03
54e28502-a96d-4ba6-9f66-2afbc555101f,UrbanFit,santé,grand public,Nantes,401247,14,413,56.47,3104942,44.14
30e4b64f-ab2c-4d62-bc45-a5854381fe23,AutoMotion,beauté,touristes,Lille,332182,31,579,83.69,1750319,59.73
8eae5209-aec2-429a-95b9-70a9e706adaa,UrbanFit,sport,touristes,Bordeaux,227328,15,185,47.71,1595253,51.0
07a1b2d8-1c8b-42eb-b6fa-b8a5aab2ce91,UrbanFit,santé,familles,Lille,51925,17,373,53.14,147349,49.68
5c1cef85-1edf-47ac-8ce0-427733f45eb7,Maison Nova,banque,grand public,Nantes,219184,7,548,92.26,3141519,136.92
7db3b125-dbd9-4b27-80cc-86047f35820f,Maison Nova,sport,grand public,Marseille,135938,4,239,67.72,1918321,109.46
5dcbdefd-1607-4c4c-a4a4-6cb4776b0068,Maison Nova,santé,étudiants,Marseille,350036,30,457,87.67,2691267,125.22
ac2841fe-3a91-426d-823a-6254dd3448fa,Maison Nova,banque,jeunes actifs,Marseille,19633,18,211,64.48,338615,84.73
6489c45a-d00d-47a8-9abb-7f3d4a9ba6b9,UrbanFit,food,étudiants,Bordeaux,93894,6,341,51.44,784122,38.4
be26d87f-0bc0-448f-af06-c3536afa9916,Carrefour Bio,tech,jeunes actifs,Marseille,218574,8,32,47.67,48445,24.42
2149f485-16b1-4833-9d20-90177f5d8d9e,Fresh&Go,food,grand public,Lyon,273934,27,588,77.61,1481581,69.44
ed5a2002-fa4d-4117-af01-1ad2d9ee49ea,AutoMotion,banque,CSP+,Toulouse,156996,5,132,56.01,2431806,74.16
b8e00bd1-e301-4496-a8bc-d9352f3f5eeb,Bellea,luxe,familles,Paris,303881,5,235,57.64,1297856,63.73
48131dea-7cfd-479a-84d8-e1bf60e57fc4,Fresh&Go,automobile,familles,Nantes,352371,41,594,70.38,2872075,50.17
14e10d66-d66e-4fc2-a494-1538ef767fd9,Luxeor,banque,familles,Lyon,128768,3,464,45.28,624125,26.85
9d0277da-6113-459d-b13a-ac8594aeb9f0,Carrefour Bio,sport,familles,Lille,80093,33,256,96.55,1250767,122.05
7e3a34cb-e4d1-4e09-bd0c-ab2a29eb7891,Fresh&Go,luxe,jeunes actifs,Marseille,249794,10,158,75.5,719859,52.08
e2a9b883-f976-4289-8b76-4bd1d12ea095,Bellea,santé,CSP+,Marseille,461035,21,18,68.35,228887,64.26
3a161e62-6215-436f-9f0f-3816ae7c77c7,AutoMotion,tech,jeunes actifs,Bordeaux,136261,37,304,87.28,2081161,50.54
a32c9722-87e8-4522-a765-27dfbea1e6d4,Maison Nova,automobile,CSP+,Toulouse,295797,26,596,46.01,1938663,48.75
0576350c-1633-40b7-8bcb-5db17cf68f43,TechNova,santé,grand public,Lyon,30192,41,559,80.71,3464443,89.21
fffc9268-5d5e-4352-a6d7-5412246f825b,TechNova,luxe,familles,Bordeaux,439100,13,80,78.24,3127585,78.06
c2ce2cea-4f3c-437d-87df-88e25d0e729a,AutoMotion,tech,familles,Paris,49779,29,128,45.53,3378630,73.51
479b4a9b-01b9-4b60-815c-4cf8e46aa7b8,Bellea,retail,grand public,Toulouse,323196,30,165,67.1,2272695,47.58
7d48c91a-6b60-4cc9-9dee-1dc7f9c0e9af,Maison Nova,santé,touristes,Nantes,151338,30,335,61.72,2726144,66.71
57ad6fe0-dfa2-4cdb-ae17-eaf3b851879b,Carrefour Bio,beauté,CSP+,Lille,303072,34,563,86.96,291413,119.65
b91521ec-78aa-4766-9370-6133e4ac5cbc,Bellea,automobile,familles,Toulouse,342597,7,185,74.77,2053487,46.89
99d080ee-c67a-492b-9d4a-85122f0ac750,Carrefour Bio,banque,étudiants,Nantes,230389,20,26,62.09,522093,75.59
6a713832-11fd-42e4-ac6f-e417b771d419,Fresh&Go,food,jeunes actifs,Lille,116434,15,234,81.76,2738611,130.3
7a11edd8-8716-45dd-93e2-5c4b97a4b89a,Fresh&Go,luxe,étudiants,Toulouse,322168,28,577,69.11,1396525,39.77
59c671ae-7a9e-4367-8ec6-3d28c4d7f339,Carrefour Bio,retail,familles,Paris,108885,40,440,49.41,725716,64.52
91547ca1-0221-4549-9bad-6c4ca8676fae,Fresh&Go,sport,étudiants,Nantes,89790,40,196,97.94,2561364,91.16
906982fe-ce65-4032-a580-2efbe4c7ea8d,Bellea,retail,grand public,Marseille,417444,44,46,75.64,2371369,127.6
9fc68c18-256b-4dc5-9e39-4c4f5477e969,Maison Nova,beauté,CSP+,Marseille,260923,31,304,86.25,2361690,64.38
dd6ee38f-08ee-4705-b6a4-0eefa3d06bbe,AutoMotion,retail,familles,Lyon,367016,11,578,92.44,2845240,144.53
63105de3-ce49-4d50-ba30-dd8c17903012,Maison Nova,luxe,jeunes actifs,Toulouse,410072,19,560,83.58,3457796,94.55
464508e6-e6d0-460c-9fcf-b38c2de883ef,Maison Nova,sport,jeunes actifs,Paris,130973,41,46,56.89,2497869,88.42
f1ecc6c2-bf85-42b7-9840-6bca09d56fca,Luxeor,automobile,touristes,Lyon,16682,34,392,63.02,1618674,33.95
9a4e22e8-481f-497f-88e6-2376787a4b99,UrbanFit,retail,familles,Bordeaux,105393,39,115,56.48,1466561,32.69
7166dc1a-95c8-46b8-a1fa-596873ff1de0,Luxeor,food,étudiants,Paris,61307,26,198,65.39,1627345,45.09
e8268625-8036-4d89-a64d-345515be5d6f,Bellea,retail,touristes,Toulouse,363466,38,539,56.08,931931,43.32
1352d4b0-ae14-4f13-894d-0a694ccbc03c,Bellea,food,familles,Bordeaux,313889,35,189,70.85,1203940,110.77
42ff2f17-98b2-4b8b-9d37-341cb5bea908,AutoMotion,retail,familles,Marseille,10255,28,551,71.05,865426,57.03
2a92de77-4e0e-4749-b1b6-a0fcdcafeb53,Carrefour Bio,santé,jeunes actifs,Paris,85523,34,281,54.84,939352,32.46
7c90b12f-ee23-4c8b-9f21-ecaa3ca4ff29,TechNova,beauté,familles,Nantes,475921,40,342,94.55,1042750,117.0
5b1c1d5a-3fde-4457-affc-5884b88513bd,Carrefour Bio,beauté,étudiants,Marseille,291080,12,155,70.05,55586,118.74
55909dc1-cf36-48b8-bae5-7fbd5da2de72,UrbanFit,beauté,jeunes actifs,Nantes,478248,9,298,67.8,2803046,56.4
10074a65-8200-4426-b4d2-5b76f11cf755,TechNova,santé,CSP+,Toulouse,316889,14,381,77.65,1983034,63.75
7abb8989-97c3-4668-bff0-ae290b8b1c18,Fresh&Go,tech,touristes,Marseille,151064,22,19,85.64,2537978,53.38
ebfa2b15-4503-43b7-ab82-6866cc4236e5,Maison Nova,retail,jeunes actifs,Lille,124498,39,103,54.49,2146708,53.84
fde4e41e-71e5-4390-9e90-b1d818170f38,TechNova,sport,touristes,Lille,84993,19,367,86.58,3025518,90.11
7af28a89-eae5-4aa5-b0f7-fe36dd8e7722,Fresh&Go,santé,familles,Bordeaux,44168,18,415,88.12,438986,88.43
2e894d2a-e95b-404a-a540-99a65b63f37a,Fresh&Go,beauté,familles,Marseille,191549,4,383,72.26,2621648,49.45
15e07105-685b-49b9-bd95-a691b10e2487,Luxeor,santé,touristes,Bordeaux,190465,6,135,68.77,2829387,49.45
658ee6b7-6bd6-46b4-8601-ca38cb8e3502,Maison Nova,beauté,jeunes actifs,Toulouse,472878,37,323,86.49,1652558,75.89
f49896a6-480d-47b3-ac81-10a830b4c8e5,Carrefour Bio,tech,CSP+,Paris,287317,23,38,92.44,679779,90.94
af74983f-374e-4d5e-bf0a-5d53a11faf61,Carrefour Bio,food,étudiants,Paris,358728,42,171,70.23,1034403,38.03
b03e207d-9d9c-4667-8085-b9724a5f3332,Bellea,sport,grand public,Paris,381174,35,113,55.48,2377797,73.99
4615972b-e7d0-49b4-915e-5e1553d9d128,Bellea,retail,CSP+,Marseille,474624,27,508,88.51,1767774,138.51
977298e9-6a84-4558-851f-72c3d81e1241,Luxeor,luxe,étudiants,Bordeaux,95026,40,480,53.5,696142,63.14
57b49756-e1bf-4bf4-bc82-384d230cac23,Fresh&Go,santé,CSP+,Marseille,60968,9,528,92.87,793653,96.88
d17e2fc7-356b-4a2e-ab4a-ab877aeb71af,Maison Nova,sport,étudiants,Marseille,451687,18,92,96.2,2203076,140.79
597ce404-f521-48c3-b036-d8b595805b96,Carrefour Bio,food,grand public,Toulouse,223601,28,441,70.91,3436290,80.27
3ed84669-d349-42bb-a4f9-501f08015ad6,UrbanFit,food,touristes,Paris,418989,22,533,79.7,364529,48.24
03f301d5-9cd1-4185-aff2-710773a08145,Maison Nova,santé,jeunes actifs,Nantes,484729,41,26,77.25,1630627,65.83
32810e39-621a-4173-8c70-972c6b7d1907,UrbanFit,tech,grand public,Bordeaux,73091,9,375,50.41,2063942,53.44
1992329b-dc4d-420d-91cb-4ae59a460acc,Luxeor,retail,CSP+,Lille,31245,21,330,62.35,1694148,80.6
f0057e95-70a5-4203-b0f5-1d1557e1e0b0,Luxeor,banque,touristes,Marseille,257890,28,30,62.62,1471116,90.53
c3bf98e0-c338-42b0-906c-9762c16035c5,UrbanFit,tech,familles,Paris,165414,41,353,91.76,822801,59.2
d34e4213-7145-45fd-87f9-16f3e6ab0d07,Maison Nova,banque,familles,Paris,460109,11,207,67.17,3215022,37.09
347d9083-f452-4f98-ae44-13eb01042e7c,AutoMotion,food,grand public,Nantes,142007,42,15,93.91,3030399,124.69
66e05d9e-daec-4038-83c1-893a289b597e,Fresh&Go,luxe,grand public,Toulouse,331219,17,414,49.81,1710341,52.17
f9bc0180-ffe2-44a1-8951-56f1f2dedb07,Luxeor,retail,étudiants,Lille,156075,43,176,59.06,2664497,95.29
55040333-f6f0-4944-9270-5bef2d826822,Maison Nova,automobile,étudiants,Lyon,295289,45,363,74.24,1411432,59.8
a1f02916-15da-4202-9ab5-f8a21d9246b8,Fresh&Go,luxe,jeunes actifs,Bordeaux,230890,22,579,80.16,806747,55.78
aa89ab38-93c2-48cb-9cba-4cc3e3e680cc,Carrefour Bio,automobile,CSP+,Nantes,29866,45,53,61.48,3410122,59.82
cdef127a-9205-4097-a762-7aa88b6a7447,Fresh&Go,retail,grand public,Bordeaux,419887,27,503,88.28,1482017,120.7
60e8dd8d-1531-4f92-9f3d-64e7d61aee47,UrbanFit,tech,touristes,Bordeaux,339539,9,531,95.36,724366,114.26
61bd7cff-0cd4-4d96-863d-97bbe6d6ae67,Fresh&Go,santé,familles,Paris,190317,40,395,90.13,470592,68.29
5620bffc-4ebc-4bef-a195-57daf6f04568,Fresh&Go,luxe,grand public,Lyon,32201,28,325,63.72,509031,92.17
a2cd56fb-7d48-45fe-9040-e18365e5ebf3,Carrefour Bio,tech,CSP+,Bordeaux,298371,34,49,76.72,1187055,108.24
affc20d0-1b85-47e7-9cf9-05dbd993afb7,Maison Nova,banque,étudiants,Toulouse,146611,29,260,54.14,134003,54.94
06180907-310f-460d-ba80-fe00813228c5,Carrefour Bio,beauté,familles,Lille,274462,34,372,94.68,2227637,89.11
0feeba70-fdd6-437d-b44c-7bfac4dd6f60,Carrefour Bio,sport,étudiants,Bordeaux,243497,38,398,55.04,2965826,28.47
759472d3-92a6-4135-b381-ab46233ecf16,TechNova,food,touristes,Marseille,427454,31,147,64.81,753115,94.34
6749af0a-6288-4f20-a7dc-3002ec19968d,Maison Nova,luxe,touristes,Bordeaux,319720,27,59,92.56,3448233,149.83
fe31bc82-dcc9-4d3d-b0e6-6758bc2c9cfb,Fresh&Go,santé,touristes,Lille,474922,14,271,47.41,437521,36.57
df857b60-be74-4a49-9eb8-db79a30a723e,Maison Nova,beauté,étudiants,Lille,124893,9,581,92.78,2594600,68.67
318756fd-193d-4814-b360-9201bd75ff5e,Fresh&Go,sport,CSP+,Toulouse,243646,19,411,71.79,1619439,49.65
98f1f6d4-3889-4954-ab30-9bc7f0d7ee89,Luxeor,automobile,jeunes actifs,Lille,156640,43,382,92.6,1438591,71.41
708529ca-806b-4b5b-88ca-32e93cff0887,Carrefour Bio,banque,CSP+,Lyon,455705,28,110,69.92,801209,54.99
95439b9a-5fd2-4fb6-ad0a-f10902f7b6f4,Carrefour Bio,luxe,familles,Paris,39586,15,461,45.31,666111,33.7
e0bc87e4-2eff-4743-99e3-1efe8f28ae4b,Luxeor,sport,familles,Lyon,56841,22,457,75.88,1030480,80.38
3f336316-1c0b-4c32-94c5-4d2119a5a3c9,Maison Nova,banque,touristes,Marseille,53899,4,455,90.61,534221,107.78
90f18e4b-07a1-4961-ba1d-167f50f55ab1,UrbanFit,luxe,familles,Lille,21419,30,390,51.52,559959,45.19
8bc1cc65-01eb-4665-8865-048c70e2b9c0,UrbanFit,beauté,familles,Bordeaux,196479,10,323,76.45,2031320,92.19
d75e1189-0e87-430d-b924-91b869188a6c,AutoMotion,luxe,jeunes actifs,Marseille,270657,22,247,57.56,3006580,61.24
5d9dbdce-581d-4599-96b4-44e840f19a12,TechNova,sport,familles,Toulouse,474783,40,300,50.67,682171,27.97
0f8a0975-4498-4c4f-b2de-b80c60cba80c,Maison Nova,tech,CSP+,Toulouse,223827,37,28,83.66,1578845,47.17
da26b5fa-286f-482e-a409-3f4988a0724e,Luxeor,food,étudiants,Lille,172494,21,587,76.3,2078607,101.09
be1dbea3-d51e-4c8d-aa0e-17312e279e18,Bellea,sport,grand public,Lille,452674,22,71,78.43,731076,83.68
66a211ad-3e16-4af2-adce-b5010d4b649d,Fresh&Go,beauté,CSP+,Lyon,58315,9,191,78.06,3016498,92.14
45271482-b15a-4e98-b214-818da36d9e7b,UrbanFit,sport,étudiants,Nantes,29832,7,578,70.84,375072,51.61
1c43f0b7-354a-4540-bb12-ec9bf8237969,Maison Nova,banque,jeunes actifs,Paris,460107,10,329,58.1,457232,85.43
33ef0e3e-6ce7-460c-8f9d-d4665e8e21c9,UrbanFit,banque,jeunes actifs,Paris,145668,4,429,60.21,2513069,95.51
99576bb0-6bce-4b38-8845-2f8771090f50,Bellea,tech,familles,Paris,236167,31,329,93.34,1279776,48.14
2da8d7e6-0b99-43c9-a25d-ecaf71ef72ab,Fresh&Go,banque,jeunes actifs,Toulouse,105233,36,222,93.74,2347488,89.54
5c658f0d-0722-4cc9-842a-c9377b85f002,AutoMotion,banque,jeunes actifs,Lyon,199959,24,515,76.28,2370224,108.49
efdb2c8a-67c5-4790-a780-714287af6b59,AutoMotion,beauté,grand public,Bordeaux,215296,16,148,63.28,1152515,50.25
2ee87903-9386-4bca-b8b7-04eb7911ddf6,Luxeor,tech,touristes,Marseille,341270,7,416,73.24,2249108,52.86
efb28382-9121-48b6-b837-0bc63317bd9d,TechNova,santé,jeunes actifs,Toulouse,24394,29,170,80.54,361070,122.01
c1b83679-521b-4417-80bc-25310f315149,Maison Nova,tech,jeunes actifs,Paris,32726,17,302,94.12,1986663,120.94
e1069ac8-c78e-4c9a-b265-b1fe33d4cfd0,TechNova,beauté,familles,Lyon,336456,9,305,55.89,928036,36.08
99dbfe56-9107-4ed7-9450-736a192ecb8c,Bellea,luxe,étudiants,Lyon,142303,23,333,88.12,3359697,71.59
dc7c1521-1b2e-482b-9ee9-dc07f4fbf8df,Luxeor,automobile,familles,Bordeaux,429717,21,82,49.59,1996560,45.89
53855759-ad12-4a9f-b2a8-31a290bf3a83,AutoMotion,food,CSP+,Lille,78452,12,163,57.44,3120053,83.65
17d62dd3-9c8d-49bb-ae41-a74639359c78,Bellea,food,jeunes actifs,Nantes,103036,4,31,60.14,2780745,75.38
3453becf-3e02-4137-b4d6-49ebd8a324df,TechNova,beauté,touristes,Lyon,78983,13,488,58.67,1255141,73.05
98252b25-c9ad-4f70-a410-12739577da66,Luxeor,beauté,touristes,Lille,144135,7,210,53.7,1311318,62.2
58d7c752-64f9-479e-84e1-7e57f1104faf,Bellea,automobile,familles,Lyon,314450,37,115,72.08,2956651,78.4
4d7af60a-2029-44db-ad7f-02ddc01e67c9,UrbanFit,beauté,touristes,Toulouse,397983,12,456,79.57,2965755,122.04
aa631f2d-692f-4268-8fab-1dccf20ad498,TechNova,beauté,familles,Bordeaux,460115,43,501,70.22,2571118,45.1
7ff62d77-3c02-4502-830b-d3b7a30c2a20,UrbanFit,beauté,CSP+,Marseille,7905,19,558,64.33,1610229,85.85
84a36377-2d55-4c52-909a-fc7a8f755f66,Bellea,banque,étudiants,Nantes,307426,37,400,59.1,1004951,54.16
3a4ebc64-65bf-4ee9-aa37-92325de8fa07,Carrefour Bio,retail,jeunes actifs,Nantes,194399,24,214,90.04,861912,143.38
1695f8c6-95f4-409f-8e9e-4b897768ae67,UrbanFit,retail,étudiants,Lyon,21962,21,322,55.35,2770752,77.28
b639c3e6-aaeb-4c36-b735-a507ffd17eea,Luxeor,beauté,touristes,Bordeaux,106173,43,332,65.39,870393,102.58
321a9a06-7ce8-4fe5-92c4-e364389a2f5d,Carrefour Bio,tech,grand public,Nantes,33379,40,401,70.91,3239842,84.54
af6bdfd7-41ec-40c7-8adb-85756af0f5ab,TechNova,retail,familles,Bordeaux,16580,32,422,55.63,846064,33.65
4f6a5928-c8b2-4936-941c-5d4d1cc8bd57,Fresh&Go,tech,familles,Bordeaux,202766,43,316,63.56,2583968,59.43
fdab84ba-de12-4297-a923-dfb22df41840,AutoMotion,food,étudiants,Bordeaux,154456,14,192,46.4,1157063,68.58
a910453a-24b5-4e6f-9b5b-e69a581bbbee,UrbanFit,tech,CSP+,Bordeaux,421453,13,244,62.22,1194207,76.62
d51cd3a6-2753-4612-8bf8-5b0962846e26,TechNova,tech,touristes,Toulouse,296003,28,562,56.63,1077036,49.89
b2e2188a-c495-4254-aced-e87f1165a344,AutoMotion,beauté,touristes,Bordeaux,39504,37,486,63.2,135760,47.91
0aeaf674-2932-4e21-a19d-91f68072f40f,Maison Nova,automobile,touristes,Bordeaux,242879,29,499,49.71,2831709,26.22
1ef93aa9-359f-448e-8f0c-2817283baabd,Bellea,sport,touristes,Marseille,102832,23,487,83.71,3096862,47.64
a9f260f9-05fe-4b73-a7f5-cc596fdebfe4,Bellea,beauté,jeunes actifs,Marseille,289118,38,106,46.8,1234668,45.76
ae58ad95-a870-4320-88f9-60e4c67bcd9a,Luxeor,tech,jeunes actifs,Paris,258244,12,16,47.01,3330213,60.76
8af74c16-89d3-4948-b6b7-8535285e03f6,Maison Nova,automobile,CSP+,Bordeaux,319130,19,166,96.91,2773701,114.61
37888daa-631f-472f-a4fe-6ff3b91b0006,UrbanFit,food,étudiants,Lille,306245,42,58,55.84,1192062,65.73
e50ff80c-11a1-4cb8-85a5-65ef1c2bf7ca,Fresh&Go,retail,touristes,Lyon,258943,45,290,75.58,3173429,116.81
6a26bc77-866d-416f-9af7-8e700e204acf,Fresh&Go,sport,grand public,Nantes,284611,33,568,47.93,313734,29.53
8071bc48-2fab-4952-931c-27e0e6989793,Maison Nova,beauté,CSP+,Nantes,185917,30,432,59.57,2094231,84.08
7b9ae1e1-4c65-44ff-9da0-ca80c535667d,TechNova,retail,grand public,Lyon,196094,10,400,65.82,1597234,76.86
7f07c271-e680-41aa-809b-42243101b1bd,AutoMotion,santé,grand public,Lyon,16806,12,157,74.36,2949197,54.14
ef85f75c-25b9-4e95-a8ba-2bc6d48a5f4f,Carrefour Bio,santé,grand public,Nantes,190748,17,481,73.7,2274415,116.46
7d5dd603-4b55-47ba-bf7e-98e0e6c557ac,Bellea,retail,CSP+,Lyon,72295,13,291,52.74,24600,27.69
8610177b-c336-470f-b062-3024bd4c11e1,UrbanFit,retail,touristes,Lille,193334,7,113,87.0,532045,122.76
691b66ff-3c81-4613-8bd4-3cc4692b53ec,Bellea,retail,jeunes actifs,Nantes,92253,3,109,56.07,100363,41.4
dfa067e7-1799-4cb2-94e6-a267c71a4ef8,TechNova,sport,touristes,Toulouse,345138,35,120,83.48,1382752,60.24
85e15f42-c73a-4c5c-8c52-fd81308f38fc,Carrefour Bio,santé,étudiants,Bordeaux,135347,4,321,60.56,1458689,65.94
ccf952f0-157a-417f-8843-d9661b205c03,Maison Nova,banque,familles,Lille,91531,19,525,75.67,2633174,76.79
5d11efce-cc07-4565-af67-9cb49d60be7d,Maison Nova,automobile,jeunes actifs,Bordeaux,117169,32,343,76.27,3056058,74.91
b254ab7e-67ff-41dd-b446-1491d39fdc8f,UrbanFit,beauté,grand public,Bordeaux,330178,43,14,55.18,2025341,84.38
3468a4aa-dc66-4b73-bca6-963d6b6a2152,AutoMotion,sport,touristes,Lyon,43879,25,578,65.86,2907745,47.72
6e60632a-a2c8-4bf2-8156-e2f030f3945a,TechNova,santé,familles,Marseille,24865,9,34,86.65,1134777,116.95
5004fc3f-4112-48d9-8ba2-b5e86021c422,UrbanFit,retail,CSP+,Marseille,428446,29,103,95.22,1779141,147.6
aff70fc5-9d6a-4d61-a382-5f9193d36206,Luxeor,santé,touristes,Nantes,428458,10,516,45.78,723624,39.33
21192404-f28e-4716-aea2-6a17f1745f4c,Bellea,santé,étudiants,Bordeaux,19608,14,546,59.31,1667612,31.06
52de1e5e-3eb1-4982-b5ab-5ce9ccd7715c,UrbanFit,retail,étudiants,Marseille,263878,11,13,71.6,1411631,84.92
4e47e778-3595-4c3f-8c18-66cc4cb1d2a8,TechNova,santé,familles,Bordeaux,93512,18,276,57.92,2422046,70.11
0b47a50b-6e10-4b09-861f-bdbea98c28a3,AutoMotion,banque,touristes,Lille,83393,37,329,74.63,2586867,57.87
7be4edc1-faa0-4b8c-bb18-b33bd7f612db,TechNova,sport,familles,Marseille,103525,22,383,45.51,1628341,36.65
7efd49b3-b92a-4db7-90d2-dd64029bf030,Carrefour Bio,santé,grand public,Lille,226004,36,551,51.96,866070,66.76
c76d401b-d0e5-4910-8cc0-b020edc3b8e7,Maison Nova,food,familles,Paris,100993,9,159,86.1,417538,84.38
d995a7e5-dd3f-468b-8154-f1c4cafe89d0,TechNova,luxe,touristes,Lille,209339,21,190,60.71,411379,71.33
eb0c0183-cee8-46c5-93d2-d40a1c198902,UrbanFit,beauté,jeunes actifs,Nantes,89688,26,366,60.35,545308,89.98
59d7a1b5-7cd8-4e92-a1a3-4b9c8982e4bb,UrbanFit,santé,étudiants,Paris,136699,18,566,89.17,3470557,125.15
e10d2773-a0b2-410a-be2c-568528dd1dce,Fresh&Go,tech,grand public,Lyon,43485,12,184,45.21,1686112,42.7
e5ff1a69-1d78-458a-934d-2318bc5aebb0,UrbanFit,sport,étudiants,Nantes,410306,28,465,58.13,2948948,89.47
b2505baf-3d65-4507-8f5a-e6bab1d17ca4,Bellea,food,jeunes actifs,Lyon,340322,18,310,47.35,2283041,71.56
bbf0044c-911c-4ba7-947b-93e433480ccd,Luxeor,beauté,étudiants,Paris,404601,25,369,46.65,2530386,31.95
49351ce1-c9b7-47b7-b6ff-257e8118e9b2,Fresh&Go,automobile,jeunes actifs,Paris,166208,44,435,85.83,3443974,97.79
55f97577-6138-493d-9d87-294179300989,Fresh&Go,automobile,familles,Paris,454761,30,297,84.1,2304680,102.47
1c561be4-9c40-4539-a5db-49efb8618ceb,Bellea,santé,CSP+,Paris,383750,13,252,76.13,2890939,49.87
78580527-7a5f-4da6-b697-d6e19dd1ba9a,Luxeor,luxe,grand public,Nantes,407909,19,382,45.07,1693869,59.5
177cc78d-a3eb-4e43-81dc-43d27353d3fb,TechNova,food,touristes,Lyon,129950,33,49,96.56,1108454,152.28
887d7b10-ab0c-4981-a123-a5379f5b0206,UrbanFit,luxe,familles,Paris,109307,37,56,65.62,2863356,32.82
3cf9fe11-6819-49ba-b79b-05a192c1ccf7,TechNova,banque,grand public,Toulouse,418368,26,184,72.19,2571807,102.93
d9d112d2-87e9-4812-a50e-e3df7aa9aa6f,UrbanFit,banque,grand public,Bordeaux,31662,34,434,52.77,782537,74.47
2d55ad02-8a02-4f5c-941b-7719897a6140,AutoMotion,luxe,grand public,Bordeaux,400327,42,180,91.57,1695577,58.32
aad15924-e2f6-45a6-ac9d-9df5fb9e40e2,TechNova,santé,CSP+,Toulouse,345765,4,157,85.87,2117368,129.88
a779e752-9b90-4b21-b708-4f5a4721721a,TechNova,santé,touristes,Bordeaux,327021,17,488,79.16,3071935,100.5
d4161451-261f-4a0c-b2d7-88dbe3701b6f,AutoMotion,sport,grand public,Bordeaux,437860,33,378,75.27,866116,88.41
22f8cc6b-29cf-4e12-b3e7-25d33c629163,Maison Nova,sport,étudiants,Lyon,123636,25,394,88.65,2016663,48.91
a9e29a4b-8cbe-49ac-acd4-a65bc75d7a3e,UrbanFit,banque,familles,Nantes,80909,38,300,84.15,1399162,48.31
e4282970-321c-441e-a39c-5f9e4d0a01ec,Carrefour Bio,food,grand public,Bordeaux,197827,34,270,74.45,1348690,116.2
76f826e1-d47e-4abf-935f-d6b58d60858b,Bellea,beauté,touristes,Lille,267365,36,72,88.05,3065327,100.13
1907de03-2ba2-46b8-b795-771afa68e08c,UrbanFit,food,CSP+,Paris,299315,20,284,50.11,1523226,62.6
ecf84261-f431-4d2c-bc10-6e01e7124c63,TechNova,food,étudiants,Lille,12085,39,509,54.49,460889,55.36
c541efb5-3a3f-45d2-8836-046c7360c64e,AutoMotion,santé,jeunes actifs,Lyon,386006,45,12,57.05,2955571,60.96
61a81b1a-e96d-46b8-8a87-857b4a4e3832,UrbanFit,beauté,CSP+,Nantes,379012,35,234,69.66,2389013,58.42
1f619631-d4ff-48da-a5c1-ca28e92fd2c0,Bellea,automobile,CSP+,Toulouse,30166,30,541,68.32,1939306,80.9
c7780844-eb97-4829-9c1e-2add2a7b191b,Maison Nova,retail,étudiants,Lyon,96747,35,274,87.47,3191179,142.95
ea7beaa0-a100-46f3-aa6a-b1a239f60d80,UrbanFit,automobile,grand public,Nantes,220062,14,426,63.1,290845,76.12
1f83435f-d4bb-4044-b9bf-c2c27c9207b7,AutoMotion,tech,touristes,Toulouse,357554,18,44,60.4,3496425,35.74
1a29e78d-8a09-4a65-83f8-9e82da2f0a72,Bellea,food,grand public,Bordeaux,52287,3,335,54.69,1722952,65.06
791a8eb4-e322-4e34-a171-6a3eed9d7d08,TechNova,santé,CSP+,Marseille,129680,40,469,83.67,2060390,61.23
a223d114-310f-4146-b71e-4911c79c7cec,Fresh&Go,retail,familles,Bordeaux,228510,6,279,73.41,450122,115.21
69e04e23-aea7-4612-a28b-52157e0db262,Carrefour Bio,banque,touristes,Bordeaux,50406,40,404,93.88,2867223,120.52
079ec740-2ddc-4e1b-8ff6-e6f5e60f030d,Carrefour Bio,retail,touristes,Paris,153725,43,28,51.76,81197,35.45
d9b11e51-f7c3-4802-8329-9e0db3c439b6,UrbanFit,sport,familles,Nantes,404592,26,117,53.92,3406049,83.09
6c68dc72-558e-4352-becc-a92f4bf8ce00,UrbanFit,food,jeunes actifs,Paris,146431,24,465,58.46,944233,60.7
fa45ce89-3810-4709-bd78-b9d309a0fe9c,Carrefour Bio,food,grand public,Bordeaux,44946,24,166,74.87,2005434,43.32
21b0942f-e802-4100-9d31-0de36a421b2b,Bellea,automobile,jeunes actifs,Lyon,169763,28,497,53.11,2552227,77.13
cf695409-a196-4ffb-b4b3-98e885620ea9,Fresh&Go,luxe,touristes,Paris,356656,32,408,51.99,109338,41.06
926a7320-b668-4ffa-a801-332ff2b89b8d,Luxeor,banque,grand public,Toulouse,273396,11,151,71.07,1921986,52.02
0efcbbcc-7bec-444a-a06d-53eb967b9810,TechNova,food,jeunes actifs,Paris,123552,11,255,55.24,2080853,36.3
16fc22df-5ed4-453d-8900-b34cfa224cfa,TechNova,food,familles,Nantes,171130,37,138,69.96,2374241,61.11
63b06c1a-032f-426d-beec-3fb205be6c44,Maison Nova,automobile,jeunes actifs,Toulouse,498166,36,586,86.25,2670602,85.02
5748be08-d39e-4181-9d98-3c3c01054141,Maison Nova,retail,touristes,Marseille,310170,9,38,72.16,2076468,55.97
76b908ac-1c28-4b68-9a8c-0c4a782f1062,Luxeor,food,grand public,Paris,366204,43,47,56.19,1553122,92.63
13e671ef-07b0-49bc-9f04-97e6da71101b,Maison Nova,tech,touristes,Marseille,166523,3,115,67.77,799476,96.66
a8c07502-5009-4b69-94c9-cf2ee1a8bc0d,Luxeor,food,familles,Paris,86636,22,253,84.64,1538272,79.19
abf7c027-682b-4956-834c-4c8917aab4cd,Fresh&Go,tech,familles,Marseille,185552,28,78,70.02,2802530,104.73
3d38154d-7939-4b06-bf02-0c401c0b0059,Fresh&Go,luxe,touristes,Lyon,77620,26,459,46.59,664968,30.24
940cad4d-e82f-4126-92b7-1f8b0dc2c47e,Bellea,retail,jeunes actifs,Lyon,424032,23,588,91.86,3497955,110.19
85292a6d-fb41-49cc-bda2-c0a91f5bbe47,Carrefour Bio,luxe,étudiants,Marseille,297468,3,164,85.57,3491180,95.74
77e3a2d1-af3c-4e9a-8e1d-d5370bada000,Fresh&Go,tech,jeunes actifs,Lyon,152968,9,343,66.53,2582876,48.96
1be352da-84a0-4a40-a65b-ce0b61acd4ed,Bellea,food,jeunes actifs,Toulouse,247182,25,595,58.0,233926,41.95
bd1ac189-35ae-48e4-8cbc-fc8ac861b726,Bellea,santé,CSP+,Bordeaux,183292,10,223,80.9,1523888,113.71
40a1718a-2f47-4f10-886e-396402128017,Bellea,sport,familles,Toulouse,450406,19,58,97.04,1746116,77.88
c5d18241-5a89-4c64-a812-35a412f000f4,Fresh&Go,beauté,étudiants,Paris,102048,41,35,78.49,373726,91.23
3cbad1ed-ce52-47a3-89c6-ac743aac4b9b,UrbanFit,tech,CSP+,Toulouse,239477,39,21,66.87,3288423,67.87
adf2006e-de9a-42b8-8194-e8391f0fa6ae,Maison Nova,food,étudiants,Nantes,197037,26,279,86.84,2948908,112.54
90ba209a-d8b9-4d6f-987b-14107e76cd01,Bellea,banque,jeunes actifs,Nantes,483976,40,262,88.44,3183813,52.31
8722b035-6fe9-468a-a482-c905832e8f51,Luxeor,retail,jeunes actifs,Lille,142908,25,459,95.15,1773725,123.26
90154d89-4c9c-4776-a14d-3325a50ccee3,TechNova,luxe,étudiants,Lyon,370620,27,176,87.84,2863379,79.54
b3616bde-ee95-4bc9-93d3-be0ff15f8766,UrbanFit,food,touristes,Toulouse,101649,10,78,49.45,2384355,28.31
66b03ee6-fa58-46a2-a9c5-980565fba0d4,Carrefour Bio,santé,familles,Paris,10031,17,317,48.27,1360726,48.46
ed96cf64-5ce9-4566-a128-83a5c9343375,AutoMotion,santé,touristes,Paris,446342,5,353,73.65,1405300,120.72
820188f7-28d0-4acb-8214-2558643a1139,Fresh&Go,tech,touristes,Paris,488777,43,358,77.77,2052664,118.9
c7f40f31-4702-40af-996d-0d2b4fc44e46,TechNova,automobile,jeunes actifs,Marseille,149188,7,16,82.76,2983156,71.41
d46cbf4a-6e7d-4fe5-addc-3ef1ceab7b88,Luxeor,sport,CSP+,Lille,139348,27,106,56.63,2515617,51.24
a3abb98e-197f-4ae3-9d9b-849dac892dc9,UrbanFit,automobile,familles,Marseille,192301,3,275,67.16,102064,100.64
79302783-ad76-44c1-b6fe-def3a85aea68,Bellea,retail,touristes,Bordeaux,142402,17,341,72.21,3256895,40.87
b7441b8f-8413-4b91-9e5f-7b1c584b9e61,Luxeor,santé,étudiants,Toulouse,155461,23,401,71.13,2833690,112.31
21c35bef-5230-4572-b4ba-2336b6f870e1,Luxeor,automobile,CSP+,Marseille,246314,4,133,80.02,1863505,119.79
e862dddc-c4a5-4eed-a004-2cca2de9e6bc,Maison Nova,tech,touristes,Bordeaux,489547,40,337,57.08,1525323,88.47
f09255e3-66b4-4e9e-a86b-ca41fe1d9037,AutoMotion,luxe,CSP+,Lille,214094,39,207,90.26,840273,131.37
b6842c88-5ec3-4d4c-bf57-63abd5457d7a,Maison Nova,retail,CSP+,Nantes,111618,37,426,56.08,1650623,76.86
ef795b70-a93d-4341-82f5-c8807909a8b9,Maison Nova,retail,jeunes actifs,Bordeaux,187991,6,432,53.81,1541047,50.16
5f2461b7-326b-497a-92f0-dbca543a8269,AutoMotion,banque,étudiants,Bordeaux,249361,35,71,55.88,2789911,62.05
051039b7-b30e-4644-b0a2-e619d0e0013f,Luxeor,sport,touristes,Lyon,139860,32,526,55.57,386751,77.53
49cc3fdf-3d0a-4aaf-aecc-a6608dd1d174,TechNova,retail,touristes,Toulouse,452572,6,535,88.31,3028964,48.81
c47990f4-e7b3-469b-a893-e201142a33c4,Fresh&Go,automobile,grand public,Marseille,455217,34,220,47.32,902148,33.88
e713fec9-f4b8-4ac1-88df-37e37fbb0b59,UrbanFit,banque,familles,Bordeaux,413463,10,171,64.72,1269634,107.45
992fc0ff-b0ba-4008-a859-184a9f4e42a7,UrbanFit,retail,CSP+,Nantes,436292,18,302,97.84,444577,49.44
95675559-3767-4d03-9f94-acfdd244c296,TechNova,beauté,CSP+,Marseille,160449,22,254,67.55,699043,55.01
dc691b0b-2c73-4e3c-a94f-65124e03db6c,Maison Nova,beauté,CSP+,Bordeaux,77728,12,391,52.0,1461022,38.38
7f5623cb-f55d-418c-a1c3-bb6d81d45bfa,Fresh&Go,sport,familles,Toulouse,203894,15,306,97.33,2443206,147.95
99acc826-68d6-4878-9863-b5815a682303,Carrefour Bio,food,familles,Paris,375943,8,538,45.54,1711941,54.86
b1348003-846f-4cfd-b384-4b0fe9419dd2,Fresh&Go,luxe,jeunes actifs,Nantes,128070,27,324,73.83,1797941,73.51
6277ca6d-0c84-4dae-a446-154c3cf54327,Bellea,banque,touristes,Nantes,48044,41,354,71.8,922866,121.84
342fdc64-2614-40a6-ad2e-26755539706a,Luxeor,banque,touristes,Lyon,208518,6,493,70.43,2021364,62.48
36282566-4e10-424b-bb44-58ef2ff1bf3b,Maison Nova,luxe,CSP+,Bordeaux,447726,14,253,81.79,1027725,65.53
f11e682f-4627-4165-86bf-162c3165bbeb,Maison Nova,santé,grand public,Toulouse,79497,37,497,94.96,473863,151.14
c7058ef4-c923-40ac-a7db-3e361e945493,UrbanFit,food,familles,Nantes,193855,34,32,67.21,1025344,54.85
a42d8dc4-bac2-42e2-ae99-43038491968a,UrbanFit,beauté,touristes,Lille,10914,16,162,95.53,1225593,117.53
0d334269-ad71-41af-9f5c-902a18c0289a,Bellea,sport,grand public,Bordeaux,184802,21,276,79.07,1055003,85.59
b5fc2d5e-80d5-4f8f-b2c3-2d4e4afca54b,Luxeor,sport,familles,Bordeaux,218245,12,588,53.6,1970325,51.15
5f464cac-c370-46cf-82ee-51c6b65a8e85,Bellea,banque,jeunes actifs,Lyon,206966,32,379,63.42,2755965,59.8
f12f7f60-5a89-45da-afe3-43499deb63ee,TechNova,luxe,étudiants,Nantes,14079,29,76,66.7,1078774,48.7
fe0ea116-b648-48d7-8f8b-d9ab0047fc69,Fresh&Go,tech,familles,Lyon,358085,43,574,64.51,1474918,51.98
9ab1506d-a425-422e-882f-91893f4e7dcf,Carrefour Bio,beauté,touristes,Marseille,298491,32,264,86.13,339893,83.84
45100953-dfff-4dfe-83e9-d24acef3ed57,Carrefour Bio,sport,jeunes actifs,Nantes,184725,24,543,89.14,466605,53.66
0a0ee2ba-a2b7-4c96-a1e8-09316354ed86,Luxeor,beauté,jeunes actifs,Marseille,253250,41,22,60.09,2881438,66.37
9b4d8c53-07a8-4242-9398-a5a92faf3a2b,Maison Nova,retail,étudiants,Lille,99554,34,218,77.74,1368468,80.01
416b90f7-c9d7-449f-a530-ca3066e20437,Carrefour Bio,retail,CSP+,Paris,343680,12,425,54.17,997577,49.17
60ec7a19-bc58-4e82-bfbb-ed84c72d7282,Maison Nova,automobile,jeunes actifs,Paris,40775,43,344,60.77,2820878,99.72
a29069af-e1fb-4ccd-aa5c-f33fcf92c53e,Fresh&Go,automobile,CSP+,Marseille,362615,25,355,78.34,300748,95.45
2dc29662-8978-41a7-8529-95e229655fa9,Maison Nova,sport,grand public,Paris,67840,9,464,63.64,368862,76.72
e519aa09-e09f-4882-8b0c-3419302991fa,Bellea,sport,touristes,Lille,170525,26,100,85.9,2304395,131.9
47fa5927-bee1-465f-bf74-b70ccd57116d,UrbanFit,tech,CSP+,Lyon,323957,12,490,50.83,2575063,67.46
f21b0705-a085-4422-b87e-b82efacd57b7,Carrefour Bio,food,CSP+,Toulouse,417246,19,558,51.03,2538221,79.92
85921a0f-b346-43e9-adee-7d22ceaf910e,Luxeor,sport,jeunes actifs,Marseille,409101,43,244,67.36,755663,111.1
35668b39-3f5a-4e89-92dc-b0cbb2306fc5,Carrefour Bio,tech,jeunes actifs,Lille,200568,18,120,83.47,1829361,125.62
1e2a2b64-8414-4e7d-9e31-9f6225875059,Carrefour Bio,luxe,jeunes actifs,Paris,138943,31,27,91.29,3492057,94.24
5c963334-df9e-45be-aba5-a50100cff3d4,Luxeor,food,CSP+,Lille,55609,15,529,65.88,1969161,110.85
aa1213e7-aed8-4ac9-af47-a75610e732dd,TechNova,automobile,étudiants,Bordeaux,436173,4,121,58.17,3329432,61.6
d63bde25-ec35-4e8f-9bfc-ad125a37675b,Carrefour Bio,retail,familles,Marseille,311968,44,79,61.97,433615,60.72
2ea64971-fdfc-4d46-98f1-6d2eb5170066,Bellea,luxe,étudiants,Marseille,48698,8,498,52.63,1206766,26.5
35a18455-00f0-448f-9b6b-a092defa9578,TechNova,automobile,grand public,Nantes,497328,25,594,91.69,2413821,99.72
dc1cdaaf-aec0-4796-9001-c75039dd9fe9,TechNova,luxe,familles,Lyon,450662,44,158,79.75,2917203,62.56
1522d006-77bc-4994-b59b-239e6e237c2c,Bellea,food,familles,Lyon,169224,19,286,50.53,2657825,42.9
0b058f9c-f29c-440a-a13b-624bba1c58f1,Bellea,tech,étudiants,Bordeaux,5275,45,367,93.2,1288339,158.23
769eba61-fc42-4d92-8e5c-66bfda71d0e5,TechNova,beauté,touristes,Paris,34014,30,516,95.61,823508,75.04
531c36af-3c3f-4a8d-9db8-e67b5075968d,AutoMotion,tech,touristes,Bordeaux,198985,26,589,83.91,482195,104.9
009ce5a5-eac4-458b-ba8f-0199dcb8bf2b,TechNova,food,grand public,Bordeaux,38251,18,600,87.37,144389,59.08
1b238e4e-5b05-4a60-ae9f-6599314a79f9,Fresh&Go,santé,touristes,Toulouse,275320,25,178,74.78,2734274,63.1
04ac0148-b1e1-477e-85f0-72827e7c9ad4,Bellea,beauté,étudiants,Lille,407425,16,468,46.73,3363606,77.41
e3604c28-1fc6-4f44-969b-c6e81efda693,Bellea,retail,CSP+,Paris,290594,27,355,87.8,2961324,106.99
0489ca22-4efe-4bf2-b7cc-39d9fd931d66,UrbanFit,sport,familles,Nantes,6684,32,563,48.86,1083985,41.84
918a7edb-af0e-4779-9da3-6d23ea52f2e2,Carrefour Bio,food,grand public,Bordeaux,338088,23,443,59.76,985792,96.75
b47f6025-7735-40d9-9511-47789c8ef84f,TechNova,automobile,jeunes actifs,Paris,469512,36,208,91.12,2068386,53.2
a5b8ee00-e5f7-4b71-8adc-f1fa3d614f4e,Bellea,luxe,jeunes actifs,Marseille,39574,12,507,65.99,1744842,55.15
4a22c7b1-5587-4e09-8798-8438ca518d03,Maison Nova,sport,CSP+,Lyon,22391,25,400,67.93,145465,64.81
2d9fb555-42cb-42d9-ba58-354a25fbef7a,Fresh&Go,food,jeunes actifs,Lille,481547,20,470,93.31,1068817,157.72
ed4afe04-4af0-4b2c-8d28-cafcc2e3f8ab,TechNova,beauté,familles,Bordeaux,378109,18,94,68.3,304913,102.23
6eacfdb0-c82a-4379-88b0-b3a5e27995a7,TechNova,beauté,grand public,Toulouse,230366,3,566,66.7,3116243,81.01
3ade7e50-ca5f-41c0-9fa0-0f3dada03c2e,UrbanFit,santé,touristes,Bordeaux,354655,40,595,90.74,2490113,122.32
baff13fd-1d23-4da6-8c79-895da66299f8,Fresh&Go,sport,touristes,Paris,343069,32,423,93.14,3113410,124.69
c6655ea2-fd61-471c-beb3-5a4253dc30e1,Luxeor,retail,CSP+,Lyon,50876,10,80,65.02,630054,85.19
6cec937d-efbd-4b96-9597-59e054fac4a3,TechNova,santé,CSP+,Bordeaux,19464,6,447,73.92,2107448,46.42
415cf457-8516-4de7-9d3e-58d86145d5a7,Bellea,banque,touristes,Nantes,131322,4,508,58.81,47477,72.35
1e1296e3-034a-482a-a3dc-667b2b1bd90f,Luxeor,retail,familles,Marseille,407572,5,73,48.19,2537702,40.52
0e181c24-e56c-4d9e-869f-beb8e6df5284,Fresh&Go,automobile,jeunes actifs,Paris,147974,25,78,86.72,2369750,137.58
bd8d1615-54b8-4159-b4a5-98f8b206ba00,AutoMotion,retail,grand public,Lille,494579,4,88,65.7,1150132,93.01
3274c26c-2d3d-4f52-bf8e-ac65d29ff3ad,Fresh&Go,sport,étudiants,Marseille,241934,21,525,62.04,1394458,80.5
da7cb32d-dfb7-4497-b3dc-936ccb694eb9,TechNova,beauté,étudiants,Toulouse,6423,24,253,94.7,3368542,117.99
15b871dd-5875-4695-94f1-9c46a5671467,Fresh&Go,banque,jeunes actifs,Bordeaux,471297,32,287,85.61,2364956,140.61
4c5f945c-8088-44f1-8f80-06292bb13665,AutoMotion,retail,CSP+,Bordeaux,451092,15,436,45.65,1829281,23.04
f8641d5f-6642-4893-9c83-0146ff518d9c,Carrefour Bio,beauté,grand public,Lille,488460,37,308,53.34,3222923,29.14
43e0b88a-32fb-4dfd-936b-d7f2cfbe8940,Luxeor,automobile,CSP+,Paris,421604,15,96,91.24,36759,82.53
294b4fdf-136e-40ee-b41d-454104d3891e,UrbanFit,retail,jeunes actifs,Toulouse,377500,30,464,95.52,731272,99.1
0ea6f024-c9e3-406a-86da-df5a52d006b9,AutoMotion,banque,étudiants,Bordeaux,219246,18,174,59.55,2116774,78.16
11c1b7d9-6383-4da4-a4b1-57610224a7c3,Bellea,automobile,touristes,Nantes,397889,41,158,50.51,2153935,79.47
7bce5cf3-5563-41c3-b28d-d54612c1824d,Luxeor,beauté,grand public,Paris,109848,38,546,81.37,2779318,104.33
18bdc7f4-1e0d-467e-9fc9-0063bae40b0f,Carrefour Bio,banque,étudiants,Nantes,416805,16,281,75.51,2221691,45.01
79813543-b131-4bbb-a2e1-2e7ffeb49436,Fresh&Go,luxe,familles,Lille,414880,24,277,82.04,2124191,58.42
9018e083-02d6-4c1a-aa60-96ac06aaa101,Fresh&Go,santé,familles,Paris,119380,36,552,61.28,1482871,72.38
ce1ae678-0ba6-4c4c-86f7-4397a369be7a,Bellea,sport,familles,Paris,282136,21,269,46.65,1831688,68.48
c2953c49-d0ef-4230-90c9-cc6b0f4e4fcb,Bellea,food,jeunes actifs,Toulouse,196169,30,33,48.25,1867586,75.42
4ce6127f-60d4-4619-bc9d-4eecbccdf353,Maison Nova,retail,touristes,Nantes,336284,43,270,81.39,1492594,98.59
2d2ddf0b-9d4f-41bc-93de-b2af15cbe258,AutoMotion,retail,jeunes actifs,Toulouse,489452,18,371,56.69,2760399,82.26
251a8268-1660-4e7d-b003-967cd0d4cf69,Maison Nova,food,grand public,Marseille,342121,10,344,85.06,2884999,73.16
81ef0b70-ccbc-440f-a3cc-ac9486a259b2,TechNova,banque,familles,Bordeaux,40245,13,354,90.11,2339883,50.85
f48194e7-61ec-4305-8a95-0daff75a01b0,UrbanFit,santé,CSP+,Marseille,252407,25,384,59.7,1722562,33.61
88d3fa6b-75ef-4481-aa1b-b73c54fdccdf,UrbanFit,beauté,jeunes actifs,Lyon,441749,44,411,46.57,2591218,43.58
3a849763-3499-478d-ae9d-533d30fe3532,Fresh&Go,food,touristes,Lyon,471512,25,184,87.3,1137332,82.05
abac7e73-5a9e-42d5-b17a-55e3d5412d77,Carrefour Bio,luxe,étudiants,Toulouse,210282,37,81,95.35,1064313,67.82
b3dce3ad-adf1-433c-8a43-1ab4030fcb58,Bellea,sport,jeunes actifs,Bordeaux,270020,34,531,47.98,3405722,72.98
122db1c8-50d1-4170-9f0d-b6996807aa40,UrbanFit,automobile,étudiants,Lyon,86019,25,66,94.66,2539493,125.78
2eef09fd-631c-49a6-9344-f2d21ea7df73,Luxeor,food,jeunes actifs,Marseille,23171,19,18,54.01,1572349,49.28
840beafd-f7f0-456e-9142-9baa1ea93c8e,TechNova,beauté,étudiants,Toulouse,22298,13,506,83.71,573458,41.97
c718cef7-9216-41cb-92a7-f76a253dd4a4,Bellea,banque,touristes,Nantes,165857,33,31,70.6,273443,68.58
673c4f8d-04d0-412b-9415-5b0b38dacd6f,TechNova,beauté,familles,Nantes,70230,13,298,64.97,2929904,38.1
3f582b46-0295-4ab9-8c7c-7be6b2fbe73a,Maison Nova,automobile,jeunes actifs,Paris,494832,15,208,72.77,2588424,111.8
e509015d-010f-4a1d-8cdb-41ef4fb029aa,Fresh&Go,beauté,jeunes actifs,Nantes,286576,36,365,67.17,3432786,70.83
b13a46ad-b6c9-473f-ba60-953299936b91,UrbanFit,santé,CSP+,Toulouse,65507,7,349,84.75,1110036,99.76
7e0fe78c-105e-4597-ac4e-01043eeb9387,TechNova,santé,CSP+,Lille,397739,34,574,88.11,665689,87.8
723647ff-89f6-4708-921e-8e9deccc0d6b,Fresh&Go,banque,étudiants,Paris,207781,32,181,54.78,1200807,85.09
adc1e097-c857-4a24-9e93-b1070fa4da83,Fresh&Go,luxe,jeunes actifs,Lille,59520,26,161,79.52,1231648,57.45
64ab7c36-b73f-40b3-ad9d-eda03db03e53,UrbanFit,santé,familles,Nantes,281893,10,374,66.09,412271,36.55
900aee09-e18b-43bd-b5db-f0424611636c,Luxeor,food,touristes,Toulouse,58134,12,115,52.43,2818836,81.33
254563f3-b1f1-4b65-a144-f7053ac50b3f,AutoMotion,banque,jeunes actifs,Paris,146556,39,164,69.25,2557762,58.29
da4cfc46-fb17-484a-b2ec-a3e7e12d51a3,Luxeor,automobile,CSP+,Toulouse,385748,20,584,92.41,66311,52.4
199a6698-122e-4553-b6c3-2cb53c6c4c72,Bellea,sport,grand public,Paris,40368,14,229,79.55,525949,72.0
8c6fda4e-8e3b-4c32-b79f-c7b795a99c1a,Bellea,automobile,grand public,Lyon,148808,14,574,71.37,461129,78.2
441bffe5-86f2-475e-8a9c-a34cf3a8254a,AutoMotion,food,touristes,Lyon,333604,41,45,93.57,524822,62.47
caee2607-0dfe-4522-b268-f3403a89e1e9,Carrefour Bio,sport,familles,Nantes,347951,7,278,79.68,3356779,59.68
312cf77e-6f25-43ba-b74e-85dc91d2b413,Maison Nova,banque,CSP+,Toulouse,259074,15,369,56.4,174655,56.36
60b20e08-d24a-4555-a545-26c5d89fcaf5,Maison Nova,banque,jeunes actifs,Lille,252862,7,366,89.28,1643997,46.68
261b33cf-011e-404b-a339-7b41e7a8f3fe,UrbanFit,retail,grand public,Nantes,73472,5,469,73.31,3209101,87.29
f83e1460-bd2d-4be7-adda-dfe5d1fc80f7,Luxeor,beauté,CSP+,Lyon,18724,32,517,91.28,170528,115.23
4bcfaad8-f2f9-48f9-aff0-2f6fb8e9cb61,Carrefour Bio,banque,touristes,Lyon,231671,34,542,47.58,3292683,36.66
70a8e0e5-0bce-4eeb-890c-9b671a55e051,Fresh&Go,food,étudiants,Toulouse,368438,28,190,58.52,186207,43.53
df3ae2db-1f19-4be0-9c57-1d7ffcebe12a,TechNova,food,CSP+,Lille,326122,11,326,94.81,3086568,57.26
032db14f-efc5-4971-bfb5-9f40584b2e35,Fresh&Go,santé,étudiants,Toulouse,363655,28,316,59.46,2608172,43.68
5af3ecb3-1e1c-439e-90d7-5638789afc3b,Fresh&Go,santé,familles,Paris,491767,10,30,71.79,2953116,105.45
8519a57d-7e32-4b71-9533-a87bf70f279c,Fresh&Go,beauté,touristes,Toulouse,349572,6,60,53.6,915209,66.96
b3d7bd87-828b-41c6-a7f1-5635e1ece657,Carrefour Bio,banque,jeunes actifs,Nantes,91978,37,270,57.08,1332594,84.22
64b09f99-ec02-4f97-9096-5380ec29dd02,UrbanFit,tech,grand public,Nantes,157958,28,268,60.16,538813,80.88
8af3a6b6-a554-4534-b87e-a8e6ec612b4b,Luxeor,retail,jeunes actifs,Lille,91694,18,511,60.02,2630960,75.6
59ba1050-d439-48b0-8ac0-42896c569b7a,Luxeor,sport,jeunes actifs,Marseille,149701,15,427,80.01,2896888,123.72
aeac1271-95e7-4e37-8a6b-2d9d7f52b00b,UrbanFit,automobile,jeunes actifs,Paris,353617,18,205,83.92,783119,69.47
753028e2-1b51-4031-9368-90107b5957de,Fresh&Go,sport,jeunes actifs,Lyon,463337,21,455,46.67,1801342,63.8
a5a9d585-a940-4391-8877-6b235d314410,Fresh&Go,tech,touristes,Lille,47186,19,175,65.72,1363092,61.86
ca8e8af8-d9f3-4104-aba6-41eebb46f8b6,Bellea,food,grand public,Lille,238905,26,35,92.17,619509,153.75
40a3694f-1aca-48ed-82f1-149211c21e89,Maison Nova,banque,jeunes actifs,Marseille,473413,5,197,70.94,1720541,105.5
f8ab09c6-4880-46bf-9aa3-97729e65a388,UrbanFit,luxe,touristes,Marseille,402645,26,12,94.58,448722,125.63
3598be18-6742-4c18-9eda-813146ab6f2f,UrbanFit,santé,étudiants,Marseille,477866,27,553,45.02,340438,65.48
b54da5db-440f-42f8-a00d-8ac7e6e7794b,Luxeor,sport,CSP+,Toulouse,311814,43,572,95.95,2217711,72.8
53775a28-5b32-4526-b453-d7a91f11cf6d,Maison Nova,automobile,étudiants,Toulouse,456850,22,453,96.08,1904628,115.23
2c36c929-bc0c-4d64-935c-754716d5e235,Maison Nova,beauté,touristes,Nantes,81972,11,550,80.1,3016738,130.59
97f68fad-0987-4a9d-9ef2-8ff7d3eea80d,Maison Nova,sport,jeunes actifs,Paris,284943,27,55,59.29,2219917,48.85
da2cd4b7-f410-4a2e-bf28-f2d9113256fd,Luxeor,luxe,jeunes actifs,Marseille,382739,43,322,79.38,404734,42.79
6f0a3ff9-95e8-4566-9a88-3989f345b1e2,Bellea,santé,jeunes actifs,Paris,459582,44,357,83.55,3401394,101.09
a7693371-d1e3-4d9d-b654-3ebbf50513b9,Maison Nova,beauté,étudiants,Bordeaux,372816,9,159,49.38,3162714,83.35
c3436461-ee76-45ef-863b-cb2285082ec2,Maison Nova,sport,étudiants,Toulouse,290772,13,29,66.57,1224279,97.84
25d785a9-1cd8-4c94-ac4f-0ee1e71f3314,AutoMotion,automobile,grand public,Nantes,119911,9,551,78.24,279654,53.14
c3db0073-54a6-4d00-8241-359e99c35aac,Luxeor,sport,familles,Marseille,205870,38,534,69.29,1314368,59.64
26e6fe9e-3523-4ee8-84a8-e1a4e1d8f5e1,Luxeor,food,étudiants,Bordeaux,429492,22,499,82.11,3446601,55.62
738821fa-a073-4e60-ae2e-b758b74872e0,Luxeor,sport,familles,Paris,401455,35,545,55.83,1568688,79.65
114668e5-122d-4442-b18a-428333d08110,Luxeor,sport,étudiants,Lyon,312279,10,511,96.24,1734856,77.46
fa854af9-8620-41bc-8719-9befc2e4f118,Fresh&Go,food,familles,Marseille,380263,14,569,72.33,3461095,116.62
1579563c-ccab-47c1-a8c9-8bdc82ad6d23,Bellea,automobile,jeunes actifs,Marseille,280825,25,231,96.59,2863825,144.71
4e9bdfcd-7178-4881-8bb4-618f15d8e46f,TechNova,tech,jeunes actifs,Marseille,212422,37,115,91.5,600595,89.02
1fd5980f-5c90-43ba-9361-9c69c3cd833e,Maison Nova,luxe,grand public,Lyon,414199,29,537,65.61,160060,53.32
99f1fd1b-afa1-46ef-95bf-e826f424f507,AutoMotion,banque,étudiants,Lille,478722,6,214,48.04,1148269,46.83
6ba74c2c-62fd-4b95-aeb7-52bb065c5c81,Fresh&Go,retail,jeunes actifs,Nantes,290315,32,568,80.39,2086061,41.98
b9a3d6e3-5455-484e-b120-ecc2711e3a8a,AutoMotion,tech,touristes,Lille,300583,25,230,93.84,1531283,126.1
0f959772-ec47-4d0f-a5a4-1e12c8ccb7e1,Maison Nova,santé,touristes,Paris,104926,18,498,73.77,1147224,76.2
57e11baf-ab16-43cd-bbf2-1bb2bac32187,Luxeor,luxe,familles,Bordeaux,223688,15,471,51.27,2541841,39.69
68b109ad-a0fa-48ec-9468-536d1a57ca73,Fresh&Go,sport,familles,Marseille,202164,45,577,75.93,1854499,57.09
ce766a8f-8301-4c7d-a73d-70d092b9cfdd,Luxeor,sport,touristes,Bordeaux,420986,44,52,60.52,2196371,31.18
79aee02c-cdb7-423e-957a-aeb6932d5b9a,Bellea,luxe,jeunes actifs,Nantes,260748,6,575,75.0,2847882,122.09
58359825-0189-403e-ab08-e37863a56ed9,Carrefour Bio,food,touristes,Bordeaux,199847,9,380,73.57,1992858,58.09
3b3d3ab4-a414-45cb-8471-cbea908eb257,Bellea,banque,étudiants,Nantes,141008,11,176,70.46,3290045,108.78
dde66799-04f1-4e73-867f-37e87b693e67,TechNova,retail,jeunes actifs,Bordeaux,263531,36,496,46.99,2387414,66.32
c1ea60bc-a529-4334-8add-9a5262db6449,UrbanFit,food,touristes,Lyon,212892,9,463,88.78,1387873,50.43
2603e3f3-7867-43b8-b737-f476877e5227,UrbanFit,retail,grand public,Marseille,179676,20,92,92.45,449683,106.1
58f08c6a-6998-4508-822a-0d069db18d7c,Bellea,food,jeunes actifs,Bordeaux,337063,31,104,83.95,754374,60.84
bb43b5b6-5452-4c52-9404-04b5b09da2c5,Maison Nova,banque,jeunes actifs,Paris,49690,14,37,72.2,3000789,116.15
c858bac0-e0a5-46ff-b7c3-0d7801bd950a,Carrefour Bio,retail,familles,Nantes,321291,27,551,82.15,3291130,84.02
69815e08-457b-4a81-81c3-62957b60e629,Maison Nova,automobile,touristes,Paris,75151,33,457,94.28,2552069,101.43
b40397e4-48da-4871-864b-2e9dec0c30d3,Fresh&Go,santé,grand public,Bordeaux,114553,14,350,65.49,2900509,43.77
abaeb166-4cf3-47f9-b1fb-22394cd8a974,Bellea,santé,touristes,Paris,437221,10,60,75.22,1042183,124.68
941323e4-a870-4305-93d1-c8c1cb253eab,AutoMotion,automobile,étudiants,Lyon,446330,16,445,97.2,1830393,127.42
ab6b6de6-9a87-4cee-8f86-1f401b0f8d61,Maison Nova,automobile,CSP+,Lyon,156433,41,45,86.29,2117395,71.01
44b0e2b6-05d8-4226-b0de-cfb5dad8075f,Carrefour Bio,beauté,familles,Toulouse,143112,15,332,83.93,558289,73.39
5db658fd-cd54-4481-89d8-dce49cd8f33b,TechNova,automobile,étudiants,Lyon,303362,28,332,72.57,1715350,59.28
1906f192-85e9-43f9-916b-33263b003093,Luxeor,retail,grand public,Nantes,239709,8,554,70.49,408963,117.75
3c79a307-6a6b-40cf-825d-09fe097801f2,UrbanFit,automobile,familles,Toulouse,202758,25,297,61.76,1330869,80.8
53896328-07c1-4666-849c-468ad8703b67,Fresh&Go,tech,familles,Nantes,390100,38,253,67.02,840678,59.38
a7045498-d423-4d02-b859-d3169d1b3343,Bellea,santé,étudiants,Paris,453677,23,453,66.41,2155716,83.93
290adcac-98ee-4cee-85a0-8954afea56b1,AutoMotion,automobile,jeunes actifs,Lyon,393027,23,490,53.63,1405339,50.03
dd6cdd9f-2c3b-47d6-8014-b35244f8c4c4,TechNova,food,touristes,Toulouse,101273,9,192,85.4,2449561,69.78
2d06ebd9-9381-41cf-8782-45fa70b2dcd6,Maison Nova,luxe,touristes,Toulouse,176608,39,574,65.0,705059,95.33
7f11af65-a643-422d-97d2-a52edfabdc8c,AutoMotion,tech,familles,Toulouse,18128,4,20,51.17,2092229,80.41
a992224b-f2fc-4e4f-a3f6-2fcdce576c56,Fresh&Go,retail,grand public,Lyon,151283,45,544,59.72,1439756,74.47
cc0f2abe-aaff-4f00-9c63-6d19dc9f3ce6,Maison Nova,tech,familles,Lyon,436878,29,270,69.8,131669,48.66
fca68f7a-27db-478f-aebf-649ad80dbfda,TechNova,beauté,CSP+,Nantes,163563,14,61,76.07,2838456,53.05
257c8fb1-c664-4509-908b-9975345900ac,Bellea,food,CSP+,Marseille,433642,23,249,85.08,2828950,56.33
a15c2f1a-870e-450c-93fd-bbd6bff540f2,Maison Nova,luxe,touristes,Marseille,188751,8,303,45.99,3222512,48.27
cc6cdb45-8d23-4394-ae2b-5cedc00734c9,UrbanFit,banque,étudiants,Marseille,120122,13,557,71.77,2944903,69.76
fa22fb6c-ba7f-4bb1-8972-39eeaebe1efd,Maison Nova,beauté,jeunes actifs,Bordeaux,317412,19,568,96.53,2698024,126.87
376a938c-f6f4-4729-93d1-d559b1b7c3aa,Luxeor,santé,jeunes actifs,Nantes,450942,42,325,48.78,1227341,54.76
cc129792-8aaf-4f9f-b9f0-7a6a8817383f,TechNova,banque,CSP+,Toulouse,270380,34,170,91.54,3363456,80.78
811abf4a-e8d4-487a-aee0-b6d58d0c1be9,Luxeor,automobile,CSP+,Toulouse,270743,24,289,47.06,1456284,27.22
e2377460-66bd-4e51-bbbf-432387d3b8a5,Maison Nova,luxe,familles,Paris,240617,39,149,88.68,530761,82.41
40f9401b-ec13-479b-9e03-6867de26aee1,AutoMotion,tech,familles,Bordeaux,68951,23,201,60.56,1217972,31.95
2ed73843-2ec5-4305-9c19-e91ffe92eb07,Maison Nova,santé,familles,Lille,422324,5,556,46.39,488554,67.75
d9a23433-b6ba-4bcc-a154-8fe9db20f2ec,Bellea,retail,grand public,Nantes,139750,39,178,62.3,1875630,44.04
412e8154-5f2e-4ebc-83c8-cdf2e5ab95c4,Luxeor,santé,grand public,Marseille,411075,33,449,58.71,2637974,37.46
7332223f-54f2-40c3-8bd7-0373e6394f9e,AutoMotion,sport,CSP+,Toulouse,152513,14,94,89.21,701598,66.92
90f419a5-9da4-442b-8828-2c12258709bf,AutoMotion,retail,touristes,Nantes,161919,42,497,65.45,1490863,73.39
d8220451-7468-424e-90e2-60745a1a9e21,Bellea,food,étudiants,Lyon,43057,7,592,70.05,2016186,48.61
4690d97a-a1f1-48b1-9b5b-38efd1c7fb24,TechNova,banque,touristes,Lyon,343700,32,75,58.51,1832347,67.75
81364372-e46a-4575-aad5-d14eb22b50b0,UrbanFit,santé,étudiants,Nantes,462307,14,188,64.12,3004365,52.14
d20349c7-12d4-4714-8fc4-318c23324763,Bellea,retail,familles,Toulouse,399889,43,95,53.75,129213,78.92
d108c166-0f27-4ac6-af50-9860510f76c9,TechNova,automobile,familles,Bordeaux,179478,41,527,69.05,3115079,66.16
801ab28c-d73e-4122-b4a1-ee65dc978233,Maison Nova,retail,familles,Lyon,338999,35,552,65.85,1595714,65.4
e3a250da-1fc5-4ff0-a556-3f9e86031f56,Maison Nova,beauté,grand public,Paris,24166,16,346,95.9,420988,157.4
508f8d0f-ceb2-4523-8b95-21dc0023752f,Maison Nova,banque,étudiants,Lyon,88521,17,216,70.64,487123,81.56
a98c7160-ec21-482d-a8dd-8de0c6e60c2b,Carrefour Bio,banque,familles,Paris,470518,33,258,56.19,1900236,70.5
45a41b3b-22a6-4b69-9b59-d57e2a4c58ed,Fresh&Go,sport,jeunes actifs,Paris,305859,20,543,68.34,2740999,52.36
c7ea2a0b-ff3d-4d03-8d8b-622424301198,Maison Nova,luxe,étudiants,Lyon,208347,44,336,45.3,1451579,36.84
165f0950-8f32-4b7e-991e-1b5531b52387,TechNova,banque,CSP+,Paris,300263,24,348,73.87,1074286,50.59
ad806ea9-d11d-4747-b1f2-dceffae164bf,Maison Nova,tech,CSP+,Bordeaux,36258,6,388,75.51,2382343,50.99
3af6e5de-7fcd-4fe5-ae83-b51e09052971,Fresh&Go,retail,touristes,Nantes,256959,27,431,72.08,515363,61.83
44990579-335f-4ea0-b6bd-e94c0a1d78f9,Maison Nova,banque,familles,Lyon,344737,7,540,60.11,777477,92.71
84015e61-67ee-4dfc-972b-7c4c904a5514,Fresh&Go,automobile,touristes,Lille,246535,34,496,66.98,2188940,73.51
2af1586f-9d05-433e-bf36-91bd476f6af3,Maison Nova,food,CSP+,Lille,337991,43,493,47.55,1030500,56.67
81d1f391-c6f3-4853-a332-728885b0ff06,UrbanFit,sport,étudiants,Lyon,276258,20,110,80.84,875458,108.99
80d07404-84a8-4253-b69b-c8596dec1404,AutoMotion,retail,CSP+,Bordeaux,110387,25,264,76.13,490896,117.71
7731533a-6f68-4c32-bd7f-7ed2c1e24536,Carrefour Bio,beauté,étudiants,Lille,226492,16,226,47.9,1272626,41.87
efa1b644-6b0b-4346-9476-62533aba5514,Fresh&Go,tech,touristes,Marseille,474071,43,62,90.87,3281577,74.38
d4fc596a-91a3-4478-a34f-691236bef644,Carrefour Bio,banque,familles,Marseille,420297,3,533,68.82,3020948,109.12
167f4712-7761-4b57-950c-8ead988eee13,TechNova,food,touristes,Toulouse,300462,25,171,83.17,475096,63.82
bc7bb01e-334d-4e24-8910-6d05949f7c35,Carrefour Bio,banque,étudiants,Nantes,56676,19,485,56.54,3438828,64.12
d6bb78af-285e-4a7c-b8d6-86df7093779e,Carrefour Bio,tech,grand public,Marseille,270461,25,335,97.92,225968,58.1
aca8f613-8dfc-4dc8-b8cf-5eafe1fa0239,UrbanFit,beauté,CSP+,Toulouse,484602,12,517,76.35,229760,72.2
842d6bbc-bc62-41b0-9e14-90aaf694651e,TechNova,beauté,touristes,Marseille,353822,40,421,68.88,1536220,114.45
2520babf-823f-4a3e-b290-b526017f0add,Carrefour Bio,food,touristes,Bordeaux,130292,37,375,54.8,2259371,89.42
ec2530d6-583b-4696-852d-96545dcb9fb1,Fresh&Go,luxe,grand public,Bordeaux,446342,20,88,69.53,1877263,105.02
c0176a27-7b39-4878-b41f-b1a54caa9434,Bellea,retail,CSP+,Bordeaux,288387,37,165,94.81,2099362,133.03
06e72b90-b64f-4c76-a2ab-a9b3a17cf88c,Bellea,santé,grand public,Lille,417866,35,43,84.49,2841473,139.2
196c66a1-21c8-42f9-a5ed-4f36ee417d89,AutoMotion,santé,touristes,Toulouse,285030,43,316,74.98,2183306,125.09
ecda1ff2-415c-4569-80a1-6e01cfe60a42,Carrefour Bio,banque,touristes,Marseille,392453,39,515,57.09,1042036,49.02
c7e7350b-3442-4795-945a-d063c4132086,UrbanFit,beauté,étudiants,Lille,201673,35,98,59.96,1179437,33.87
0d3b931c-011c-4766-b1d8-16fdb83e16ff,Fresh&Go,sport,grand public,Nantes,282433,36,452,64.49,1553191,37.76
99823d01-6138-4471-83f6-f747bc405661,Fresh&Go,luxe,CSP+,Lille,380089,36,44,88.46,201861,72.88
229c0429-64be-4f3f-8ed6-c7ace4a56073,AutoMotion,food,CSP+,Lyon,27312,6,272,66.26,728283,74.48
bda7fb48-e1b3-43d3-96b7-cf5f5d6f5f31,Carrefour Bio,santé,touristes,Nantes,163654,22,58,96.18,3488194,145.69
ba10eb23-6e87-436d-b8e3-170c64978ef9,Luxeor,automobile,étudiants,Paris,362930,4,139,66.52,3253218,93.25
39efde84-c3f1-4645-8765-13a757f0fbf2,Luxeor,banque,CSP+,Lille,198709,4,600,89.74,3349876,62.0
22a7708f-cb52-44e0-a450-ebe1a4d74650,TechNova,sport,familles,Bordeaux,401646,5,203,57.35,3011218,81.86
75d854df-5c9b-47ee-864c-dcd0af6d8101,Carrefour Bio,santé,étudiants,Marseille,324793,12,406,52.54,2129738,47.8
29eb3e47-af07-4639-b9df-ca79466890ce,Bellea,banque,jeunes actifs,Bordeaux,55848,17,257,46.97,2112264,36.5
8011b7de-a917-4d08-a04b-2ae07adcb32f,TechNova,banque,CSP+,Lyon,494072,45,388,90.49,438244,94.92
7e87c61f-98b8-4b6c-8dd0-d7cdf6ddca61,Carrefour Bio,automobile,jeunes actifs,Lille,370656,10,446,94.26,2176711,82.23
d0147cd3-1317-4b74-a6d0-a9b52dbafae7,Bellea,retail,étudiants,Lille,337281,24,371,79.21,1155323,103.53
69b73392-d72c-4a34-bffe-c637a2d37897,UrbanFit,tech,jeunes actifs,Bordeaux,327064,31,414,47.71,3204780,57.36
268a1d40-a4d6-4f04-b215-1fd4e9c911c6,Bellea,automobile,touristes,Nantes,106546,15,394,52.85,2988396,62.54
21f956fe-740b-4755-84c3-cba3088c47e4,Maison Nova,banque,étudiants,Marseille,279651,11,353,92.97,1423283,70.33
e4a8074d-32cd-4789-8e98-b3277019dc1c,TechNova,food,étudiants,Marseille,139510,19,438,89.23,709942,110.35
440f6f87-63ff-4337-8ee9-f7f45f15e1ad,AutoMotion,automobile,étudiants,Marseille,333598,33,101,96.79,1687899,52.54
07a64dbe-4841-4fb5-91ff-2e162fc41adf,AutoMotion,santé,touristes,Lille,365108,6,35,58.09,2002002,89.34
bac988bf-4ce5-4fed-94ca-db52b84f51ea,Fresh&Go,automobile,grand public,Paris,76837,33,488,80.29,1326224,72.21
591c79ea-6656-488c-8a17-1cff7d9b7733,Bellea,beauté,jeunes actifs,Bordeaux,118248,18,26,58.98,3100239,41.11
4f3ea7dc-5559-452c-8bef-105e6bc4cdda,AutoMotion,food,grand public,Nantes,498315,44,98,93.55,3304882,144.5
6c5cbc4d-00e7-461d-8991-1e2f91f45171,UrbanFit,retail,étudiants,Marseille,323195,8,446,82.72,701797,91.93
df33c02c-0be9-4851-ae2b-57132be45880,TechNova,food,grand public,Lille,427332,35,95,67.17,2951785,79.08
ef71d595-26be-4823-9196-41225d169e6b,TechNova,automobile,touristes,Nantes,304713,14,172,72.41,1135752,67.99
d35e2c91-f994-4781-a195-227fedd1c262,UrbanFit,sport,familles,Paris,200503,29,259,88.74,755587,109.34
5461ee3f-f2be-4b46-a638-3b9553ac5827,TechNova,retail,étudiants,Nantes,91118,44,484,48.48,3108541,32.13
ac82c089-c272-4d10-8ee6-5cd58cf5aa41,Carrefour Bio,banque,CSP+,Toulouse,381489,24,284,71.74,3472059,62.4
26bbd700-5fbf-4a6a-b16b-9d5cd2edfa94,UrbanFit,retail,touristes,Paris,77002,10,232,46.17,2816712,26.97
3b847d23-f793-40aa-a8fa-c4e963c0ae4f,Maison Nova,beauté,touristes,Paris,434644,37,247,88.93,92757,74.49
763733cf-83b2-439d-bfc6-3083f7fcbf43,UrbanFit,automobile,jeunes actifs,Paris,150545,30,14,80.47,1198623,110.54
22686e1b-db80-4ccd-86b7-ae6546d55f7c,Luxeor,banque,grand public,Toulouse,39115,27,143,70.19,1015521,102.6
13e6aca1-dbd4-46bf-9839-3593ecc6d760,Maison Nova,automobile,étudiants,Bordeaux,412519,24,361,56.16,2760208,59.31
55e3186a-aa45-4f82-b549-4e9756dd8710,Maison Nova,tech,touristes,Toulouse,106002,34,111,67.74,701695,60.81
fefd2904-a0e8-40f4-bf3e-56ed54186c26,Carrefour Bio,tech,étudiants,Marseille,23843,23,463,90.65,2692694,67.34
a43f4510-254c-4f1c-8908-966a228325aa,Fresh&Go,sport,familles,Nantes,129516,13,372,46.72,2492261,74.33
0e83d359-c9bf-447e-811f-d432a1493932,Bellea,tech,CSP+,Lille,374759,3,182,78.91,2329489,51.2
5972f91b-583a-4368-9f09-c579a0afbec8,Carrefour Bio,retail,jeunes actifs,Lille,442000,45,362,50.15,523080,84.13
efc9f474-a005-4a0e-9efc-2ae6a6161b39,Luxeor,food,familles,Nantes,382655,7,179,82.65,1939948,116.61
553b1abd-97e7-4d0d-932c-32f70ab8924b,AutoMotion,santé,jeunes actifs,Lyon,462497,8,50,79.8,2796786,45.25
52cfcb80-8892-4111-ace6-5ed3ec397311,Carrefour Bio,automobile,grand public,Bordeaux,338095,9,117,70.55,1858915,43.04
84dc2b0a-a349-4554-952f-6c7dee29321f,AutoMotion,santé,grand public,Paris,173726,38,423,73.88,2668607,58.01
b0da714b-81d7-4ed2-9458-f1fc947b79aa,UrbanFit,banque,familles,Lille,448956,7,307,67.21,889900,37.51
9bfe380a-e736-4ee9-9dab-07a540cf64d0,Fresh&Go,food,CSP+,Lille,143344,17,221,56.84,1981263,79.4
60605931-26d5-43d6-b1ba-6743649cff61,Maison Nova,food,jeunes actifs,Lyon,459785,35,148,70.02,36178,52.12
97e4b54f-e1a6-4261-af9c-ce1ea07c61c8,UrbanFit,santé,grand public,Toulouse,296474,41,17,89.15,1822432,65.55
7e0d9b82-1d4a-4664-a79f-86c85c0cd927,Bellea,food,jeunes actifs,Lyon,85629,42,501,67.7,73017,50.04
47b2eead-7ef0-4272-bc11-b9c24ee6ffb2,Maison Nova,food,grand public,Toulouse,453751,39,426,46.09,69550,67.87
fa582e77-83c8-4008-89d5-88d26b71ada1,Fresh&Go,santé,étudiants,Lyon,447520,19,102,73.14,2294253,103.94
4bf5668d-f643-4398-8bc9-fa9b2879651c,Carrefour Bio,sport,jeunes actifs,Nantes,395255,31,419,95.26,1317934,157.52
cde28722-3769-47c0-85e8-2d98851de7d0,Luxeor,automobile,familles,Toulouse,413748,37,217,74.9,1989619,81.49
4364298d-7b05-4f44-96e8-003764c7308a,Carrefour Bio,retail,familles,Nantes,144072,14,522,69.43,871886,46.6
4df727c8-ee1a-4058-abc8-0d4381346e30,AutoMotion,retail,CSP+,Paris,134167,7,248,69.38,2503786,44.66
a1261bcd-d1d0-4c4b-9a26-a95258d53bd9,Fresh&Go,automobile,familles,Marseille,450311,42,227,47.28,1900145,33.08
2eb9fa0f-864b-470b-8045-c33f8c27523f,TechNova,banque,CSP+,Marseille,345751,22,539,53.92,3245166,59.27
63c2187b-c41c-4a96-a40c-231fc0539086,Bellea,beauté,familles,Nantes,336475,27,78,76.48,2384445,127.7
f8afdeaa-f1a7-4cca-ae9f-20bb3e823f3a,Luxeor,tech,CSP+,Marseille,94532,44,420,95.99,1948194,109.81
276cf2d3-cb96-4607-b89e-ccacd53005d6,TechNova,sport,jeunes actifs,Toulouse,334927,43,317,68.82,3283976,87.11
e8b4bf33-9a0b-4841-8726-cfac8d5b0b70,Carrefour Bio,beauté,grand public,Marseille,466197,10,325,64.57,614328,71.39
b2c9322d-2faa-4fd1-a7a3-59f0d3597a5a,Fresh&Go,food,familles,Toulouse,488035,40,463,94.19,209267,113.72
9b5de43f-a8cb-42ef-9b8f-cdceee8bc77a,Bellea,luxe,étudiants,Paris,473085,19,240,54.71,3022555,48.84
823368b7-171c-4861-8c7a-91dd506b300f,Bellea,automobile,touristes,Bordeaux,213343,32,583,67.87,172315,66.42
2c231419-1916-4f11-878e-07e7f4d61734,AutoMotion,santé,étudiants,Toulouse,205559,34,37,68.17,3436451,87.62
97aead74-6ad2-4fe7-ba93-badf50582b20,TechNova,santé,familles,Marseille,36594,11,251,75.04,592776,115.97
471810c5-d519-4da9-ac80-3f1f13058d39,Bellea,beauté,touristes,Lyon,170377,29,401,52.24,2245391,33.42
604ffc92-4108-4e27-9dd6-2020ec07a0a4,Bellea,food,jeunes actifs,Marseille,474937,39,353,97.99,2800051,87.38
693a29c9-16be-4c46-99ab-97addce83e9a,UrbanFit,food,CSP+,Bordeaux,478930,24,17,87.87,2668324,58.45
c58e156c-ab87-40ff-8415-59dfe3c96fbd,TechNova,beauté,CSP+,Nantes,210101,28,344,82.67,2147768,54.45
575481dc-c177-4f25-924f-ea04eb16cfc1,UrbanFit,retail,grand public,Nantes,244327,17,587,54.96,2646574,88.58
9e6e11fd-3dd4-46eb-9d38-57bc98a1b224,Luxeor,sport,CSP+,Bordeaux,304646,20,466,46.37,561503,69.24
126073c0-e863-4b72-9ac1-5657e502f3a1,UrbanFit,retail,familles,Paris,41570,12,56,51.76,2828198,62.33
8d5cb476-f5e5-4d05-ba57-3762ecab6357,Luxeor,automobile,jeunes actifs,Toulouse,21470,12,480,83.21,2031494,139.89
d61c1ba8-74ba-40bc-8172-4c9f934643df,Bellea,santé,touristes,Toulouse,221918,14,44,86.82,1626724,105.29
d32adabe-7f9d-42f2-bb0f-73aa7328b91e,Bellea,sport,grand public,Paris,48638,19,454,65.86,2067680,92.09
2ba97eec-f57b-49e2-a757-a84c6f77f991,UrbanFit,tech,grand public,Bordeaux,271132,21,210,67.07,2525974,81.73
4410939a-a124-4d1f-a062-e4f8cb1cfa95,Carrefour Bio,food,jeunes actifs,Toulouse,66828,35,135,82.02,1505468,125.15
f79a2a79-134d-4908-beda-f200e9779351,TechNova,beauté,familles,Toulouse,378578,40,401,75.7,911764,54.2
0bab08eb-ad14-4c12-8b0f-a3c2e7fa269c,Luxeor,tech,jeunes actifs,Toulouse,107840,40,116,74.98,1666212,123.87
df7d7f82-7b77-4352-8cc6-efd5c9432b62,Luxeor,tech,jeunes actifs,Lille,496373,39,387,50.9,3123885,42.53
33c96250-f27a-4a24-9d20-38599badb18e,AutoMotion,food,touristes,Bordeaux,143565,21,123,52.42,2588415,37.54
62079fe8-7715-48bb-9e8f-a85b1bd2aa3c,Fresh&Go,retail,grand public,Toulouse,303229,37,81,55.38,2964790,81.01
b4e25801-92f4-4c39-a184-0bef0aeb090e,Maison Nova,tech,familles,Lyon,219492,18,153,57.39,1598580,60.35
97d69cb1-ffa0-41e8-978c-2396ceb06a86,Carrefour Bio,santé,familles,Lyon,393303,7,155,50.57,2957566,63.59
57357b4d-06dd-4cc2-835e-9d6d8ba67fe3,AutoMotion,sport,jeunes actifs,Lyon,15774,11,358,82.54,970834,118.66
da685a0d-8cbc-483d-904d-3bb9e6bd5e74,TechNova,sport,familles,Lyon,336128,36,582,45.36,1172287,28.07
019ba876-eee1-4562-8a2a-21b6cf9d03e0,Carrefour Bio,automobile,familles,Lille,38935,14,282,55.89,2832834,66.26
c5004a24-6def-4a3d-a637-969cf401ffba,Fresh&Go,retail,familles,Bordeaux,488179,45,159,91.81,1866420,114.79
a00a58c2-3e33-4fb6-82e8-29c9d9ec1c43,Fresh&Go,luxe,grand public,Nantes,390119,11,37,86.8,3242128,121.53
d7f09b23-a1ee-4e7b-af7a-4b0e118b9fc4,Bellea,tech,CSP+,Marseille,439044,43,70,52.31,1493898,30.52
05bdd9b0-1c3c-46a9-a1af-74a768184dae,AutoMotion,food,grand public,Toulouse,401856,28,421,92.96,3076851,120.97
e782e381-07de-4442-a688-b1fc7b373e0b,TechNova,santé,jeunes actifs,Bordeaux,440045,39,497,47.05,570613,78.72
b4adada0-5b1e-4d34-b566-1097a76f787f,Carrefour Bio,tech,grand public,Toulouse,442238,23,121,69.73,1643307,71.85
d59b0cf8-0c78-4f5a-b9f6-913fd36f131c,Fresh&Go,sport,touristes,Paris,476171,7,216,79.1,3188687,118.05
66669fc3-db1c-4750-b230-f04c78d693eb,Bellea,food,CSP+,Marseille,56686,14,350,68.37,321977,96.13
963f29c0-e26c-4212-99e7-9b1441558207,Carrefour Bio,food,familles,Lyon,355584,42,102,96.32,606518,76.76
638e88e5-363f-45be-9ee4-3b1edf551a2e,Luxeor,tech,touristes,Lille,49399,36,434,49.53,2733604,77.88
83ee9b6a-2cb3-49f9-b460-c56b87817e75,Carrefour Bio,luxe,étudiants,Nantes,481653,17,106,63.71,184486,65.19
927292cc-5864-4f5b-aac2-f19fc7f5bb85,Bellea,tech,CSP+,Nantes,103760,8,496,74.29,1893230,119.61
251ba276-cc73-449c-98a0-b3f8bf4322c8,Luxeor,beauté,familles,Marseille,157843,34,209,78.2,845190,128.14
1517712d-d1b6-4dde-93dd-f78f64efc812,TechNova,luxe,grand public,Toulouse,463748,21,524,96.34,2592289,137.15
c3545b0c-e49e-4d9a-aa9d-9d70bac419f1,Bellea,food,jeunes actifs,Lyon,114597,37,511,86.94,97327,44.93
7a9cf3a9-31e3-4e05-9baf-d9c2379f90b1,Maison Nova,retail,étudiants,Lyon,5368,21,551,47.07,1016291,76.59
da6314e1-17f4-49d7-94b1-00f8af94ef05,Maison Nova,food,étudiants,Lille,374314,38,71,86.46,658122,137.79
3939aa10-3e78-4875-8639-de55219f3397,Bellea,luxe,jeunes actifs,Lille,181765,35,559,52.27,3057595,50.61
778109fc-25ef-403c-b186-0076b0dd864f,TechNova,automobile,étudiants,Lyon,448056,22,456,85.85,24430,92.98
00e6d83f-36f2-4314-904c-da66422b9752,Carrefour Bio,sport,CSP+,Lyon,6749,38,424,91.97,1943587,132.19
5f56c9bc-b405-43fc-9d9b-2a7714f67419,Bellea,sport,jeunes actifs,Toulouse,152781,11,377,81.15,3495294,58.37
b58408ef-3de0-41aa-947e-f98134c272c4,Luxeor,sport,grand public,Lyon,180960,45,174,72.63,1842814,118.35
f7820a28-d719-4ffb-bfb7-a5689be47a3c,Maison Nova,santé,familles,Marseille,224075,10,154,72.84,2780373,88.97
70977785-cc76-4163-a499-0e8e5fb89aca,Carrefour Bio,beauté,familles,Nantes,90954,30,434,46.25,2298080,27.87
8a9c4bf0-f37d-4301-a4c1-bb8986fbf729,TechNova,retail,jeunes actifs,Lille,294098,14,80,55.59,1102018,80.3
71f88e87-c4af-4f4f-828c-3347f1871593,TechNova,beauté,jeunes actifs,Lille,422394,15,230,63.49,3177896,83.75
169f30e3-545b-4237-98d4-43cd0222d903,TechNova,tech,jeunes actifs,Nantes,478772,30,414,45.78,2656571,69.0
290086df-ee81-431a-9947-aceca004ef0b,Maison Nova,tech,jeunes actifs,Paris,139298,10,486,62.95,678140,65.37
3e54c65e-02cd-4ead-8d80-97f3bb7434af,Bellea,santé,grand public,Bordeaux,421284,33,132,75.51,3451199,47.12
5a9a422f-a14e-4aea-bed8-5dac44d2ec78,Maison Nova,santé,touristes,Paris,59071,4,117,72.16,1254178,115.29
cec0e8bc-510b-4c10-9032-9bf355dd5741,Bellea,automobile,grand public,Nantes,281304,15,104,86.92,1301465,144.71
89d31158-0e66-4ffb-be34-4b30d1d45ae6,Fresh&Go,luxe,CSP+,Marseille,63791,18,476,95.32,955332,145.0
ae59940b-7f46-49e0-a804-cddcd9751e92,Bellea,santé,touristes,Marseille,185103,37,555,48.22,1469934,32.0
c7a1e5c6-5c88-44c9-84d2-c2b71803e772,Carrefour Bio,food,étudiants,Marseille,61296,30,143,78.11,2763663,123.08
72a9bcce-38db-49f3-946f-6d48f7e3e72a,Bellea,automobile,grand public,Paris,417150,20,421,49.15,3334699,27.27
c215a6fc-d2ec-436f-8397-b65da38e5834,UrbanFit,automobile,familles,Nantes,56782,3,112,65.21,2427803,90.49
cc503118-3a06-4ba9-875d-170ab9374e6d,TechNova,santé,étudiants,Nantes,306248,34,162,82.77,1024531,70.89
0a1f7d6c-3bcb-4ad5-8798-620f2ed48d87,Bellea,beauté,étudiants,Nantes,157158,45,358,94.51,1131473,53.57
8c917f6e-720e-4e91-bbdb-4dd6b7622de4,TechNova,luxe,jeunes actifs,Lille,12998,33,220,60.86,1503969,69.0
d9a366ea-1263-401c-ac9b-7e917a6a2450,Luxeor,food,touristes,Bordeaux,112615,38,447,52.47,138705,26.64
8f847a89-38e1-433a-9a74-1bb79293cded,Bellea,automobile,CSP+,Lille,94182,39,548,76.96,1908566,110.02
ec962386-3e53-494a-aa75-59a7913e859c,Carrefour Bio,beauté,jeunes actifs,Marseille,43931,24,224,49.9,3176835,60.52
bd67d9e0-ba11-40e4-be66-f2cdb683d91e,Carrefour Bio,beauté,touristes,Paris,405155,27,148,91.93,3475653,95.6
7a46b3ef-1d85-4de2-a7c1-20e02eb19474,Luxeor,beauté,familles,Marseille,6489,20,568,88.93,513745,67.15
f97ff4ab-9d7c-4b67-8f74-f14984fd825f,Fresh&Go,food,familles,Nantes,322127,5,479,94.26,1904662,47.22
53e89f09-9da4-42bf-aa0d-44764f577dc8,UrbanFit,automobile,CSP+,Marseille,162314,16,481,83.86,2929174,64.18
3b77e9e1-8033-4f92-8934-e4e1d5072cbf,AutoMotion,banque,grand public,Nantes,255502,37,531,67.01,204822,72.37
f98fbf37-9b16-4c58-82d5-5dd74c0390a2,UrbanFit,sport,CSP+,Paris,68162,42,260,56.02,980677,34.33
a94ba6e4-1ead-4626-8d2d-799c0ee734be,TechNova,food,grand public,Lille,357661,40,489,69.04,99652,87.78
b2315ee2-23f7-46bf-b30a-b1ca98b7e5f2,Maison Nova,tech,jeunes actifs,Bordeaux,130600,26,55,69.01,3403962,49.39
31fa4a5d-bc35-417b-b423-bae93b0fe8e4,TechNova,food,jeunes actifs,Lille,319915,44,10,69.14,2366140,55.87
eaba201b-4b23-4f48-b392-636cb150617a,Carrefour Bio,sport,CSP+,Lille,336534,33,198,60.07,1870734,56.93
979cce22-9655-471c-8129-d006fd1d277d,Carrefour Bio,sport,grand public,Lyon,65229,38,155,88.78,239076,118.69
c582c293-a54a-49a2-9b04-88ede521b98f,Luxeor,banque,jeunes actifs,Toulouse,438333,18,182,65.75,1066743,37.09
e7eef263-392b-48ff-b012-ea908c08f8b3,Fresh&Go,food,jeunes actifs,Toulouse,349301,23,371,57.84,2812499,90.87
70fa5db6-3e25-4c9f-8278-e3b746ea00b3,Maison Nova,santé,touristes,Bordeaux,92498,17,488,46.41,136050,75.56
51a4b946-466b-4e4e-8390-9c92caf782c9,Luxeor,sport,jeunes actifs,Lyon,438612,30,352,73.86,2590638,115.68
89f1ed77-a92a-40cd-8478-30c86ffc49c5,Luxeor,sport,jeunes actifs,Bordeaux,215660,35,84,54.79,648710,39.3
c2ed144c-1190-42dd-a788-1ef24d776e8f,Carrefour Bio,luxe,CSP+,Marseille,310460,21,577,83.6,3005235,58.87
6c8ba527-c9ba-4e07-9c03-7d8140fb0242,AutoMotion,sport,CSP+,Lille,398530,40,422,73.51,2097303,44.91
4e49458c-9c06-462b-ba45-7ccc928a3792,UrbanFit,automobile,jeunes actifs,Paris,99987,23,188,72.81,3275308,67.08
ac58a460-d12b-408b-831f-6ec4d2cc6e18,Bellea,sport,jeunes actifs,Lille,151594,16,24,79.21,3234700,39.65
394b3122-1d99-4d0c-9770-e9c04a14be6e,TechNova,food,grand public,Marseille,90260,31,419,49.21,1525288,76.03
5dc05189-837e-4924-a4c4-dd7bf9b8cfe8,Maison Nova,santé,CSP+,Lyon,102426,40,368,80.83,987502,74.31
8303087a-d023-45fe-915b-65a1b3144fc8,Fresh&Go,retail,touristes,Bordeaux,412534,18,388,46.69,3441553,66.82
a488dd14-9d01-46c3-ae77-28fb808d79c1,TechNova,beauté,jeunes actifs,Marseille,347947,31,417,65.08,1818692,45.26
1bbbee1c-153a-47f1-8f90-2bbbd12740a0,UrbanFit,santé,grand public,Lille,204111,7,529,66.81,2959737,84.43
68821191-1950-48e9-8b94-c2c2230451f2,Luxeor,beauté,familles,Paris,280668,6,530,48.19,712351,64.53
8fa0629b-1cb5-46c7-956b-227bf12c5606,Carrefour Bio,banque,étudiants,Bordeaux,381426,22,293,66.63,1009053,61.76
3cc64835-f071-46e9-94f7-c887e1a4cad7,Bellea,banque,jeunes actifs,Nantes,163138,35,248,91.64,3085095,69.74
dada4c14-e9bb-441e-abdc-f223b92e09f8,Bellea,food,jeunes actifs,Bordeaux,373857,3,338,71.6,352114,58.75
eadab921-9a94-4f1e-b806-bdad8aa87bc1,Luxeor,sport,familles,Bordeaux,204976,23,557,85.89,195643,144.14
951103ac-f0b5-4276-9fd9-87ee1000effc,Luxeor,banque,familles,Nantes,339627,15,253,87.59,178320,78.4
79cc77cd-2f4c-4759-babb-b16880051d80,Fresh&Go,banque,familles,Toulouse,139415,39,428,96.25,234425,75.74
11d10ba4-0e31-4885-8879-14338c3eeed8,TechNova,retail,jeunes actifs,Paris,355509,32,90,60.96,625970,66.63
0fe26aa9-1b57-468e-bd9f-c31f9346f964,Bellea,retail,CSP+,Paris,280375,22,123,62.74,969901,33.83
48b09fce-e217-409b-9a2c-13f6b79c3026,Maison Nova,retail,grand public,Toulouse,132742,21,242,47.5,1202949,69.83
2e5c4531-c048-4a98-bd4b-21d8a07b5841,Bellea,banque,CSP+,Bordeaux,129300,28,482,70.77,1940976,56.22
5c45dd4f-994a-4e71-afe6-56d0156295c9,UrbanFit,sport,familles,Lille,459792,30,85,70.56,358171,54.14
c4a8484b-e8ac-4eb1-b914-9c969f1eb395,Luxeor,santé,jeunes actifs,Bordeaux,9224,13,216,77.34,1164915,114.06
de455842-67bf-4a54-abd9-aed498dd03e8,TechNova,sport,grand public,Lyon,129003,42,503,74.06,725524,109.62
d5ec90c2-9ef2-445f-b334-54de424f6194,Maison Nova,luxe,touristes,Marseille,126226,39,503,70.84,2522367,95.73
ca6c245f-a922-4918-9fe3-85aa80b34354,Bellea,sport,touristes,Marseille,181203,38,447,85.52,2637287,125.63
e2f23f45-b7d1-4fbe-8368-3e7b050dfd49,AutoMotion,automobile,familles,Bordeaux,374739,6,570,90.63,616410,56.9
9e690da3-d8e3-4df0-9d58-3e83966d00f1,TechNova,food,grand public,Toulouse,400836,40,181,95.94,2819893,136.08
bc9dda25-fae4-46c1-9375-4b05f1eb6843,Fresh&Go,luxe,étudiants,Bordeaux,321979,41,272,87.1,636362,52.87
168c6131-db8f-459d-ad48-3f81e0c4b0fc,UrbanFit,sport,familles,Paris,215754,3,58,76.27,2919100,93.31
5a2c9305-98f2-48e6-8d0b-b168256bc26e,Bellea,automobile,jeunes actifs,Lyon,364210,9,183,47.73,1430226,70.45
43011607-7526-459b-b458-74b36a37764f,TechNova,santé,CSP+,Marseille,481878,13,539,54.16,3199067,74.83
ffd1202a-69a5-4bb1-acab-c3be2aa6985a,AutoMotion,automobile,jeunes actifs,Bordeaux,428644,18,126,52.03,2666230,56.08
9f967f23-dd62-4312-9442-500251933dff,Bellea,beauté,étudiants,Nantes,339156,27,151,60.39,1188142,67.3
2820107d-b3b5-4f5a-bddc-b1ae54bb820b,Maison Nova,santé,étudiants,Bordeaux,360220,39,395,77.33,734154,110.88
ad6a211a-e7c4-4898-89ac-353988776b5c,Luxeor,santé,touristes,Lyon,143588,12,415,97.28,1511109,67.21
e049aa66-f3d4-41ae-b03b-c023a5d575b2,Bellea,santé,touristes,Nantes,82281,16,196,85.76,1989933,79.13
d4098b15-9bb5-42f1-86ad-b03fed3c4131,Bellea,food,CSP+,Lyon,426784,17,105,63.35,2970113,77.18
07e5c728-b987-45f0-9720-15d25039d09c,Maison Nova,sport,touristes,Lille,148976,33,39,96.2,277147,103.35
a7bc34e6-ed17-4fd0-a0aa-a13200d7286c,Bellea,banque,jeunes actifs,Toulouse,9714,42,80,80.07,2751166,111.97
ae6c8c09-32ce-4957-8aca-c0d36944d1d3,Fresh&Go,retail,CSP+,Bordeaux,348090,29,311,75.85,2779223,76.52
4dab66a9-17ac-4bb5-a478-1c69cfbcb9a6,Fresh&Go,automobile,touristes,Paris,385235,26,53,64.35,627139,102.11
08076759-5db4-4f45-8a05-2ad7e3b3efd6,TechNova,santé,jeunes actifs,Marseille,116288,25,148,53.38,1603861,56.82
68c53240-ef02-4557-a634-4c03818c7d16,TechNova,beauté,touristes,Paris,7070,28,342,55.01,1045959,90.52
19a7df5b-7a34-4e6e-8104-f27046264555,Luxeor,santé,touristes,Nantes,96302,30,158,84.05,619172,123.82
27bee306-cdb2-4f5b-a019-ec18129d5aea,AutoMotion,tech,familles,Toulouse,461397,42,181,86.98,972342,47.38
513fb34d-93b0-41de-9045-0ff9d83902cd,AutoMotion,retail,jeunes actifs,Lille,54124,4,467,87.85,770802,76.01
25f1ce5b-156b-4cbe-b7fd-853f342527aa,Fresh&Go,luxe,CSP+,Nantes,431811,44,585,52.74,2372084,29.66
f58b07e9-0d4e-4535-a9d5-9bb64f2a1b84,UrbanFit,automobile,familles,Toulouse,392467,31,290,47.24,3200967,40.5
1c6d0b9b-a5d8-4432-a170-b12e7e3ab668,AutoMotion,automobile,étudiants,Bordeaux,91259,16,55,73.46,2246908,39.82
76aca6e1-0d92-4ab8-be4a-3aae20846ee5,Luxeor,sport,jeunes actifs,Nantes,490495,18,119,48.68,815762,49.89
fc3059c3-a14e-42c6-956b-c65b6a87afbb,Fresh&Go,luxe,grand public,Nantes,332180,33,137,69.72,255575,89.5
e66fa7cd-3537-4d0c-8097-ea9d740d00f8,UrbanFit,luxe,familles,Toulouse,405527,4,474,97.96,1202125,121.78
5b115fdd-685c-4732-bbab-2f4559077107,TechNova,banque,grand public,Marseille,326639,35,374,73.2,1343872,93.42
8df715b3-a4c5-4543-aa35-a23980f6bcb5,Luxeor,automobile,touristes,Lyon,233838,23,445,77.38,1634773,63.01
d99ad10d-8254-4609-a861-337f1c10f70a,Bellea,automobile,grand public,Lyon,121970,4,189,80.76,751316,109.23
fae8417c-162e-4b3b-a16f-e46cd5b11ec1,AutoMotion,retail,touristes,Lyon,206088,23,142,86.46,539249,106.91
2a0d2299-1067-4d49-8407-c381bb8e6667,TechNova,tech,étudiants,Paris,414380,8,205,82.23,3083456,58.63
0732d8ad-e694-49c0-ac5a-938a829e5149,TechNova,luxe,CSP+,Paris,122279,38,357,89.24,1634285,106.67
534a33a6-f08e-467e-b7da-f804411aa513,Carrefour Bio,automobile,jeunes actifs,Paris,79123,9,194,55.33,267292,33.94
6eb80c3f-f21b-471c-8aef-308ccbf44218,UrbanFit,automobile,étudiants,Nantes,122514,20,336,63.65,1181442,106.61
73c0b782-45ea-4bf0-b116-2f930f594125,Bellea,food,jeunes actifs,Bordeaux,142343,20,569,49.25,2048194,33.64
a4ab565e-0c8d-4c9f-aefa-b73c5c440b6d,UrbanFit,sport,étudiants,Toulouse,493551,34,59,57.64,845846,93.5
00340d07-714a-473d-a2aa-07805c65c888,TechNova,food,jeunes actifs,Marseille,492130,42,292,92.58,579373,129.42
c77ce0c7-d554-4a5f-9a4f-9a27b0a5423d,Maison Nova,santé,grand public,Lyon,146096,6,357,75.81,2536674,91.41
e54e1715-ee74-4d29-8a64-909a0416150b,Fresh&Go,food,grand public,Paris,109870,32,499,46.98,622016,70.0
d4174d0d-fab8-4893-affe-4b6f90f549b8,Fresh&Go,food,CSP+,Nantes,86289,26,173,71.21,2187474,52.23
e89871e2-4598-4ae8-93a4-c712e906bc9a,TechNova,luxe,touristes,Bordeaux,100210,21,161,82.23,1382678,88.71
47dfd68c-4277-4b90-80ba-1705e0d14b6c,UrbanFit,luxe,touristes,Toulouse,483443,11,175,68.46,1073651,83.88
93e5b253-49d1-4490-8f63-e7c2a964248e,UrbanFit,beauté,étudiants,Marseille,12862,20,120,75.57,1086681,69.9
45fb6a9d-5af0-47e4-a27c-3b49e026220d,Maison Nova,retail,jeunes actifs,Paris,287813,38,401,85.99,3045599,49.72
f4ffaecd-0fae-4f39-82a8-bf94bd179296,Carrefour Bio,retail,jeunes actifs,Lyon,90851,45,347,81.47,2795202,67.34
718afe93-c7ad-404c-b892-bbfb45551007,Carrefour Bio,tech,grand public,Toulouse,454061,45,309,91.07,65484,128.1
47855734-24a1-4302-ac80-091aa2f9a768,Bellea,food,CSP+,Toulouse,68526,21,125,84.54,787021,57.68
f9a8c541-84c9-4786-b466-3bbb89e882ec,Maison Nova,beauté,jeunes actifs,Toulouse,345087,33,396,87.81,2637210,146.55
215000cf-0c51-4ca7-8353-116456244686,TechNova,food,familles,Lille,305812,16,318,67.91,96619,96.17
3e239956-fabc-4126-a5b3-87598d9ea3b1,Carrefour Bio,banque,grand public,Toulouse,386558,10,516,77.04,1080500,94.72
d8492c5a-61bf-46a9-824d-7443dd027b2e,Fresh&Go,sport,familles,Bordeaux,207707,34,336,85.99,2912071,55.55
54c65bea-bb6b-4ca0-9b70-b3445b01aa8a,Fresh&Go,banque,étudiants,Toulouse,115677,8,197,90.51,1457135,135.68
1d30e3fc-c24a-4583-8421-7f72bf08f883,UrbanFit,sport,familles,Paris,435433,27,415,85.36,1284547,104.14
dc868af2-30f5-4985-a744-2aa3d0d153b0,Carrefour Bio,beauté,touristes,Nantes,377463,27,453,85.72,1295170,43.51
90bb0bbb-51e3-46df-aa0d-242b14db7019,Luxeor,food,familles,Paris,264104,37,317,90.98,3133411,123.06
8a627d8c-2aef-4a24-86ce-aba5387ad27d,TechNova,food,touristes,Marseille,175886,13,87,73.73,367201,87.87
764a0c9f-6775-442a-9d78-5742e89f8468,Fresh&Go,banque,jeunes actifs,Lyon,113438,35,289,92.42,2821462,139.97
f44c709c-9bd2-43dd-85f9-63db7fc65d24,Bellea,santé,étudiants,Lyon,221375,7,107,94.39,3380075,150.39
79b52337-2b1b-485d-aadf-460719cbd782,Carrefour Bio,food,touristes,Paris,145224,9,353,83.41,2975228,59.49
5a4644d1-e69f-4e90-8046-2f6f28d5f201,TechNova,luxe,étudiants,Marseille,16136,35,50,77.33,3146983,63.5
9bb7ef11-031b-4232-91c7-f8ad4076de52,AutoMotion,automobile,touristes,Lille,437493,7,12,53.4,3246000,82.62
e3cd1cb4-c2b4-44ba-a4c8-507d8f1ce2dc,Maison Nova,automobile,touristes,Marseille,296716,12,515,81.97,2101410,76.66
ea665572-6bc0-44e7-901d-04c342b9e593,Luxeor,sport,CSP+,Paris,215816,15,412,80.5,3194973,62.19
cac4ad38-8098-4ce3-9171-a9143a1d620a,Carrefour Bio,sport,CSP+,Nantes,423770,5,315,89.99,1981602,46.47
4043b8ec-2000-4a69-b2a0-3acf688bec65,Bellea,banque,familles,Marseille,324987,22,33,85.72,539773,64.61
503d0674-a572-4e0b-a91b-b8d1efa0d480,Bellea,retail,grand public,Lille,463163,12,529,72.63,3448339,52.82
c69db66d-845a-4fbe-8c3d-abebe704f6ee,Carrefour Bio,banque,CSP+,Bordeaux,495712,20,566,63.18,2596072,59.39
f4a212f9-25f2-4fbc-a93c-30ce27588a6b,Maison Nova,santé,touristes,Marseille,410739,11,448,46.04,2070932,30.71
eb041292-196b-413d-8714-db3aec9ef124,TechNova,beauté,jeunes actifs,Toulouse,424280,22,234,53.61,3425127,86.75
44dfb330-607b-435c-9752-5f529cc9ed6a,Fresh&Go,santé,familles,Paris,379187,39,405,45.73,3223278,74.77
4c21b87b-4360-4d52-ae54-528158985040,UrbanFit,beauté,familles,Lille,189789,39,572,69.46,1620679,52.15
548eafd7-cb52-4086-9ab0-9b9ef6382f29,Maison Nova,food,touristes,Marseille,252966,30,298,92.87,560137,94.13
6640a859-11d3-458d-9ba8-edebad5b4c32,UrbanFit,banque,grand public,Lyon,54170,41,159,46.04,1893704,65.61
eb07dd33-2581-4924-8fd3-898180ea2087,Maison Nova,santé,jeunes actifs,Lyon,305994,12,452,62.76,2566260,103.42
b85529da-0e37-40af-8fd2-b786cdd99ceb,Fresh&Go,luxe,étudiants,Toulouse,161529,4,597,90.8,1586967,122.85
ec648437-87bc-4e4d-ba76-9a351b10bfaa,Fresh&Go,santé,étudiants,Marseille,64792,8,477,96.73,1312606,143.38
fd011bfc-14af-4f7d-8b5a-e1ab38018a9b,Bellea,retail,grand public,Paris,311320,37,587,75.13,2501221,87.81
32ddd230-306b-4d7b-915f-5b91f3d06b5a,UrbanFit,retail,touristes,Lyon,293719,13,213,95.28,1759696,79.95
301731a7-9e12-4274-afae-99d935efbd55,TechNova,retail,familles,Lille,305192,24,371,66.51,2728682,64.04
c2a142bf-af79-4f8a-bf05-706132ca0606,UrbanFit,automobile,jeunes actifs,Lyon,20666,25,471,95.29,650198,62.41
48ca3e60-d99e-4347-994e-be5fa57f3f94,Bellea,banque,grand public,Lyon,466449,15,191,71.58,1894915,71.44
18e4d338-df42-4bb0-934a-2e752324e49a,Carrefour Bio,luxe,CSP+,Nantes,410284,6,60,51.94,941307,78.36
0fa4f0a8-1392-4e7d-bc21-565a0d8fcc6b,AutoMotion,luxe,familles,Marseille,9383,14,364,53.11,2123473,41.82
a1f0823c-633b-4428-8536-60fa017a4498,TechNova,banque,familles,Lille,105795,16,170,86.2,1657506,79.27
65d7f003-7d76-49fa-acdf-43a51893da7c,TechNova,sport,touristes,Nantes,398769,8,472,79.39,2211290,115.81
b9a437ce-d640-4836-b2b8-8cae8963fe49,Maison Nova,tech,grand public,Lille,83978,31,334,50.57,1683472,54.84
cc6ce437-6d42-4b60-85a6-7a2eae1c55aa,TechNova,retail,familles,Nantes,172140,20,253,52.38,1492581,42.31
32975bf9-39e6-4273-bb47-e65212271862,UrbanFit,food,jeunes actifs,Paris,34033,16,92,50.61,560416,74.65
75d156d6-e508-4c21-8888-1661727ede55,UrbanFit,retail,jeunes actifs,Lyon,167060,23,404,87.94,979037,141.58
41651821-8ead-4db1-92e7-41fe22aedc6c,Luxeor,food,étudiants,Bordeaux,24956,40,88,93.41,1141413,76.12
cef7a3b0-c557-4256-8b0a-5935981beae3,UrbanFit,food,familles,Lyon,268249,5,331,51.96,489178,56.12
19a4a885-c36a-43d9-a47f-37d11fd7a538,Luxeor,sport,CSP+,Marseille,98204,45,552,65.83,325506,49.46
44dffdca-296d-4583-a050-d82d2c77e48c,Luxeor,beauté,grand public,Lille,180698,13,383,58.58,3130857,60.66
37c192af-0f23-4a22-9f52-814893281721,Maison Nova,tech,CSP+,Lille,38512,40,85,77.78,603855,122.64
ac143e44-abdc-4f44-b14b-002d27204942,Fresh&Go,sport,étudiants,Marseille,8177,9,466,91.28,1808653,141.06
71c04c7f-1c6b-4a86-9b42-b36e3d58b5a3,Maison Nova,retail,grand public,Paris,218398,17,243,49.53,799230,71.35
eba50127-521f-4835-a8fe-98d7282aba78,Maison Nova,retail,grand public,Lyon,377153,21,153,97.1,2642428,72.02
744d6c7a-f898-4094-bb50-baed1c1384e4,UrbanFit,food,étudiants,Marseille,400634,39,41,78.54,1931328,78.39
234661c8-b54a-463d-b299-bc52fda8ada1,Maison Nova,banque,familles,Lyon,300853,12,385,92.25,678450,150.84
359041b6-a47d-4389-b63d-5e18657f93f0,AutoMotion,tech,étudiants,Nantes,126304,28,442,85.71,172165,89.36
7dd67410-10a1-4c6d-b206-ab76c45e61ef,TechNova,sport,étudiants,Marseille,335458,20,328,73.77,818983,122.91
4056fa40-401d-4ed4-be52-dc71476492fa,UrbanFit,sport,touristes,Toulouse,159304,41,161,92.92,1224816,110.87
b433392d-87ec-482a-ba18-c5d18d570be9,Luxeor,retail,touristes,Nantes,468329,12,509,82.71,2671689,74.42
34d78724-dbda-46f7-a614-739d4f5239cf,Fresh&Go,retail,étudiants,Lyon,215122,29,91,75.16,266752,98.99
2f6c7489-e2dc-4848-8994-15fd930f3569,UrbanFit,retail,CSP+,Lyon,56790,13,120,64.3,2607395,35.29
8e87f109-fd43-43f3-ac82-e8af47a20ca6,Bellea,automobile,CSP+,Marseille,237419,7,413,85.81,2352599,126.82
7a5534c6-fc27-4687-a00f-7d4ca391fb07,Fresh&Go,luxe,CSP+,Nantes,405225,28,266,45.47,2138402,28.74
ebc81c66-f4da-43e7-b63d-4e95cb2bde3e,AutoMotion,food,familles,Lille,275445,34,392,68.73,430922,80.83
48cfdebc-5834-466c-946c-1828fe6f3c50,Fresh&Go,santé,CSP+,Lille,439601,42,318,95.6,1831436,110.54
72657159-2e17-40f0-87d1-62037a6eb7aa,Maison Nova,banque,grand public,Toulouse,235399,39,587,87.49,2861218,82.86
8d20f555-fe35-4c0b-862e-c0ab06ede1ac,Bellea,santé,étudiants,Bordeaux,322434,7,544,69.24,1312877,70.6
8f6fd8cb-dd18-4b2b-991b-c43e4f7be914,TechNova,banque,touristes,Bordeaux,363266,36,343,84.47,1045190,137.1
6ee6dfff-f091-4a6a-8f9a-387445c1e927,Maison Nova,tech,grand public,Lyon,107593,45,87,50.57,3225909,54.0
df501174-456e-4e81-ad08-5d83fe161ecf,Carrefour Bio,food,étudiants,Nantes,224276,8,108,70.82,1480407,67.3
5512ad47-fc35-4618-8773-987eb5b58637,Carrefour Bio,beauté,touristes,Lille,458001,12,414,58.88,3250198,57.92
ca6e921f-c14f-4a70-ab41-caf548397f49,Bellea,automobile,grand public,Lyon,262216,10,576,69.01,1529771,88.15
4af8147b-2caa-4508-bf92-af099c562687,Fresh&Go,banque,jeunes actifs,Nantes,271237,18,28,69.82,571858,101.83
52ee3076-6acb-4ea1-8ce6-5914f3af016d,Fresh&Go,tech,familles,Bordeaux,30709,12,458,57.68,2309765,44.69
c255b4d4-0c61-49c4-8045-c85bc955c82a,AutoMotion,automobile,jeunes actifs,Nantes,456062,26,103,93.78,1463547,123.88
e2d10720-a46a-4ea6-b5d7-adf7305de67d,Carrefour Bio,sport,familles,Lyon,372090,5,170,63.44,2987504,104.75
7bf48b7e-b941-4d91-98d4-0ee00f2d235e,AutoMotion,banque,grand public,Paris,426236,28,84,97.37,78521,61.04
e8557610-fde5-4f53-9d1e-1f45fc1cb026,Bellea,automobile,jeunes actifs,Toulouse,321009,14,360,74.97,448484,80.17
3fd73561-288e-4a2d-be7d-99ddd25cdfb1,AutoMotion,sport,CSP+,Paris,85474,6,189,86.97,2150813,135.38
34928635-2d54-40bb-84f1-b6ef0377f897,Maison Nova,food,familles,Marseille,485751,40,324,78.39,628742,43.69
1f01d5ed-de6b-4ec8-9e60-d0809300c2d9,TechNova,sport,grand public,Lille,461661,40,58,46.15,340927,39.3
832c7298-1bd5-4376-a743-5bc4c56feee3,Fresh&Go,food,touristes,Paris,277643,10,182,95.72,3072991,150.01
b1dadcb5-a6fa-4a55-9d87-f6892752c6b2,TechNova,luxe,grand public,Marseille,434610,12,379,91.11,3444466,90.87
6b7797ab-55fc-4b40-b84f-32350cae01e6,TechNova,sport,jeunes actifs,Marseille,335341,10,141,56.95,1594201,58.85
a860b33b-d12c-4a0f-b9fa-2a4ec66af2b1,UrbanFit,sport,grand public,Toulouse,278747,4,58,92.75,914141,71.11
cd0620ef-7368-40a2-9399-282d98e8fbad,Maison Nova,luxe,familles,Lille,318560,8,169,51.28,1839656,45.14
fb905f99-cc62-402b-b2d1-8510e32935bb,Carrefour Bio,luxe,grand public,Nantes,439088,6,207,74.33,161304,86.23
79a55a6f-c7ef-4fce-918e-e9e6b82753ca,Luxeor,beauté,CSP+,Lille,368237,4,381,97.35,1742799,85.11
d056454c-c927-47f3-b56d-c442c0e8b38e,TechNova,food,étudiants,Lyon,18360,7,504,69.46,3005340,53.07
eb632819-e480-4e0e-a04e-eb8362af94cd,Luxeor,retail,touristes,Marseille,369608,4,458,51.86,2769350,41.0
1e588b79-55e5-4568-90f3-d8726678f58b,Maison Nova,banque,familles,Paris,208378,29,291,52.4,1969792,55.45
bc099156-0698-4cf8-9768-f3105eb3fc23,TechNova,sport,touristes,Nantes,53434,31,204,86.86,902599,135.24
dc4adb51-954f-4a0c-8203-9cab5d46b9c0,Carrefour Bio,automobile,familles,Marseille,144887,40,171,80.96,1860494,100.57
809d79bc-c4e5-4a1b-8e91-dd9a63a0e5b6,Carrefour Bio,food,étudiants,Paris,476858,36,318,94.96,1114960,98.83
4075123e-7413-4c30-ad35-5a21fee00e07,Carrefour Bio,banque,CSP+,Lille,492220,44,164,85.47,2005096,105.56
b960c32f-9aa9-4ed5-b80b-a650f68aa841,Bellea,banque,grand public,Paris,215530,32,31,81.59,1121112,82.59
82834785-0d15-4498-b196-41954913ab31,Bellea,santé,touristes,Nantes,472471,33,274,62.57,659096,68.29
3d48bf33-a6f0-4ec0-96b0-67a5091511df,UrbanFit,sport,CSP+,Marseille,343668,25,224,74.78,308035,104.85
a866231f-e12e-4485-95d7-7fc5d2b9e31e,TechNova,santé,CSP+,Bordeaux,416091,24,99,54.65,3038734,48.89
406118e8-1c5b-46e6-bf5c-af2bf7265b3c,Fresh&Go,retail,étudiants,Lille,138371,16,59,76.41,2014847,47.99
cc388e3f-d88a-4e03-8cfe-1bab35d93df2,Fresh&Go,food,CSP+,Lille,71226,30,207,96.55,1768000,101.05
0e1ea986-5467-4a71-93b1-ce5bc54162e4,Carrefour Bio,banque,jeunes actifs,Toulouse,392271,26,254,53.67,504210,64.48
527db7c3-1211-44bd-98cf-37a6f6d963bf,AutoMotion,tech,jeunes actifs,Lyon,396270,8,121,89.53,682137,91.86
01a79ab8-e901-4a4a-a069-c0d9ae883db3,Carrefour Bio,sport,touristes,Bordeaux,274939,11,348,47.79,762263,76.54
a7d7a1f9-f2de-4baf-90ec-8a54c0c7374c,Luxeor,automobile,CSP+,Paris,293476,27,520,92.88,2767478,116.66
ce1145c8-6016-4497-b930-c5845afb5dbf,Carrefour Bio,sport,touristes,Marseille,102424,20,109,48.96,1820117,44.3
71675918-9ba5-400d-ad82-3fb69b71aade,Fresh&Go,retail,familles,Toulouse,273033,40,274,47.95,62360,56.14
4a0ae521-113a-4b02-96f2-d1937abfc052,Carrefour Bio,automobile,touristes,Nantes,117977,32,170,95.24,2679581,69.02
ea73640e-7b4e-4193-a3a5-fbc598f7d51a,Bellea,retail,CSP+,Marseille,386965,28,390,74.53,1190420,62.39
5f02df20-bb84-42be-99cd-f067c560217d,AutoMotion,food,grand public,Bordeaux,433736,29,245,45.16,337661,40.88
10dc6178-5c31-44d0-b11c-d451402064c4,Bellea,sport,touristes,Lille,486179,40,120,82.52,3220181,53.99
127a94c0-a680-405e-9696-18d0cd912683,Fresh&Go,beauté,jeunes actifs,Toulouse,251049,15,289,54.2,294559,80.03
f56a94c2-c9ce-4d8e-9fb3-16d0acbbdd36,UrbanFit,beauté,familles,Lyon,141129,29,222,49.24,2626566,41.83
2feb40e9-21cc-4fa9-b3c5-21c54911c013,UrbanFit,tech,étudiants,Lille,15990,24,412,79.72,2425683,131.15
35f0d036-25fe-46d0-8faa-8739b4d627fc,UrbanFit,beauté,touristes,Nantes,267787,28,228,72.27,2015416,83.72
92f82591-5965-4b71-9bee-8fba144d7ca7,AutoMotion,food,familles,Toulouse,439245,16,558,68.78,3320995,94.76
189037a7-8405-4467-9954-aeb5412eed72,UrbanFit,tech,CSP+,Toulouse,104411,7,166,74.08,777383,55.45
d8cadf0f-0775-43ff-a6a8-2536f2f895eb,AutoMotion,retail,touristes,Nantes,230465,17,178,63.09,2820966,101.78
03b9465f-cc46-4445-8dde-b1706a04fd10,AutoMotion,sport,étudiants,Nantes,62706,19,551,82.16,2765416,87.83
69c73de1-05da-4113-b465-0300d9ab3d94,Fresh&Go,tech,étudiants,Lyon,258431,21,124,91.28,607656,48.43
0c803037-3e15-4546-84db-1a5497690e6c,Carrefour Bio,food,grand public,Toulouse,212689,20,55,46.62,51806,55.57
137078e2-8e12-4c75-a164-0853d18122e4,Maison Nova,automobile,CSP+,Toulouse,75201,40,429,61.54,2523952,49.09
f592cff0-2ecd-43c9-929b-eee46b48969c,Bellea,luxe,grand public,Lyon,213331,29,405,60.36,38194,96.12
bc8f983f-69f8-494b-bc76-2553195e8a58,Maison Nova,automobile,étudiants,Marseille,316236,18,78,77.44,82671,93.96
788e5562-f851-4882-94d3-37bc4f3edca4,TechNova,sport,touristes,Lyon,384590,40,413,91.4,966557,143.01
61d3b5bf-3743-4a7e-bfe1-fb36e5364abb,Luxeor,retail,grand public,Lille,82898,20,456,47.3,1649010,79.16
16eb4119-c4b1-4aab-917f-3a5088597bbc,Bellea,banque,familles,Nantes,264333,36,334,73.8,1029865,61.9
588eb419-3197-4c1d-8391-249c3eff30fd,Bellea,santé,familles,Paris,30883,18,71,83.61,444958,138.87
da5997eb-fe60-45d6-82c4-71991e804ea7,UrbanFit,automobile,CSP+,Toulouse,279100,30,137,81.93,284923,118.34
b0209ebf-1a27-446c-8821-99cb9ab19e93,TechNova,luxe,touristes,Paris,181995,7,419,58.06,3417885,79.18
f0ba4b81-f0fc-4296-82b2-4a07db2dd458,Luxeor,banque,familles,Bordeaux,83391,31,74,50.36,363307,53.26
97045585-4fbe-4459-b0db-f21dafbc15fa,Luxeor,banque,familles,Nantes,77516,5,569,60.66,227834,31.03
4532f2c3-8a69-477d-b1ba-29483c45f0fa,Carrefour Bio,tech,jeunes actifs,Bordeaux,484421,9,372,50.87,2131399,69.46
4e166880-7e77-431a-a721-136ff770daad,AutoMotion,sport,étudiants,Nantes,498565,13,569,94.6,1591709,157.31
bff936e2-45d2-42e9-b549-686caadda78d,UrbanFit,luxe,étudiants,Marseille,351337,4,561,77.4,2011731,64.92
b189c60b-2113-4c0b-83ae-0b92eaa1b3db,Luxeor,santé,touristes,Nantes,221209,3,520,55.94,2366232,80.59
8913fd0b-8fea-4896-9780-24ae7fdc4dfd,Carrefour Bio,retail,grand public,Lille,161695,41,29,78.26,83333,44.49
e82579be-c6ac-4ab6-b85b-9df3515cd8f3,Carrefour Bio,santé,grand public,Paris,163949,44,477,58.97,1358735,41.26
0dac94b4-c1f3-4819-bb46-029170747df1,Maison Nova,banque,CSP+,Bordeaux,229786,20,473,88.16,2680086,131.77
f0e89e7a-7311-4046-98ca-6e3b1b02482d,Carrefour Bio,beauté,touristes,Lyon,466042,41,206,47.11,3479062,40.99
35892037-14df-4b6d-8db3-89538a0e0129,Maison Nova,retail,familles,Toulouse,455443,3,287,82.52,1282267,69.18
3a82e50e-3612-446b-af4e-c48037d56cfb,Fresh&Go,luxe,familles,Nantes,176213,20,209,69.68,639091,47.61
af3c3e4a-a54b-4eaf-883c-be82dfce0f90,UrbanFit,beauté,grand public,Lille,195102,11,101,88.01,2229845,106.91
d4e29f4b-bd53-4bc7-b4f1-552c311dfe3a,Fresh&Go,automobile,jeunes actifs,Lyon,113726,14,139,65.48,2544226,70.26
4add1512-813e-4d5e-bfe0-29272efe1798,Carrefour Bio,beauté,jeunes actifs,Lyon,441359,11,281,62.66,2801917,57.96
9772e803-b212-4b2c-a75f-cc65b912900b,TechNova,retail,étudiants,Paris,171351,23,412,66.09,2851943,53.11
1e39d60f-aee7-4410-a37d-f4169c450fac,UrbanFit,banque,CSP+,Lyon,268033,37,23,66.26,2700196,51.96
176a7d97-ead0-4e67-a4b3-984389a1e727,Luxeor,food,touristes,Nantes,204692,25,508,61.85,1399700,44.69
bcb13e63-67ed-438c-9975-6c8a81910082,Maison Nova,automobile,grand public,Lyon,79209,33,267,57.42,176299,55.64
49a7f1ec-b489-400e-a624-fd1e8cc48783,AutoMotion,retail,CSP+,Marseille,438173,11,495,63.64,1096543,105.8
8066244e-9ad7-4116-97d8-121d783bf389,Luxeor,sport,CSP+,Paris,93091,41,510,74.41,2999181,46.91
afeb05fe-1ea4-44d9-b7ff-f881462e6967,Maison Nova,food,CSP+,Lyon,458315,33,433,79.27,2967263,52.44
9acd9600-2254-4d3b-a37a-2567966c6038,TechNova,food,CSP+,Paris,154490,44,128,67.57,2910266,59.9
2f325d96-0e02-4d2e-8e5d-084298f86be3,TechNova,santé,jeunes actifs,Toulouse,260692,31,119,57.0,1252608,91.16
c32efd66-8fed-4f74-8497-7119583aca0e,Maison Nova,santé,CSP+,Toulouse,109438,14,385,50.13,2367140,70.0
8040a890-bd31-43f9-a3f9-cf9b26f3c1e0,Luxeor,luxe,grand public,Paris,332086,4,445,60.81,1285209,34.4
97612ae1-d11b-4e53-8842-c436a31a5bf8,UrbanFit,luxe,grand public,Marseille,403255,25,553,86.06,1508530,101.88
ddaa0db0-43c7-4fd1-a1dc-beb86050b85b,UrbanFit,sport,grand public,Bordeaux,258562,41,214,74.11,78228,91.28
b95a30eb-fe69-49dd-90d9-5ff3ab809bc5,Luxeor,banque,jeunes actifs,Bordeaux,153162,4,117,86.56,55413,144.5
3e00edcf-a95d-4b62-aca2-6bf7c1087576,AutoMotion,retail,jeunes actifs,Nantes,124211,17,482,45.96,1778692,65.24
c2903159-208e-4048-8b3a-686e0926541d,UrbanFit,retail,CSP+,Lyon,252517,20,335,47.58,656113,43.59
7a5afaa8-e80e-4965-8a24-59cec2303d22,TechNova,food,étudiants,Paris,98292,12,138,51.85,141377,64.09
3a2df239-2afe-44ff-89e1-d9cee9217552,UrbanFit,santé,étudiants,Marseille,212366,16,586,94.12,716699,98.36
06d62c80-99af-4b18-9ae0-04100f91f5c7,Carrefour Bio,food,familles,Bordeaux,337529,41,162,73.86,2921893,94.33
a0951b71-08d4-40d0-8bc8-b12cecb653bd,Luxeor,luxe,CSP+,Marseille,172910,35,205,53.4,390967,29.48
db2eaa1f-aacc-41eb-8000-5718212f9c81,Fresh&Go,beauté,grand public,Lille,285352,16,600,91.09,2655201,142.6
107961c0-fbc3-407a-890d-1aba4e1d6d67,Carrefour Bio,retail,touristes,Lille,219274,40,594,67.47,3219649,112.22
195bc6b8-1558-4a42-b956-76ef4487e693,Luxeor,automobile,familles,Marseille,191777,25,523,52.28,3124461,58.91
a24bc4ec-a802-42ee-9e37-cf75bbb6f014,Luxeor,santé,familles,Marseille,40231,38,465,95.77,1060023,126.41
05bc82e7-a82d-4cb3-ae31-ed9742f376b4,AutoMotion,sport,grand public,Nantes,401168,3,514,82.67,208944,63.94
f9c60640-3eb0-4615-895c-a74a669df2f3,Bellea,sport,CSP+,Bordeaux,207304,40,538,61.7,701683,53.62
bfa76727-71eb-4599-9be2-25352d4e62e9,Fresh&Go,food,familles,Lille,413402,24,223,56.78,1744236,47.99
946165d2-824a-4dc9-9eaf-d0c733a2cea7,AutoMotion,beauté,familles,Toulouse,494268,27,22,96.88,603432,49.1
7f2bea49-76ba-4129-b2cd-b0277e7fb7b6,Carrefour Bio,santé,étudiants,Paris,14807,24,387,74.48,2256211,110.87
94847a1a-5f96-4003-ae3b-d9e71a5d4a5f,Carrefour Bio,sport,touristes,Nantes,134111,24,448,46.33,2642891,56.08
ada2ff10-04d5-402e-8e1a-1d801a86f5b5,Maison Nova,beauté,étudiants,Toulouse,77290,40,141,95.73,2993115,50.6
f8729dc8-ed66-4d3c-9598-d5827f2a4f46,Maison Nova,retail,grand public,Toulouse,269158,19,202,50.34,2980145,82.8
4da19283-df1e-4b35-b606-deacdb1981d2,UrbanFit,food,grand public,Toulouse,429928,28,492,56.26,2145236,65.95
8e250ffa-3b36-4167-aed7-f2b1e1efd86d,Carrefour Bio,food,CSP+,Bordeaux,176424,7,522,83.08,3191896,124.21
de92d65c-ac6d-431f-aed5-67234d591902,Maison Nova,beauté,touristes,Lille,245333,45,201,91.55,1998825,68.94
8fc5c48c-82a4-4c68-b0da-bf98609482b9,Carrefour Bio,tech,grand public,Nantes,317511,8,93,57.4,3316085,77.23
60984e2f-a830-4b0b-86f7-240afb0b01b4,TechNova,automobile,étudiants,Lyon,374568,5,387,64.34,1473992,46.35
334f9509-8f97-4411-b8e1-e588465efbb8,Fresh&Go,santé,CSP+,Bordeaux,440121,34,158,65.43,2175504,66.5
fe9c4692-0710-40b3-86f4-71378a06a8a2,Maison Nova,automobile,étudiants,Toulouse,45143,43,360,78.48,1888459,44.09
7e8b89be-95d5-43b5-b107-4d25e538b5ed,Carrefour Bio,banque,touristes,Marseille,201366,30,326,63.54,2894264,87.24
c25f5f50-7a71-4671-81c8-bc82cf5cb77f,TechNova,food,touristes,Lyon,172093,37,65,84.35,3371957,112.84
e5a861a1-d366-4c72-8d73-006d714b0d07,Bellea,luxe,jeunes actifs,Bordeaux,316668,5,208,74.87,2779579,123.76
8e2a5f08-c7e8-4a6a-90b8-fc32d8451905,Maison Nova,food,CSP+,Paris,73132,20,549,70.58,2235294,54.44
44d51b02-ab6b-49d6-a6e7-f750b58ef2a6,Fresh&Go,beauté,touristes,Bordeaux,273374,34,356,86.8,1971445,75.36
9f88fb8c-018c-49e9-99b0-7e1b46f385bf,Maison Nova,luxe,étudiants,Paris,242177,19,243,47.28,1229473,66.73
68b6810d-e842-43b3-99fc-0c696efceba6,TechNova,banque,jeunes actifs,Bordeaux,276178,45,283,93.15,1353357,152.69
9ad6c15b-6659-43bb-9691-05b9679cade9,Carrefour Bio,tech,jeunes actifs,Nantes,89554,30,571,51.74,2001403,61.0
0b03f71e-d9d9-4585-b2ac-6d32f828d2ee,AutoMotion,banque,jeunes actifs,Lille,312464,22,261,59.19,1252520,90.11
35f00ca8-c61e-483b-9ce2-9e87ef7de54f,Fresh&Go,automobile,étudiants,Toulouse,15308,22,293,55.56,1918924,55.73
8e48d5fc-55f5-466b-92ad-0162b6a019a8,Luxeor,tech,étudiants,Lille,385033,30,242,45.38,3366648,75.34
9d842584-9079-4657-bdab-a8fc1e3a17ec,Maison Nova,beauté,familles,Nantes,195116,3,456,70.32,2848877,51.7
d9917daf-ed15-46a9-9741-a240577ce889,Bellea,tech,étudiants,Marseille,160888,14,305,62.63,2527424,40.12
244f504a-3f19-4b3a-93bf-d0d62edd520f,Luxeor,santé,familles,Bordeaux,438445,22,106,65.86,825033,99.35
eeec1cad-ef6c-4bdf-a1c3-3e2e9c1b2a8b,Fresh&Go,santé,étudiants,Bordeaux,152776,40,410,94.56,1088126,95.2
5bba2a5f-19c8-4578-95f5-a616494c8d5c,AutoMotion,banque,jeunes actifs,Toulouse,222397,44,428,89.94,158025,150.0
e6a6f2ca-07e4-4532-80de-2fc1de0eb218,Fresh&Go,beauté,grand public,Marseille,142620,23,572,67.05,2786254,74.87
54ad7c1d-b262-4261-a692-604e334cb043,AutoMotion,tech,familles,Toulouse,330650,35,115,49.18,413822,49.67
1d3faac5-8721-418c-81c7-20425ac38973,AutoMotion,tech,grand public,Toulouse,97107,18,309,54.08,528160,86.1
9f51e2b2-0646-4b83-86a3-ae005e04ff58,AutoMotion,banque,CSP+,Toulouse,484817,22,572,78.15,2930136,123.85
34569158-8a59-49b4-9549-e5c2acb0ffba,AutoMotion,luxe,touristes,Paris,414274,16,41,81.69,3090437,121.32
83bda090-ce3a-419d-b425-b5e420c28e2f,Fresh&Go,retail,jeunes actifs,Lyon,30376,22,259,83.57,2470928,107.06
1721b4bb-50af-4981-847b-fadda7aea813,AutoMotion,tech,jeunes actifs,Bordeaux,496278,45,17,73.17,3222603,48.98
47924144-21c2-4e98-8fa3-ac85f1ec06dd,Luxeor,food,familles,Toulouse,197345,25,63,81.34,348403,73.77
e83e7c3f-34cf-452f-935b-8de513f60c0f,Bellea,tech,familles,Nantes,63952,29,536,89.44,3212568,73.67
d9790a07-0f1a-4278-9194-8836fb000fa2,Carrefour Bio,banque,étudiants,Toulouse,14836,32,218,95.97,3192588,141.1
694006f9-858f-41fa-b4eb-e13ef83fc0a7,UrbanFit,food,CSP+,Bordeaux,361432,37,556,67.56,1785759,102.2
c54fe3aa-4e97-46da-ba63-829c70df984f,Maison Nova,food,étudiants,Bordeaux,319265,8,362,97.97,1453014,130.82
885cf413-14dd-41db-89db-e845a9a8c1c9,Fresh&Go,santé,familles,Marseille,57478,14,565,67.1,317912,83.51
1b8979b3-cb68-4f1b-9e38-2e4c35350486,Carrefour Bio,santé,CSP+,Lille,419315,39,248,77.97,821551,90.26
9e70b914-d88e-4ccc-a3ce-c45d2ed032ee,Maison Nova,retail,touristes,Lyon,120108,37,524,54.71,2135894,32.26
78a9dbf4-a928-4bc3-a97c-34eaaa83ee8d,Carrefour Bio,automobile,étudiants,Marseille,485570,9,483,60.06,3212125,35.09
08cad09d-b79b-4a71-9de5-c940671129cd,Bellea,sport,grand public,Bordeaux,224187,44,54,47.52,2488495,40.86
cef0e82d-2c50-4b21-b34e-5ee0844cd572,AutoMotion,banque,grand public,Marseille,313736,7,559,65.87,1763988,98.75
f33c1de1-33c8-4f0e-9912-dca4c13d2220,Bellea,santé,étudiants,Nantes,103408,13,38,52.98,2974741,38.2
e366e034-e7c4-496f-ad60-d36ef55a3d12,AutoMotion,tech,jeunes actifs,Nantes,141981,26,461,88.06,1578214,47.45
005af5eb-7ca2-4cd3-957d-bb919499369c,Fresh&Go,sport,étudiants,Marseille,388674,6,501,95.58,1247227,75.78
40be0f29-3eb7-4027-8af3-3e93944bf2b5,Carrefour Bio,luxe,étudiants,Lille,81829,5,384,61.82,1213740,91.04
25d552b4-390c-4f0d-9caf-de2987e37141,TechNova,food,touristes,Marseille,283223,40,32,76.09,2207510,47.59
57956b4c-b50b-4e3e-8571-9d801f4640de,UrbanFit,beauté,étudiants,Bordeaux,243621,31,461,51.43,2037514,69.71
b55f812f-d094-44ee-bfdb-ee01c8ee7ee2,Maison Nova,food,grand public,Paris,114406,25,573,84.25,921231,138.81
5ca8ee3b-a719-4743-80f2-bbb238937502,Carrefour Bio,retail,familles,Toulouse,26668,3,67,81.1,374501,45.88
1ae199a1-54c6-460c-9419-9d69647da403,Carrefour Bio,automobile,grand public,Marseille,269773,4,245,86.8,628330,139.89
8f6b958c-8b1f-48a1-9d2f-37658ff7fbd5,Carrefour Bio,automobile,touristes,Toulouse,341342,19,335,54.93,587030,28.48
12625851-ef65-4a8b-949c-1d0f8581e080,Fresh&Go,sport,étudiants,Lille,11303,24,30,52.9,1202555,34.43
75c54756-63d9-4ceb-9a7d-c95f4b6ad982,Carrefour Bio,automobile,touristes,Marseille,493238,40,531,51.63,614310,29.22
d3740f75-9e0a-4603-9ca5-a584d45d1462,Maison Nova,automobile,familles,Marseille,214722,11,234,46.53,1470018,25.56
7e2ef170-7ada-416e-93eb-7aff06a95162,AutoMotion,banque,jeunes actifs,Bordeaux,371317,30,316,70.3,704190,72.49
138b12dd-3786-4a15-8c01-0c603c8e33f4,Bellea,banque,jeunes actifs,Toulouse,455766,25,138,58.15,2706478,37.2
97554c49-9486-469a-8477-1bc118011b98,Luxeor,food,jeunes actifs,Paris,9898,36,236,67.99,2616650,69.4
fe72fe66-115f-4747-a54a-1da12a5978b1,Bellea,tech,jeunes actifs,Bordeaux,21245,37,342,64.16,1584353,68.3
1f881f9e-ffba-4c3e-8eb2-df7fb3ed0cd8,Bellea,beauté,familles,Nantes,439234,28,12,59.18,2020648,79.03
000121ed-92b9-4c63-8a62-0c4559cb40d9,UrbanFit,banque,étudiants,Toulouse,231275,43,303,82.81,1894865,125.74
a159f150-f546-416b-a633-555deed14a77,UrbanFit,automobile,touristes,Lille,288108,41,200,82.7,1333468,100.05
2287d9e3-4d07-41f5-ba9d-bead8422009e,Fresh&Go,sport,CSP+,Nantes,408632,45,276,69.85,482528,118.14
b7cf692d-f918-4181-94b9-466859a6dbb4,Maison Nova,tech,touristes,Nantes,89620,3,120,89.32,2526785,148.56
11849c09-d67c-4d1f-8489-d1bf1427bb3f,Luxeor,santé,touristes,Bordeaux,202452,35,142,47.99,665793,53.61
e608441d-9370-4f99-8a71-56480e3659b0,AutoMotion,beauté,grand public,Toulouse,227622,8,230,62.04,1057257,104.16
5a2348e0-88ff-4595-92ce-dbce698ed402,Luxeor,retail,jeunes actifs,Lille,466044,39,462,87.77,3379840,121.63
cf5fb488-20d6-4495-9c69-c00ba21fe80b,AutoMotion,banque,touristes,Lyon,286582,16,379,66.65,144599,40.85
1e066f7d-898e-49e0-8959-525ba9e80a99,TechNova,beauté,étudiants,Paris,491149,30,293,97.07,946745,55.76
c1a5e9c0-6d62-4847-84e5-0a3f22df4d6b,Luxeor,beauté,familles,Lille,52548,9,40,72.17,2172554,78.18
42a6c9da-9078-4d56-9ec6-aaee704dba3b,UrbanFit,santé,touristes,Paris,498448,5,252,63.53,3074637,49.6
79167dec-6c88-492c-b0d7-06f775e93cad,Fresh&Go,sport,familles,Marseille,111632,22,461,73.94,2382960,69.92
8dab9b8c-122b-471a-b749-333c07b5014c,AutoMotion,sport,familles,Bordeaux,409649,35,300,92.87,2407800,137.02
9569c5e8-3a49-4793-b1bd-8ad31d973dc8,Fresh&Go,luxe,grand public,Nantes,342070,29,102,58.07,1102359,77.74
4d5f84d1-1bcc-4713-9b32-98958eaf4c3d,Bellea,retail,familles,Bordeaux,224994,30,112,51.83,3281452,37.26
b3be049b-9349-4d3f-bdb4-e86f9cc833b3,Bellea,tech,grand public,Paris,362145,32,199,93.37,1894300,73.69
68fdc862-50a0-4267-9141-2c31f7a17602,Carrefour Bio,beauté,familles,Nantes,286081,42,147,66.12,1338382,66.83
86445a50-080e-494b-a600-01fd72ff4a4f,Luxeor,tech,étudiants,Nantes,90375,25,200,61.18,1903474,54.24
89c25514-23cd-4c26-bae4-c3fd7bad5081,Bellea,luxe,jeunes actifs,Paris,70270,33,43,81.88,895609,101.39
0206d6e4-55af-4004-b0fe-4d7cbf48b113,AutoMotion,automobile,étudiants,Nantes,387924,15,137,48.95,586175,39.42
8c80939b-610e-4177-a609-166565a59da5,Carrefour Bio,banque,touristes,Lyon,463775,12,435,78.39,3246677,105.67
2c729096-6fff-4928-a466-fd01048f1f02,TechNova,retail,étudiants,Paris,395136,43,28,67.29,1266357,78.63
40fc82b6-4838-414f-a797-402207f7b6db,Maison Nova,automobile,CSP+,Lille,84612,22,119,82.47,1768398,54.83
4e8b896e-d3d0-4be7-bee5-2b5481840f2d,Bellea,sport,grand public,Bordeaux,439811,11,500,46.48,1495055,24.38
bc5a8aae-4979-4139-8ca4-e1f1b5ab117f,Fresh&Go,banque,grand public,Lyon,112531,7,267,93.25,1807546,55.05
20f79044-f100-454e-bcc7-1925ceacc7a9,Carrefour Bio,sport,jeunes actifs,Lyon,426317,42,356,83.02,3041123,91.75
f519978b-50be-41b1-bbfb-6d29b8e4657e,UrbanFit,banque,grand public,Bordeaux,247485,23,308,59.74,2707400,34.85
6ef502e4-c564-419f-b5fd-8c145c635922,TechNova,retail,grand public,Toulouse,22662,43,85,93.61,1491351,127.8
9ff854cc-220e-4225-a78b-e060552b98eb,Maison Nova,beauté,touristes,Nantes,476272,6,467,84.88,2571817,131.07
3ab14eb8-f4d6-4a96-b1b8-7f1640bd0821,Luxeor,beauté,touristes,Paris,386123,39,577,92.46,2084510,95.65
07328f0f-8bac-407e-94ae-93ff8fe19ab8,Fresh&Go,luxe,CSP+,Toulouse,79053,43,264,85.07,972953,127.17
47b91f87-d360-4f57-8487-bfbb5f517e2a,Maison Nova,luxe,étudiants,Bordeaux,82804,29,351,74.31,2270910,43.48
34b30ca3-71bd-444b-9f2e-fa8905165d60,TechNova,luxe,touristes,Nantes,5897,37,90,56.94,2527861,41.01
e54d2905-e3a1-4c89-bdde-1cc2e9ca2306,Fresh&Go,banque,étudiants,Bordeaux,201996,39,414,72.88,1942799,84.28
6c62907e-f401-4b9e-af0e-aab46d99e81d,TechNova,sport,touristes,Toulouse,79478,31,254,81.33,1914835,52.47
54577c07-59ba-4ce8-b909-85080d8e2892,Bellea,santé,familles,Lille,338299,41,544,69.69,1919182,74.91
29ff401a-d71b-497c-81ff-1874f1465789,Luxeor,luxe,CSP+,Marseille,481575,34,144,45.01,2808568,51.52
1adfc0bc-e40e-4269-b49c-580c49fc0dd0,Luxeor,food,touristes,Lyon,88106,4,450,73.89,3237195,68.74
2eca6f7d-672f-4a0c-83bf-f4ca3e7c9e4c,Maison Nova,retail,CSP+,Lille,322165,42,285,86.7,2998464,143.46
1b870161-fff5-41a3-b07e-6d956077c0bb,Maison Nova,santé,grand public,Lille,6872,12,336,82.48,161490,124.77
6914ee88-8379-47d0-8c16-064c6cc6e830,Maison Nova,food,touristes,Toulouse,348687,36,576,69.17,3062165,84.86
b777fd34-1f8d-45ac-b8bd-c7f2f9beeed5,Carrefour Bio,beauté,grand public,Lille,442369,17,537,94.66,255853,118.2
8958e5a2-6fc9-4ac3-b04c-9b8cbe950d3e,Bellea,luxe,CSP+,Nantes,144393,21,211,83.71,1635584,74.74
454d9a06-58a0-4107-8896-2576e4cb6ba6,Bellea,santé,grand public,Marseille,172901,34,241,95.0,112490,61.12
0a1e58ba-5f11-462a-a9f5-31bcdea5faa1,AutoMotion,retail,familles,Bordeaux,486961,12,113,82.78,814065,127.16
c293cfba-ff98-4094-8d88-c5185fa3f40a,Luxeor,automobile,étudiants,Toulouse,408545,17,567,59.4,2338816,35.24
82b650e5-065f-45df-a880-89daa9bf16f6,TechNova,retail,touristes,Paris,404567,16,280,77.01,1785645,57.66
09ec0b9a-d6f6-49e3-ba8b-58016fb62fcb,TechNova,retail,grand public,Bordeaux,280960,20,33,76.85,2818117,51.25
004c997c-d29b-42dd-8ca6-6bbc3b4cf441,AutoMotion,beauté,grand public,Marseille,56620,11,360,81.08,68765,112.83
57f64dc3-17d5-48dd-9ef8-4fea9f8cdd03,Bellea,food,étudiants,Nantes,414904,32,115,58.06,271465,37.9
6c390e65-2e9c-4e38-9a9d-351ab32e17c8,Luxeor,sport,étudiants,Bordeaux,133100,39,592,47.83,3493043,60.31
ec6ed547-c033-4e4c-b196-052502240d08,AutoMotion,food,touristes,Bordeaux,350479,22,130,83.02,3120550,79.09
22f20c94-8a4f-4ac5-898c-f00a22817f94,Carrefour Bio,retail,grand public,Paris,36153,24,178,62.92,1244661,42.77
ce7226f9-9f2b-48b3-b369-a482e42fc95a,Fresh&Go,banque,touristes,Paris,220169,41,150,55.21,668139,37.81
3cc86779-6c60-4d6c-92f9-aa7529320b8f,UrbanFit,banque,étudiants,Toulouse,269013,43,119,89.22,794276,111.72
e7b537b1-0dfa-4977-a5af-8c48b33c4899,AutoMotion,automobile,étudiants,Lyon,433038,9,486,46.75,660251,76.09
d058a8b8-012d-4c22-b687-af5cf11002ff,Carrefour Bio,automobile,grand public,Bordeaux,377639,33,228,77.45,2333211,62.01
4cfcf5fd-1dda-4301-a5ab-f99f775c41dd,Luxeor,santé,familles,Marseille,144683,33,462,88.6,522706,121.83
6e2bfe62-1324-468b-9a90-ae6b6e3b8fbb,UrbanFit,automobile,grand public,Paris,418767,39,340,57.79,2085763,69.14
514cdb61-14bf-4325-9d55-8e7372aa9107,Carrefour Bio,automobile,étudiants,Marseille,495685,34,575,55.5,3327182,84.13
ef65f289-54b8-413e-80f5-aac4b9af7879,Bellea,retail,grand public,Paris,490388,43,453,54.11,192103,73.5
15f8625f-13d0-4c9e-9ff7-a65e10db91c0,Fresh&Go,sport,CSP+,Lille,5367,20,183,62.89,889178,35.43
6c36b836-2309-4386-9d19-afa34820ff26,AutoMotion,banque,touristes,Lille,458027,8,577,57.58,2425277,91.11
3a868b32-5613-4666-a329-2928d35b4c92,AutoMotion,santé,étudiants,Lille,435696,16,327,48.32,934854,37.37
885fa97d-789f-4f79-94a4-92c248db12d1,Fresh&Go,sport,familles,Lille,396107,45,494,74.03,3419667,117.46
9dab8538-f87b-49d6-b1f6-6708144e106a,Bellea,banque,jeunes actifs,Bordeaux,102597,13,213,71.49,1553543,42.98
7a752bcb-8b47-4ed7-8f48-719657210c8b,Fresh&Go,santé,jeunes actifs,Marseille,133026,19,539,85.67,1833787,51.84
539e0b35-7000-4155-9e51-fc388c2164cf,Luxeor,food,jeunes actifs,Marseille,467844,42,331,89.09,1912738,71.65
8450751e-28f4-4bb0-bcca-653962d1b544,Bellea,food,CSP+,Lyon,29377,29,165,95.4,1334640,57.16
8bc3b7a2-5093-4e93-bd01-aeefaecafdd9,AutoMotion,retail,grand public,Nantes,495413,4,18,57.28,2923694,75.71
d411e6e2-c5ed-4283-b824-7b2ac4894b0a,TechNova,banque,grand public,Lille,42297,28,42,96.9,2231151,113.76
1418445c-c1cd-43b8-8318-afcf9069f920,Luxeor,santé,touristes,Lyon,405739,21,103,69.66,2470841,53.93
b3e577ed-4c09-4945-b054-4869e4809862,TechNova,tech,étudiants,Bordeaux,350444,10,21,58.96,922011,80.09
4360be45-e8b7-423e-ba0c-dc50dbd402db,Luxeor,banque,grand public,Toulouse,77173,41,223,80.31,992098,62.01
edcabdea-16e1-4b79-aefa-19a7c90aa244,UrbanFit,banque,étudiants,Bordeaux,206560,34,523,92.11,83546,61.83
a29f0416-ac06-4c3c-932c-98629f29d00c,Maison Nova,automobile,étudiants,Nantes,311462,31,99,60.61,340116,72.19
6cd566b8-f899-4e49-82f6-3b2719177e09,AutoMotion,luxe,étudiants,Toulouse,232109,5,190,66.13,1547861,88.49
62997e2b-0216-43e4-980b-2322be0929d1,Bellea,retail,CSP+,Nantes,72994,19,420,51.56,1188420,75.33
0cc74e7d-242b-4b43-8191-c436b298c52b,Luxeor,beauté,CSP+,Marseille,96958,41,71,58.07,2628276,38.87
4a532ff0-bcd6-4f8d-a693-55eac438e487,TechNova,food,familles,Lyon,314719,15,557,94.24,2681807,71.82
d7811ea7-57b5-40ad-b754-8617d5fee7d2,Bellea,santé,jeunes actifs,Lyon,91419,5,565,79.96,1509385,75.13
43d37bdc-d28f-466b-9b42-4eba55e1a80a,Luxeor,banque,grand public,Lille,241594,22,466,95.46,1265756,66.32
eb0aed6f-c30a-4d80-b230-6526e594af9c,Luxeor,banque,touristes,Lille,27301,17,546,49.56,302859,38.06
016dab84-1ca5-468a-ba7b-119c2f1296fc,Bellea,sport,grand public,Paris,206494,12,258,93.7,549143,146.64
1aab5dd2-312f-495f-9ed1-45d5f2558bd8,TechNova,banque,jeunes actifs,Bordeaux,401886,22,381,66.27,467997,103.19
8676bd7a-b822-474f-9d6a-e6574cebc861,Fresh&Go,luxe,jeunes actifs,Paris,177061,35,134,74.9,3017269,79.37
a34a74c0-3fdd-4194-9a58-add300e18926,Fresh&Go,santé,touristes,Marseille,364327,45,201,50.85,2377674,67.95
d627a983-fb38-47bf-8dd7-8fd2a92fedcb,Luxeor,retail,familles,Bordeaux,58284,28,14,73.43,595179,90.88
79a8d727-4ca0-48b9-8ab6-732773374983,Fresh&Go,retail,grand public,Nantes,215938,6,494,90.87,972982,86.52
a0169a24-4a57-4863-8ff7-c61cf36037a9,Fresh&Go,sport,CSP+,Marseille,322641,31,269,78.32,1963980,62.98
bf37353d-9353-44c1-b004-a80d6f226e60,TechNova,retail,grand public,Paris,379072,43,89,89.15,1441102,101.88
51752968-3458-4291-aa81-29bf6a7bdcbe,TechNova,tech,touristes,Toulouse,461913,45,174,82.85,1440580,76.68
f8182113-fa99-4a3a-8779-b1544cf3c98e,Luxeor,sport,familles,Marseille,204153,5,208,46.38,2150582,68.01
a09b9bd7-489a-432c-9e42-05d774319167,Bellea,beauté,CSP+,Paris,91057,7,401,61.86,279261,41.12
da8f398e-1b47-4df4-a666-943777d3037b,Fresh&Go,luxe,familles,Lille,187051,29,286,91.43,793087,147.3
aa1f3ebb-265b-4f73-a70d-60c8eceb4203,Bellea,automobile,familles,Bordeaux,210874,10,366,81.71,2975401,95.57
186b493f-6fe2-44d5-8c15-8c6cde38caf1,Maison Nova,automobile,familles,Toulouse,67008,24,11,91.21,3471486,147.68
e92646cf-31c0-47d5-b1de-d4a18739f9b7,Carrefour Bio,tech,jeunes actifs,Bordeaux,104578,30,196,66.02,1233653,67.83
03e979c0-f1da-4e48-9b1b-6dbe94cfb6e5,Maison Nova,beauté,touristes,Bordeaux,235175,7,450,69.54,473546,77.88
c6d65696-4523-4482-a17a-83e6ffc29201,Bellea,banque,familles,Paris,465989,3,277,91.47,3185513,105.35
cad13616-00d6-4a5a-a9da-c66464bb9ebf,UrbanFit,banque,étudiants,Nantes,416381,9,537,72.27,3491268,55.03
17d03879-54c0-4be8-a4da-ac70ab50fdaf,Luxeor,luxe,étudiants,Paris,197656,16,32,87.93,105229,83.36
746ecd23-4bab-455c-9ead-164abed4f55b,Bellea,beauté,jeunes actifs,Bordeaux,37242,22,170,74.47,2736987,75.67
2861886b-0b40-4b5e-a824-5f157c96c83b,Bellea,luxe,CSP+,Lille,22736,5,51,70.12,1391581,83.63
853f1b20-63af-41f8-9092-50ffec92aa6e,Carrefour Bio,luxe,CSP+,Lille,93499,45,309,67.2,1935050,71.32
09c9a83c-d26c-4774-8434-c599a6b7a649,UrbanFit,luxe,CSP+,Marseille,56187,27,145,95.39,2891940,69.65
1374b375-8c71-4342-a5d5-2569cf97168c,Carrefour Bio,food,jeunes actifs,Nantes,377808,8,333,78.16,447503,53.73
e6bb7aff-84c0-455b-a01d-cf17bffe1f27,Fresh&Go,beauté,jeunes actifs,Paris,417870,8,515,76.6,85183,62.82
62707d76-d320-45e9-920a-1970e3e59fbf,Bellea,retail,étudiants,Lyon,416778,9,110,96.93,3079038,76.61
255e276e-e892-4c78-a9e7-02e3b4a0462a,Carrefour Bio,food,familles,Nantes,246369,40,365,92.69,1686095,109.08
d74ada2a-7747-4df0-b89a-447ce4b00277,Luxeor,automobile,étudiants,Marseille,438284,3,146,75.79,2744304,119.96
0c97398b-1c76-499b-9aff-3a611a13fd26,Bellea,automobile,familles,Lyon,372467,37,322,66.47,960044,93.34
ddfa5a8c-0aa5-4493-9058-3465e599a6e3,Maison Nova,food,CSP+,Bordeaux,272507,33,378,50.13,3009524,81.14
45d176a0-8d9e-4bf2-ade3-376127f8a2c1,Luxeor,retail,grand public,Paris,78136,12,246,97.8,1147371,125.62
7267e1d4-bf43-42c2-99f8-332752119bd1,Maison Nova,luxe,CSP+,Lille,154368,3,27,71.34,185156,69.56
76c6de82-63b1-4182-8171-027b06d02f0b,AutoMotion,food,touristes,Lille,480509,4,63,68.34,3412396,36.87
c75c23e7-1970-466a-8476-8a84976e6f76,AutoMotion,tech,CSP+,Lille,190984,36,75,82.86,1389157,94.55
dc2be398-69a8-413f-bda8-97d260513234,TechNova,luxe,étudiants,Lyon,258610,5,557,96.61,2451790,49.86
8aba0ce6-eaef-4223-b4ed-107c00bf5970,AutoMotion,food,CSP+,Paris,421074,39,418,76.9,2767590,129.56
74fbd8a4-d816-4a19-9ea8-cd83fdbac1f6,Maison Nova,sport,touristes,Toulouse,71066,37,435,62.53,287497,58.19
e8c83457-ef6c-454d-999c-5bdf4a76726e,UrbanFit,luxe,touristes,Lille,221654,19,187,79.06,167459,121.95
da5e2abb-f961-41cb-8503-4f3fdc908f04,Luxeor,luxe,familles,Lille,72230,10,325,61.41,1571203,52.11
2b538faf-5e4e-400b-bfa5-dbd3a9520536,Maison Nova,beauté,jeunes actifs,Nantes,494666,35,557,71.01,1538360,90.94
9285ca6c-8bd7-4d9b-9f6d-048397cf45ad,Luxeor,automobile,familles,Bordeaux,93733,20,338,66.2,432906,52.08
07b0cc70-e2f8-42b4-8338-c9b18e231f77,UrbanFit,automobile,étudiants,Bordeaux,289780,28,570,96.55,73711,70.56
b76c0d7f-5fcd-4dd6-bc1b-27b6bdfea941,Carrefour Bio,banque,étudiants,Bordeaux,242943,9,475,85.45,1730000,129.33
71bbe829-5084-442e-8ed5-d87cf00a1a43,Luxeor,santé,touristes,Paris,306822,36,522,86.85,2703977,100.54
fbab9e75-34b1-4a04-9003-e28a474d3ce8,Maison Nova,food,jeunes actifs,Toulouse,379221,43,23,57.15,1145618,43.63
2aa6d28f-97dd-4101-8c0c-19af8649a3e4,Fresh&Go,beauté,jeunes actifs,Lyon,15743,39,54,81.66,568177,128.85
f1ff72e9-6504-449f-9e1d-ddb069970fbb,Fresh&Go,sport,touristes,Toulouse,273326,43,14,94.28,2812287,73.71
25a312d2-a3c6-44c5-8df8-6f4773023cc7,Bellea,luxe,CSP+,Nantes,157087,18,508,50.21,1519498,35.96
db39fdd3-f54c-49bc-be1a-4156e5196b8b,Fresh&Go,sport,touristes,Paris,378567,21,550,70.4,573951,91.44
73319da1-ca16-4897-9721-97c768918411,Luxeor,tech,familles,Lyon,470022,36,302,87.18,2175198,81.01
f5741a37-000d-4e18-97e0-2d0c4ce2a639,Carrefour Bio,automobile,jeunes actifs,Toulouse,28291,33,403,57.46,3301509,32.38
bbe66599-2198-40ff-9fbd-7b189f0779db,Fresh&Go,retail,touristes,Nantes,403995,26,420,81.54,3296882,108.87
e7913ccd-b980-4041-8999-7e42302f73ba,TechNova,tech,touristes,Nantes,27341,9,428,69.79,3248568,108.33
563c72c2-e5b6-4f08-a0c3-39630c519c68,Luxeor,tech,étudiants,Marseille,272801,12,499,52.17,1570121,42.72
ab99acbb-5d78-47a7-86ff-39d055a8b49b,Luxeor,tech,jeunes actifs,Toulouse,310222,9,214,55.81,337179,86.56
c317e9eb-400f-4e11-a902-a11fe5510029,Luxeor,retail,étudiants,Marseille,100144,35,459,82.9,2347562,52.48
cf85e1fb-8bba-4fef-a3df-4c8a7425b6e0,UrbanFit,santé,jeunes actifs,Paris,297668,44,202,85.3,39746,79.34
52e732ab-0da9-462c-b97b-1503b525923a,TechNova,luxe,touristes,Lille,22613,38,85,87.79,3466825,58.62
59328c81-ab3b-4059-89d5-15651f7e4ea1,Bellea,sport,grand public,Toulouse,94539,26,102,59.13,317539,92.09
f3d9aaf1-4ff9-45b0-b351-41803b0eabc9,Maison Nova,food,étudiants,Nantes,402539,26,268,66.18,3070329,49.31
3a47526b-5dd4-4980-aaee-1a66258401aa,Maison Nova,automobile,familles,Nantes,203056,35,575,46.26,3035959,66.71
aa6a0800-e969-4aea-a73c-7abd2ac7a397,Bellea,automobile,étudiants,Paris,177011,20,306,77.11,64465,112.89
cc67ced2-778c-4213-b550-b3491f31b25c,Bellea,beauté,touristes,Paris,152907,16,157,88.72,1039542,111.98
fea81e10-5fd1-4622-b328-da9155054ff6,Luxeor,food,CSP+,Lille,15432,26,468,93.88,2028811,101.7
3dae3f96-c32a-44be-8167-e88546cf03f2,Carrefour Bio,santé,étudiants,Toulouse,36110,39,581,95.37,857453,149.18
339cc15c-3d67-41b4-b205-17836a6acc67,Luxeor,food,CSP+,Lyon,20052,28,585,75.79,613482,46.16
74fb1d1c-cfc2-4a42-b396-7ddf6c1cffa8,AutoMotion,automobile,étudiants,Paris,329797,3,351,61.85,1496906,53.68
bf2f598e-1773-40be-a7d1-27f08d2fedd7,Luxeor,santé,jeunes actifs,Lyon,328192,35,340,59.65,2472227,99.85
cef72b72-7b21-4dcf-aa08-f9ddef4b18ed,Luxeor,banque,CSP+,Nantes,137613,9,285,86.29,2122285,102.34
8fec2245-33e4-4ca9-b135-fc1200341737,AutoMotion,santé,jeunes actifs,Lille,41236,6,141,65.75,2231329,69.92
563bf456-8083-4a82-99ae-622551ed8180,Bellea,tech,étudiants,Nantes,57128,44,600,89.27,2222663,54.69
46051d71-71b6-4860-8d27-37335b5ce29c,Carrefour Bio,santé,étudiants,Lyon,374282,17,503,51.81,1087440,40.46
759c4af2-c712-48f6-bc3c-eb889ca9e9be,Carrefour Bio,beauté,CSP+,Bordeaux,116661,16,270,82.78,769953,68.96
2e667c85-0203-431a-b963-969f0ecb78d7,Bellea,banque,familles,Toulouse,319361,16,267,56.59,3101898,90.57
66ac3692-2bfb-4af5-a248-4c3a3d19c1b2,Bellea,automobile,touristes,Lyon,104117,34,269,63.19,1382341,93.17
c5963b1c-6f0a-4242-9918-536227e47665,UrbanFit,food,familles,Lille,165056,44,451,89.59,2338524,60.56
a6c6cada-88d6-4aa0-a09c-09732158e7d6,Fresh&Go,beauté,familles,Lyon,329052,29,159,47.71,554855,71.08
3f2c4036-f05a-4a45-a407-6eec0dd50ad7,Bellea,banque,jeunes actifs,Marseille,473916,26,70,76.66,1476500,116.01
f56ea530-2304-4462-be2e-5a0f1f7839ce,Luxeor,sport,étudiants,Nantes,489972,13,282,47.14,786997,48.24
35dec8d2-12f9-47e0-9bd4-d8c315bd33f5,Bellea,beauté,CSP+,Toulouse,475077,15,561,61.48,3294852,52.03
b4a5a88e-8565-43df-a319-8f3453c8851a,Fresh&Go,retail,touristes,Marseille,270079,38,197,77.35,3443280,60.0
79d53503-ba23-4aa0-9ba8-1cf5294d5e5e,Carrefour Bio,sport,familles,Toulouse,307950,32,436,69.13,3207154,113.78
85c3824e-cb82-41a2-a695-6450c998b31e,Fresh&Go,retail,grand public,Paris,144140,22,164,87.79,274094,112.45
6e65cd23-a331-4872-a2bc-6408a0d40c64,Bellea,sport,jeunes actifs,Lille,425545,33,312,45.64,2495269,47.65
44b38c4f-e73c-4064-a083-010ded9bd7ed,Bellea,retail,touristes,Toulouse,297268,12,255,73.4,2700104,94.74
37481b81-bc43-4b15-a8bb-43595099fa19,Bellea,retail,jeunes actifs,Toulouse,495742,17,191,60.83,2658102,85.72
0b277351-4c23-48c1-94a3-598d20e9603b,Luxeor,tech,familles,Paris,186222,34,125,47.17,2766808,24.92
7b77d099-fd74-4b36-bd8d-46c21489964d,Bellea,santé,touristes,Nantes,281333,30,226,61.84,498548,103.54
65c4b246-1665-4da2-a2f8-e2d566b7e3a6,Bellea,santé,étudiants,Lyon,109463,26,254,89.5,729723,96.25
25fab586-48a5-42c1-824f-2ce713fd18cc,Bellea,banque,familles,Bordeaux,416675,26,455,72.39,3267374,113.04
4d2d9e2c-89cc-4cc5-ae0c-92d9dd389a29,Fresh&Go,sport,familles,Nantes,404395,4,194,93.89,1779384,77.46
7409c921-ab78-4850-8a16-e3a31a1dafe2,Luxeor,santé,grand public,Toulouse,422977,5,291,87.62,1686167,72.01
ef2afe18-372b-4f19-9fa7-a44b35f31140,Bellea,luxe,jeunes actifs,Nantes,14256,24,139,78.11,1688637,64.5
144fa370-4021-4c78-9927-ff913646090d,TechNova,santé,CSP+,Lyon,227303,45,170,61.76,2266914,74.71
e7554205-4e22-4c9d-9f33-2890441d1ce3,Luxeor,luxe,touristes,Lyon,53518,45,114,93.91,2660815,122.23
2f574319-ed83-4b95-bf61-8efb498630ef,Luxeor,sport,familles,Lille,267829,10,452,46.91,602881,60.24
6c3553c7-f5a5-4cce-b59d-33c5ba198717,Luxeor,retail,jeunes actifs,Marseille,130555,23,216,55.54,2673094,40.75
57558569-80c7-4708-bd65-34dfb03ad131,Bellea,luxe,familles,Toulouse,492255,31,35,77.28,397767,54.2
5829f711-879b-48d8-ac0e-af79ac905390,Bellea,banque,touristes,Lille,73300,18,249,96.5,2907538,130.99
6745497a-a9cd-4354-bc5c-7a5081306ee5,Fresh&Go,santé,CSP+,Bordeaux,307344,35,184,87.55,1573525,113.37
7000c7df-2a69-488c-990b-9f30f07914e3,Maison Nova,santé,grand public,Nantes,286389,38,69,74.41,621439,112.59
4dff51fc-ea54-463f-a22d-b14be11e963e,AutoMotion,sport,étudiants,Paris,282308,20,491,54.64,2342889,88.62
fae6b838-c86a-4784-b917-777eb200642a,Bellea,santé,touristes,Marseille,19567,34,24,69.4,229597,73.1
f73a8fd3-8a55-4e9e-a3c5-59eeec25e135,AutoMotion,automobile,touristes,Bordeaux,251218,42,560,83.2,1332904,123.3
58b25cb5-f672-4405-a900-f387e5be8e8d,TechNova,beauté,CSP+,Marseille,24879,42,146,50.38,1166896,29.87
5e6744ee-abff-4533-a6a4-b49bfb918d1c,Maison Nova,retail,CSP+,Marseille,406729,9,586,75.3,3033561,52.21
f13cea62-4585-44bd-9150-f6b764c99283,Fresh&Go,tech,CSP+,Marseille,403295,9,152,74.99,1507921,75.42
1db4e3e2-981f-4c5b-b7a7-4baaef480b75,Carrefour Bio,sport,touristes,Paris,330556,4,59,61.09,1819098,87.05
fe034c94-a3f5-4d3c-a323-9c93e005fb48,TechNova,banque,familles,Lille,223957,6,465,92.63,1548952,66.76
3d3f52b6-df2e-46bd-81b4-e69b78af7e4f,TechNova,beauté,CSP+,Toulouse,197374,19,415,95.64,2601399,117.26
d2a11509-b2d0-41c1-a86f-85b270834349,UrbanFit,tech,CSP+,Lille,110894,9,172,51.42,2964915,57.71
063cf395-d175-4b18-8b3d-5a62cbbf084c,AutoMotion,beauté,CSP+,Nantes,176319,18,475,91.48,2709604,139.79
2d2d2e0b-e5c6-4b3b-a2a1-0cad0070c777,Luxeor,food,étudiants,Bordeaux,454477,35,348,63.21,1346837,34.94
21b195df-d97b-4e5c-91d0-6a7103b6c7cb,UrbanFit,food,jeunes actifs,Paris,195274,22,77,53.32,1537529,53.88
9ba1e887-4165-4e6c-806a-74eb9eb98a61,AutoMotion,luxe,jeunes actifs,Lyon,199972,12,17,54.37,2076244,63.87
300c66b0-5060-451b-b585-2d93ab95d236,TechNova,food,grand public,Paris,284993,18,271,69.47,585304,69.53
a8e49edb-2b64-47a4-8173-54fdb24334ad,Fresh&Go,food,familles,Lyon,194608,36,294,66.0,3106072,39.5
e3735ed0-3ade-4d7b-8a65-6ec4d3d24e93,Luxeor,santé,étudiants,Lille,433060,31,296,88.5,3009278,136.64
5f87ffc1-d6a1-4f16-8468-b293f430392d,TechNova,automobile,grand public,Toulouse,5688,8,283,59.75,653011,83.81
3c8a92a5-1f25-4216-92e7-83dd80ac5908,Carrefour Bio,luxe,grand public,Lyon,106316,14,31,92.98,1446276,142.79
e9de230e-a082-43e7-b460-000ee1cfd709,Luxeor,banque,jeunes actifs,Lille,350634,8,528,49.21,697604,78.45
4470b9d0-1a0e-462f-80e2-9c2541379b6c,Bellea,retail,touristes,Bordeaux,134661,34,35,63.27,2976293,43.85
aa7c458c-95a5-4307-a31f-dd2a022fa01e,Bellea,tech,touristes,Bordeaux,343591,34,546,97.12,3470520,131.61
e0eaa865-5660-42a8-817f-0406bbc1cd3e,Bellea,retail,familles,Bordeaux,392392,32,466,83.92,433678,112.04
267b99b6-a4ee-43ee-a228-c5e820dc4e83,Maison Nova,retail,CSP+,Paris,312102,10,286,67.77,1063431,103.71
301ffd41-fa33-47ba-b1fc-2d1445c64565,Fresh&Go,tech,CSP+,Bordeaux,177091,42,13,74.37,615381,124.98
e4f5b3aa-283a-482f-8ea1-7e4872809ee6,Luxeor,retail,étudiants,Toulouse,315717,25,479,64.73,3065286,102.21
c4bf9bc4-87ae-4046-aa24-7d3006ca6304,UrbanFit,automobile,grand public,Lyon,214125,13,256,87.27,2906821,62.27
1eb8d7f8-0ab7-4e1b-ba81-998049754ea8,Carrefour Bio,beauté,étudiants,Lille,108562,28,27,55.38,2973701,53.46
06a98f6c-8f48-4212-87db-6835d52cc10c,TechNova,food,touristes,Toulouse,283870,42,420,46.17,3011684,66.31
29199c7a-ad7e-4c6c-af79-99ef3bfbae60,Carrefour Bio,beauté,CSP+,Lille,111556,24,213,81.51,1800197,55.77
3c888533-ddcb-48b9-a4d3-921dbb11784e,Luxeor,beauté,jeunes actifs,Paris,54790,15,349,80.54,110157,83.74
a8132abc-d152-4e38-a924-17fca677f5d3,Carrefour Bio,banque,jeunes actifs,Paris,101382,5,112,84.96,1240351,75.82
24e52eea-6349-41e9-a83b-d4fcb8810be9,Bellea,beauté,jeunes actifs,Marseille,105996,6,314,82.61,3335699,129.1
4eb26ee4-cbf1-4a52-bbb3-c1d58445f359,Bellea,sport,familles,Nantes,247095,3,313,79.94,598034,60.95
b1523b59-a89c-4e40-afbc-4d6b81b27c1b,UrbanFit,tech,CSP+,Paris,87697,21,193,60.61,1802152,45.9
01304288-a94f-48f0-9f20-b21951a3df48,Bellea,retail,étudiants,Paris,250482,41,442,89.74,1252429,71.98
015d25fa-f0b3-42a6-97f0-c3b149114f74,Bellea,banque,touristes,Bordeaux,341576,15,344,45.55,2866602,63.82
4fa01509-fbeb-4f31-ae08-4cce0b0211df,Bellea,banque,familles,Marseille,397117,27,368,91.23,2727349,119.85
e452419e-516b-44eb-beda-b77017683e56,Fresh&Go,santé,familles,Lyon,356801,42,525,82.38,3328660,65.27
69bf9c1b-4bf7-4d9f-917a-b345dc71a4e6,Luxeor,santé,touristes,Lille,382254,19,479,89.8,1932741,124.57
a3f25bc5-e386-4c3d-8365-0dcea9d06079,Luxeor,banque,CSP+,Lille,44487,41,310,66.18,79233,78.49
bf127c88-8246-4ed6-8c05-45eacac3e1a6,AutoMotion,retail,grand public,Nantes,205227,31,119,58.2,1282785,95.85
420ca274-fcdd-4cc9-9e5b-1124170299a8,TechNova,automobile,touristes,Lille,177529,15,370,81.75,371029,48.74
79b0cdf4-529f-4668-85a1-ad17b01ef4e0,AutoMotion,retail,familles,Lyon,358386,26,113,75.08,969357,37.77
0840b634-8f26-42f2-bc54-e3862af00c68,AutoMotion,tech,jeunes actifs,Marseille,279070,30,189,77.61,2981771,77.88
51e88340-5047-4810-a885-062cd03a4f57,Luxeor,sport,CSP+,Bordeaux,413279,31,45,84.56,107738,136.98
6a0162a0-bfeb-4782-b303-dd436a1373b5,Luxeor,banque,jeunes actifs,Toulouse,487266,43,259,64.44,414833,63.08
f2058391-a27a-487a-b17e-1fa3bba46c49,Maison Nova,food,touristes,Paris,143351,21,521,58.21,614887,42.84
9a1b6b72-5086-4e21-ba97-fba7de3fa81f,Maison Nova,banque,jeunes actifs,Marseille,167316,38,458,52.71,1423176,59.55
f7c369ae-0341-4ced-a36c-99d41ef4dd64,Fresh&Go,automobile,étudiants,Lille,343164,30,60,93.27,2410451,53.97
ee886c3e-3105-47fa-b45c-83ee6d953b97,Luxeor,beauté,touristes,Lyon,485685,19,332,58.32,2059334,81.07
801d6b1a-55a2-4c95-9690-cfaa79a48a76,Bellea,automobile,étudiants,Bordeaux,366624,38,29,54.23,1768591,67.21
608d47b1-b707-44c7-be95-04a7e7a1fc96,AutoMotion,banque,étudiants,Nantes,115448,25,43,53.43,2540530,49.04
30e9f31f-c391-4d24-9a4c-7674367f7ba6,UrbanFit,automobile,grand public,Marseille,133042,40,371,87.22,997096,69.71
bcca6be1-4165-4e5f-9e7e-c345aba7e71c,Maison Nova,sport,jeunes actifs,Marseille,222693,24,15,83.52,2865283,121.84
0b856617-103f-45e4-9ef4-44374dcfc495,UrbanFit,tech,touristes,Paris,472888,15,370,54.92,506351,80.79
5e5f12c3-d141-42d3-97bc-48bf5bf084b4,Luxeor,retail,familles,Lille,214444,35,130,49.76,1386059,67.52
3e76b7b2-97e4-460c-8abc-d31e986172b9,Fresh&Go,food,touristes,Toulouse,129856,45,363,52.29,3129078,83.99
170b373d-a8d8-42ac-8d16-94eef37bbc3c,Luxeor,food,étudiants,Lyon,492776,20,134,91.91,514289,147.09
d7220100-21a9-412b-8f39-ccd20f096347,Carrefour Bio,banque,familles,Toulouse,172133,42,132,85.94,2717344,91.17
2a2a3230-88c9-49d7-b27e-853fdc6ec57f,UrbanFit,food,CSP+,Bordeaux,298554,19,555,82.61,287988,96.2
b4fdfe07-c270-4bc8-949e-021495f73ea1,Carrefour Bio,food,jeunes actifs,Lille,122822,25,303,74.94,923950,117.7
cb8299ad-ffc2-4836-b06d-2c1cdd447295,AutoMotion,retail,CSP+,Lille,470346,12,123,91.48,2803020,110.19
a817533a-ecb1-4e6c-98d2-2d3a606805d3,UrbanFit,luxe,jeunes actifs,Lyon,51609,17,187,76.27,3283928,104.73
129601af-819b-4379-910f-4bd4f23e651c,TechNova,santé,familles,Lille,321549,20,49,59.59,2703878,62.84
092fc6dc-e926-4cd8-bec8-b4492b901677,UrbanFit,tech,familles,Toulouse,254726,43,407,64.16,2569452,87.61
eedb4b13-a4fa-4fbb-98c9-c4189c4a4b0a,TechNova,sport,CSP+,Lille,495734,18,224,89.8,3101118,70.12
646bff45-79c7-44c2-9e88-79a8c627db12,Bellea,luxe,familles,Toulouse,150319,44,259,75.32,3489054,42.71
57675d34-b210-4110-a3f4-44dc4f28b8b7,TechNova,automobile,étudiants,Toulouse,26122,41,194,81.88,1143259,105.99
97b1c578-9b20-4105-83c2-38066698cb0a,Maison Nova,sport,étudiants,Bordeaux,266764,32,508,90.98,1027868,101.79
44ad556a-b73f-4f0a-99d9-beeaed305082,Bellea,tech,grand public,Toulouse,178083,45,550,71.73,1445579,41.43
42b2b1ce-2103-4c05-a603-29db5ca00573,UrbanFit,tech,grand public,Paris,195820,7,315,65.57,2049256,60.36
28bbacd8-0a07-4dc4-92a5-39829c3cfe0a,AutoMotion,banque,étudiants,Paris,199094,32,372,77.62,2547152,95.97
e03ee10f-c852-46d8-9924-ed5479181452,Carrefour Bio,sport,familles,Paris,90753,39,29,75.71,2512138,127.97
331cdbbf-2a6c-4e64-85b1-de3fed36f910,Maison Nova,retail,grand public,Paris,22470,17,515,56.37,1984913,73.17
5fac68c1-d66b-472c-8943-01a57c077416,TechNova,food,étudiants,Marseille,178173,35,256,86.21,2624681,58.29
9d053bfa-eed9-4943-ae08-fa6d0cfcb91e,AutoMotion,beauté,CSP+,Lyon,337609,36,582,56.09,2508280,48.36
cde6575c-70fd-46cf-9fb1-23f1817746fb,Bellea,food,familles,Lyon,86991,39,286,45.02,3426506,53.1
9298982a-05e5-4220-ba1b-cc69af38871c,UrbanFit,automobile,CSP+,Bordeaux,12573,25,482,78.6,2635252,60.96
d41af95e-d10e-4825-9189-3f2d92f6866c,AutoMotion,banque,étudiants,Paris,437708,38,87,93.31,1490323,68.72
2e950a25-8a94-4348-b4d6-614649c2e910,Maison Nova,tech,étudiants,Paris,341842,13,311,82.05,2876433,70.82
ce8571af-f1d0-4609-9d19-e5b0c810e80a,UrbanFit,automobile,grand public,Marseille,307020,35,583,47.59,1386528,43.92
787e81df-84e8-4542-bebb-9d9b30067ba7,UrbanFit,banque,familles,Lille,182644,14,398,61.18,433356,80.71
8264d850-44c4-4e88-b10a-3287b01efa88,Fresh&Go,banque,touristes,Bordeaux,485552,16,445,82.12,311631,85.82
3533aaaa-b624-448e-bff8-d9965eed69e7,TechNova,retail,CSP+,Lille,259087,7,436,45.93,1560739,64.7
d45b0915-124d-4a68-871d-cc8268d668ac,Fresh&Go,banque,grand public,Nantes,111021,40,445,63.03,2230296,54.01
82807830-4b03-4533-90df-d898707b454b,Fresh&Go,food,étudiants,Lyon,364893,11,282,90.11,3104512,145.43
b37116d9-6fe1-4520-92ff-4a81cd44a433,AutoMotion,tech,touristes,Nantes,431149,12,84,66.98,678033,70.33
985e29e0-be01-454d-9be9-c8cce98f6d50,UrbanFit,santé,étudiants,Lille,246690,24,236,97.32,2201733,92.95
a198645c-5752-447d-9f1e-92b952249851,Maison Nova,retail,jeunes actifs,Nantes,315312,5,217,46.6,997610,71.56
265dee56-8ff4-45c3-8d2a-55b044a61aa2,Carrefour Bio,tech,grand public,Lyon,445245,33,183,75.08,1079725,94.21
132ddcc0-fef3-4190-a20c-749f5c696656,AutoMotion,beauté,familles,Lille,195514,10,506,58.43,1856654,55.4
4111e2bb-6c4a-44dc-8de8-9381c58e7249,Carrefour Bio,beauté,touristes,Paris,444664,28,461,83.44,46121,71.88
f5dc553e-6b3c-45ba-b4ff-691f4f53799e,Carrefour Bio,luxe,touristes,Toulouse,119482,5,377,54.2,1466866,67.69
fa85ac5f-02fa-421a-aeba-657e260aa943,Carrefour Bio,sport,touristes,Lille,105032,26,41,57.39,149233,92.61
71c1dc32-7f39-42a0-a13d-751fee7c9096,Maison Nova,luxe,grand public,Toulouse,230722,26,90,61.92,851411,39.98
ad1bfc21-5fa3-4938-9ef9-9694601ba3c4,Fresh&Go,banque,jeunes actifs,Marseille,401271,25,181,46.51,2161751,66.66
abd5b119-ed2f-4cfd-bbb0-e200433710d1,AutoMotion,tech,grand public,Marseille,50651,43,487,84.65,3050264,72.87
f813483c-341f-4c1e-b2cb-aa21d73fbd20,Carrefour Bio,sport,jeunes actifs,Lille,111687,12,38,79.77,1228921,99.13
71bd1198-0a01-46a6-8489-2c4895ad725a,Luxeor,banque,CSP+,Paris,415967,3,182,74.94,1967066,37.88
90fb02d5-afbd-4159-bd7e-a592290153b7,TechNova,luxe,grand public,Lille,305798,44,548,69.89,2757834,91.44
3ba35640-77e5-4387-932c-ffd634f81061,Fresh&Go,tech,étudiants,Nantes,151841,29,172,54.89,1501643,46.66
d34bf792-2145-413e-b293-95542ecc7040,Fresh&Go,beauté,grand public,Lille,489266,45,316,82.15,2987584,105.94
5363884d-56b5-4972-889c-3387abfcbf04,AutoMotion,food,touristes,Toulouse,460616,16,317,81.23,2474892,111.73
982fa804-887a-45da-9022-22b0d42f13c1,UrbanFit,tech,étudiants,Marseille,408512,36,583,57.0,1225695,71.51
1352f48c-6860-400a-939b-aab953d94ee4,Maison Nova,sport,familles,Paris,174354,43,213,58.42,2068308,99.25
dd93f20a-9eec-4537-99bf-d04168bf429e,Fresh&Go,luxe,étudiants,Nantes,102215,36,347,50.76,2335214,38.33
4713e48c-6092-43f8-945c-96dd3c987945,Luxeor,retail,jeunes actifs,Nantes,462724,40,380,73.22,3338233,101.98
24a74bab-977b-4362-bc18-3f3a3865feee,Carrefour Bio,food,familles,Lyon,147575,14,37,78.52,752353,43.79
fb3112bc-ac6b-45d2-9de8-05c82fdd2871,AutoMotion,beauté,étudiants,Lyon,39515,37,418,86.75,2589203,132.35
2a481001-1799-411b-b817-28504946ece9,AutoMotion,santé,grand public,Bordeaux,30876,20,53,59.23,933756,49.84
044d87c3-1e8f-4dd7-8eea-3e8ebb5dcf31,Bellea,santé,étudiants,Bordeaux,16337,26,380,68.78,1070710,57.72
8f30f469-286e-41b3-8936-b3026a5b2ec1,Carrefour Bio,retail,jeunes actifs,Marseille,323771,8,153,93.85,1324969,61.46
dc761b32-e595-48be-b173-1d6807677e42,Maison Nova,food,jeunes actifs,Paris,59508,43,408,52.12,1919743,81.69
b1f7c622-ccfe-41ef-a363-f6f231b2b8b3,UrbanFit,sport,jeunes actifs,Lille,85973,40,318,49.78,647184,79.17
708f4617-04b7-422c-9652-cc708f602677,UrbanFit,automobile,grand public,Paris,233718,7,106,94.57,217534,82.66
866f020c-b390-47a8-8d5a-ebbe9835a85c,AutoMotion,food,jeunes actifs,Nantes,428531,13,180,74.59,29520,93.81
11d9fd50-356b-4baf-bdbf-cb37e3e11348,TechNova,food,étudiants,Toulouse,114813,40,169,94.53,2271181,158.32
1aef20a3-2d0a-4400-8d5a-18b4f7eba682,Luxeor,food,étudiants,Lyon,150556,35,124,90.4,286505,85.78
4382578a-8853-431b-ba5b-e0384f90b961,AutoMotion,banque,grand public,Paris,42435,21,189,53.0,192255,27.74
a2a8de13-4b90-4e9e-8d58-a7afe8a922c1,TechNova,food,touristes,Toulouse,122085,9,345,86.81,280571,146.86
d6635017-ceff-44b1-8dd6-c804955b2032,TechNova,santé,touristes,Toulouse,419194,33,497,45.02,1113441,70.98
8b827b1a-5ac8-41dd-9cfc-28d6238dd2ae,TechNova,banque,CSP+,Marseille,5282,21,572,81.9,134538,79.39
d3976e27-8248-4ea4-80bb-4f75a3ac7746,Maison Nova,luxe,jeunes actifs,Nantes,492898,5,389,79.56,1704022,69.67
4372a8e6-7298-4403-ade1-5c45c8e0b0f8,Carrefour Bio,santé,étudiants,Toulouse,408140,22,529,76.31,3272886,123.36
b7f81351-b3fc-4839-b2f0-3ccc7ef131d1,Carrefour Bio,luxe,étudiants,Lyon,459412,10,558,58.87,398643,93.99
0c20afe7-e125-4c49-8ffc-4da8f60c9274,AutoMotion,sport,jeunes actifs,Nantes,22372,28,530,59.02,1146711,64.11
7e3a9789-13ca-48d8-9619-28426f9d9d29,Maison Nova,luxe,étudiants,Toulouse,481119,11,337,80.46,3140421,117.94
e8c14f26-9f2f-4d8a-962f-8bc1ebd4a8ff,TechNova,luxe,CSP+,Lyon,329195,10,534,56.78,923879,75.94
486b180d-d482-4a9c-b3eb-f5282ee55ec1,Bellea,beauté,CSP+,Lyon,348740,12,91,71.24,2025925,50.89
6c761026-1771-4653-8034-dbbc761362ca,Bellea,retail,grand public,Lyon,23292,35,429,54.22,3041746,45.49
aa823a32-2be2-4b6e-ab5a-d437ccd0cd35,UrbanFit,santé,CSP+,Paris,449171,35,99,47.57,1803121,76.51
499adabd-4e79-42e6-8d22-0ebbb0bb65a4,Maison Nova,tech,jeunes actifs,Lille,224881,36,212,50.53,3255801,45.65
20d76d91-b6b8-4c8c-961b-f5020fa35fd1,UrbanFit,banque,grand public,Bordeaux,456506,45,268,92.64,3208500,118.9
6564d82d-bd40-4797-ab0f-98a6dd30c9f2,Fresh&Go,banque,grand public,Bordeaux,295359,30,258,63.92,3002979,33.08
fda0f2ef-c45f-4440-ab24-8efe7a05b758,UrbanFit,banque,jeunes actifs,Marseille,357572,31,521,94.83,2623181,72.8
ba447d5b-b15b-4688-ba3f-82db6da6704c,UrbanFit,automobile,étudiants,Nantes,98170,27,56,59.58,2590435,49.9
86d853fd-7ddf-4dc6-b23b-de748ce6f341,Maison Nova,luxe,CSP+,Paris,136374,15,278,88.83,1603770,148.18
92513ad8-5937-4940-93ff-248c487d3e85,Luxeor,sport,grand public,Lyon,42974,23,252,69.77,2014296,43.86
9b95cf69-f9b4-4416-ac66-f2b5143078d4,AutoMotion,tech,grand public,Bordeaux,236925,22,565,53.25,1690826,69.65
8ada742d-a003-4bd4-856f-db2a02dab17f,Bellea,santé,jeunes actifs,Lyon,437841,38,585,49.33,1163216,61.63
96a8cb38-ed4b-4bf4-8380-7f06c1603084,Bellea,beauté,grand public,Lille,57355,23,132,71.69,3442291,81.37
f2dcaa86-4f81-4cb9-8e56-b949f285d903,Carrefour Bio,retail,grand public,Lille,341409,28,263,58.09,2770923,77.59
6f065da9-387e-4d40-a9ad-c7485748b8a8,Fresh&Go,luxe,CSP+,Lille,479182,38,342,93.98,777819,103.35
a30f7a6e-f149-4cb9-9ffe-0132d99fdbd5,TechNova,automobile,familles,Bordeaux,396904,37,89,82.39,633728,95.17
0e204aeb-8024-429d-bf80-2508cf48b387,Maison Nova,tech,touristes,Lyon,178574,29,107,58.92,2337061,84.46
6b0a4e6a-0d0f-4290-9f2e-f6a447476cbe,AutoMotion,automobile,étudiants,Nantes,489297,27,317,52.89,2259701,85.26
aae7f59e-ad29-4286-9ddf-463eb08318e2,UrbanFit,santé,étudiants,Toulouse,452784,18,399,87.76,581364,135.49
17734ff0-317b-45b9-a65f-9a9435079a7b,Fresh&Go,beauté,CSP+,Lille,271278,32,356,58.51,2133056,70.98
2df08a07-7aa6-4369-810b-3a54f8c5d2f8,TechNova,beauté,touristes,Marseille,464380,40,328,62.55,2162614,58.96
79617ab3-2fc3-42a3-a0d1-356380e85b1e,Maison Nova,automobile,touristes,Toulouse,49406,9,495,55.26,707805,55.4
db222bed-0326-428c-820c-629844443f76,Carrefour Bio,luxe,jeunes actifs,Lyon,419046,41,560,62.5,1649749,76.47
81ce1bd9-d6fe-4b38-b255-341b3df1c521,Fresh&Go,sport,grand public,Lille,14369,44,494,91.86,1918572,77.01
fd3b84a9-4067-4e84-81c9-6afc53a6eeeb,Bellea,santé,familles,Lyon,332886,35,106,66.15,1136691,68.2
1fe79c1b-e98d-4d25-ba61-3ba30cf5a190,Luxeor,beauté,jeunes actifs,Marseille,385423,38,208,86.78,1696309,67.66
6133710b-1f7e-40e5-9788-76ffc59286b5,Bellea,beauté,CSP+,Paris,133399,45,299,74.44,1001454,102.5
7e017f68-8d0f-4d9f-ba32-8dd2f5513c0d,Luxeor,sport,familles,Lyon,334811,43,435,83.77,153742,141.47
a70a60d2-72c1-4135-90c2-a7a9405ce714,AutoMotion,automobile,familles,Marseille,229918,23,292,59.94,2098162,45.54
5807b0d9-7763-4a88-99d0-1425242b4a22,Luxeor,beauté,jeunes actifs,Marseille,429587,16,328,79.19,1134481,99.9
0ff6b6ed-78e2-405d-8fdb-c8a94ec28620,Fresh&Go,santé,étudiants,Paris,122717,25,390,90.65,2427554,119.77
09bbf55c-0858-48b5-9e1e-cc1ef82e4943,UrbanFit,automobile,grand public,Bordeaux,251846,19,453,83.47,45491,61.43
c1cb17af-22ce-4b5d-a8c6-fbd4830b7b31,Bellea,beauté,étudiants,Nantes,430638,5,451,55.11,3282965,87.97
388b7c06-30e9-4637-9861-40cbdd8b291a,Maison Nova,banque,familles,Bordeaux,329261,22,578,68.41,1224450,86.94
926cc9c2-8f2d-446f-aff6-11036ae75393,TechNova,retail,étudiants,Lyon,370064,12,297,86.3,2495206,49.42
f26de5ce-7677-4ecf-b908-541fe328a685,Bellea,beauté,CSP+,Toulouse,29845,5,202,89.18,1657718,123.9
adedb223-7025-4222-9cb7-f201906d8a06,Bellea,banque,touristes,Nantes,472347,9,434,50.45,1578030,28.9
5ed0cc76-4d4b-429b-83a1-f0e26ff5bfd4,Luxeor,retail,touristes,Nantes,343848,22,600,97.45,2964001,152.19
a99cf08f-8876-41af-b8d2-f22686a0ca42,Maison Nova,tech,grand public,Marseille,186789,33,582,64.82,2218886,41.1
b189577d-cb50-42e7-901d-cff7e5ce61de,Luxeor,tech,familles,Lyon,176681,37,520,47.42,1429076,43.81
79e9f4e0-4b27-4f4e-8715-4011d6cff23c,Luxeor,beauté,étudiants,Lille,416245,10,382,53.74,1806273,43.88
bbb50f55-7338-44e6-ad85-ffa7704881ff,Fresh&Go,sport,jeunes actifs,Toulouse,480932,5,567,65.06,1195625,47.66
a79638d8-3be5-4d8d-9b7a-70a75a1cdbe6,Carrefour Bio,tech,familles,Paris,471547,14,326,94.01,1387125,80.12
d01c575a-d7b5-4e0c-9330-c448f87eb4ec,Fresh&Go,beauté,touristes,Toulouse,383001,7,346,97.43,72848,49.72
5cb65ede-c38d-4d5b-9f02-38215bbcd4fa,UrbanFit,automobile,familles,Bordeaux,47603,25,94,84.25,1913519,118.81
c84219af-dd46-42ce-91fd-9f3b769e6c0d,AutoMotion,luxe,grand public,Bordeaux,326904,41,168,48.28,2745633,60.23
ef4d96d9-83db-4104-a588-b58341bf3aa5,AutoMotion,automobile,familles,Bordeaux,280498,34,155,75.48,1073512,83.22
e1ddda7f-0c07-4b69-8532-b8863ddd2284,AutoMotion,automobile,CSP+,Lille,73579,27,287,91.17,3345516,99.03
31343a9c-b2cc-48f7-8601-e2788978ca29,Maison Nova,retail,grand public,Lyon,392232,42,25,53.6,1001498,65.49
f04f2af6-9e8d-4e56-a67c-8549ead67cb2,AutoMotion,tech,touristes,Paris,253971,17,495,52.49,2269456,80.69
d47887da-756b-4a59-87d1-b0eb5c8e4b23,Luxeor,beauté,étudiants,Lille,448788,34,32,80.31,1783893,54.5
915166f5-0a10-4b51-8389-7c833403d80a,Maison Nova,beauté,étudiants,Paris,132224,40,555,88.36,2844662,114.86
43531051-444f-4081-9ebc-7943ae6943e5,Bellea,beauté,familles,Toulouse,215817,17,83,93.03,1711841,141.14
c87ce61a-6ee9-4a54-9bdc-6a8e13da969e,TechNova,food,CSP+,Paris,83862,20,599,65.43,3279116,39.11
16adcdf2-34ed-4834-953d-6a5df5c7cab8,Luxeor,food,jeunes actifs,Lille,95153,40,443,87.19,3432380,115.45
aa534caa-e2f8-435d-8152-0274d14c05af,Fresh&Go,banque,CSP+,Marseille,227603,27,71,90.26,2723046,123.97
733eace2-4880-464a-afb8-af251f8bad7b,TechNova,luxe,étudiants,Lille,25808,18,448,54.25,2273288,27.72
d145ddb3-adeb-4133-a1d9-9fa9d93e23cd,Fresh&Go,sport,CSP+,Paris,159043,45,175,54.93,2943525,81.86
0e2e6ef9-3607-4cd3-a09a-9284c65d74ab,AutoMotion,automobile,touristes,Nantes,450506,40,251,96.07,860072,153.99
901107d9-3d3d-476e-b6fd-1e64209cd377,Fresh&Go,food,familles,Paris,5495,36,237,83.57,1173206,102.64
1c567eb8-28d9-4a93-b049-bbab820aac0b,UrbanFit,beauté,familles,Nantes,484933,41,360,63.4,704643,58.49
01293262-803d-492f-be04-b1345e2f4627,Carrefour Bio,santé,familles,Nantes,30568,31,177,51.2,1095857,79.75
ff9d21ae-2efb-4ff5-b931-ae43e127107e,Fresh&Go,tech,grand public,Bordeaux,441688,40,443,66.58,1242767,98.58
4647bbe2-1048-48e8-8db0-a66b875e38e1,UrbanFit,food,familles,Toulouse,47443,11,113,90.31,1656988,102.09
f52fda96-07e8-460e-8d51-50bf2d453a6c,Maison Nova,food,CSP+,Bordeaux,83821,40,66,95.64,2363212,154.48
f0f88aab-46a2-4cc4-870a-ec0d8dfaab81,UrbanFit,santé,CSP+,Toulouse,407050,5,474,62.12,2738637,58.13
c4798670-e186-4396-92a0-fd0a639b6272,TechNova,banque,étudiants,Marseille,270254,26,312,70.04,2561724,58.38
7074f128-8140-47fb-8286-72977ddebb84,Bellea,santé,CSP+,Nantes,350700,36,518,89.87,448904,150.21
de9f4c67-69a1-4a5a-8deb-7578820e177f,Carrefour Bio,santé,étudiants,Lille,262295,9,74,56.31,357563,37.4
29b63527-db95-40d8-8492-607dec960920,Bellea,banque,touristes,Lille,296991,29,399,82.86,3245939,78.7
7d204bfd-1dd6-46da-bfe6-b9351b90f599,TechNova,sport,étudiants,Lille,403258,15,475,68.1,2413793,38.16
2fdd08c4-c3ed-463e-a654-6ff1301781ea,Carrefour Bio,beauté,touristes,Lyon,42153,34,290,54.15,2301865,33.92
f5bc9458-277d-48f1-818d-ede2db00905e,TechNova,beauté,touristes,Lyon,117252,44,181,53.55,3019313,78.14
b9357b31-c3e5-4d0d-a27a-1cdc8c669ac1,Carrefour Bio,banque,étudiants,Bordeaux,5202,22,240,58.42,3165680,39.53
820b0ba9-c71f-4d5a-9ca7-f33b87752f7b,Luxeor,automobile,grand public,Lyon,245021,17,342,58.49,1777076,64.9
5c9a12af-12a0-49fa-acb8-8d76b76d699c,Fresh&Go,tech,jeunes actifs,Toulouse,385851,9,42,85.43,3151568,117.2
92d75751-32d1-4385-ad18-f208a523f827,AutoMotion,automobile,grand public,Lyon,138980,7,417,84.33,1684878,90.92
10d8133f-60e0-4021-acd9-50f4e29125e4,AutoMotion,banque,CSP+,Nantes,320804,6,119,85.5,172764,93.71
c9b73854-fc0e-474b-beb8-0fea1622854a,UrbanFit,automobile,étudiants,Toulouse,93695,31,332,80.21,499152,47.62
3527e571-a9a6-405c-ae8d-35eaf80f3d9b,Maison Nova,luxe,étudiants,Lille,488573,30,49,67.8,2483304,70.05
9daaf2e0-44b4-40fd-8fb6-7832aab4922c,Carrefour Bio,sport,CSP+,Lyon,72597,9,457,54.05,3241465,84.29
c3bc8446-ca81-4675-a7f5-2a4055085391,Maison Nova,banque,jeunes actifs,Paris,71022,27,109,94.57,742456,125.93
53c74860-3ebd-41fe-82c2-d0b880a8626a,Luxeor,tech,CSP+,Nantes,192514,40,194,47.53,159107,79.87
d9e2ae06-9126-4ecc-a7e5-49a912ecac76,Carrefour Bio,banque,grand public,Marseille,325225,13,70,80.98,1353383,78.95
db38edff-3681-464f-a64f-d362d112fcd7,UrbanFit,santé,familles,Lille,472881,15,343,61.65,1572177,74.27
6a22f358-ce21-451b-95f5-b60882b705c5,AutoMotion,sport,grand public,Marseille,206136,15,249,64.0,2606927,43.01
59a1838d-3d22-4433-8d2c-f96bab3fdbdb,AutoMotion,sport,touristes,Nantes,62886,18,193,74.22,1804852,49.03
9c4fb30f-ecb4-424a-84fa-a8aefc42cf9c,Bellea,retail,étudiants,Bordeaux,304889,3,444,82.61,1826314,110.82
5aec3439-6416-4a8c-a9cb-986d363aa34e,Luxeor,beauté,CSP+,Lyon,5014,45,232,74.94,2737256,112.19
5e462de2-6abc-4e32-a517-f7860c30c201,UrbanFit,retail,CSP+,Paris,212780,10,468,97.92,2558153,60.36
df3e6591-07af-4be4-a7d7-9e208addc69f,AutoMotion,sport,familles,Lyon,62953,5,392,71.91,1144293,96.0
a6279331-7275-427b-a293-ba8cf3725a1a,AutoMotion,banque,CSP+,Lyon,367013,19,471,95.78,560157,112.19
4f6321ee-54e5-4b9a-986c-38802a0d5ca1,Fresh&Go,tech,grand public,Marseille,230754,16,167,46.74,3180835,78.52
06fb9abc-f5ac-4a58-b142-b893a76d209a,Fresh&Go,food,familles,Nantes,152619,38,484,81.23,2229785,99.93
176599fa-bf03-43ee-a58d-a62e856b05ba,UrbanFit,automobile,touristes,Marseille,261164,26,470,71.04,1492249,67.09
218b64ae-ffd3-4363-9ef2-7b0940df15df,Maison Nova,banque,touristes,Paris,430224,20,57,47.26,32027,79.07
dac085d6-7be9-462c-926a-8d79e8f422d9,TechNova,automobile,grand public,Toulouse,306795,34,355,85.98,1078056,100.71
a4b3c06c-ca93-4df5-9c19-dbc398d3e700,Fresh&Go,banque,CSP+,Bordeaux,457946,6,116,85.9,329870,60.05
3548066c-e010-4a59-95e4-e4372550f8ad,TechNova,banque,grand public,Marseille,39997,38,208,53.91,1491711,76.79
0a92d404-1396-4a7c-9503-3986f491677f,Fresh&Go,food,touristes,Lille,259966,13,440,47.27,1158059,35.85
24532113-4421-4095-9e5a-678d17ddc497,Maison Nova,banque,grand public,Marseille,290430,30,519,93.9,1748805,143.66
fb26bd40-1de4-498b-88d7-14d811c44784,Fresh&Go,luxe,touristes,Nantes,417317,41,250,80.78,2629670,45.96
00baaf32-e1de-416a-b9b2-efcbc91b851c,Carrefour Bio,beauté,touristes,Lille,267633,10,312,70.41,2253796,76.22
b484283e-a2e8-414e-ae66-48d656717947,Fresh&Go,retail,grand public,Lille,454723,28,76,70.14,1870688,60.65
a773fb78-aa3a-4ba0-96d8-225467b5e9c6,Fresh&Go,food,jeunes actifs,Nantes,20814,40,37,47.81,1329055,32.75
07294812-6ce2-4ab4-88c0-3e9d0b4ca175,Maison Nova,luxe,étudiants,Bordeaux,12011,26,71,50.09,1240143,42.47
50d59e3f-07ae-4293-8b14-b14e0c4d9e06,Bellea,automobile,étudiants,Marseille,437637,5,66,62.24,873446,33.13
fc978b94-1757-45e7-85ec-f4d0af2706f8,AutoMotion,automobile,familles,Lyon,198855,33,441,55.03,786283,54.19
e58feab1-9ebb-4241-bb50-20d8134899b2,Carrefour Bio,santé,touristes,Paris,123713,19,453,78.57,1094574,58.7
44a2bb03-787d-4597-a633-aa392f8b836b,AutoMotion,beauté,CSP+,Paris,283173,9,485,72.41,1990321,118.29
95fcf0ea-0c2e-4f3f-931e-e5531530ae83,Luxeor,luxe,familles,Bordeaux,240563,22,509,69.88,1733984,94.92
ca7cc78a-4f52-495f-ba15-872865eed628,Fresh&Go,banque,jeunes actifs,Toulouse,327653,22,156,50.72,2416393,84.35
bdc552e1-e891-4d4a-b99e-2e07c5773bad,Luxeor,automobile,familles,Bordeaux,32901,30,286,77.25,3240834,115.78
bc93ac38-cc7c-4939-a419-a1dd6b7c526b,Bellea,santé,familles,Paris,463088,8,78,71.57,1341144,107.47
34c0ebb6-98f1-4dc3-86d7-23bef5523742,Maison Nova,luxe,touristes,Paris,140457,33,333,97.45,3056354,149.56
f7acf1b3-dd36-494d-9f5a-7c9376f1c232,AutoMotion,sport,CSP+,Toulouse,398820,26,494,75.53,316491,88.63
4bef2985-40da-4c1e-9497-37a7f0899ec3,TechNova,luxe,familles,Paris,332308,7,309,52.17,2464828,64.77
8905f2ef-277f-4efa-a4bf-8f104c290b85,AutoMotion,sport,familles,Lyon,270418,8,45,68.28,2726851,67.45
4b66d45b-be1c-4c87-8ce4-44af71641465,UrbanFit,beauté,CSP+,Lille,259211,4,404,85.6,507055,68.24
fcf68f9e-4764-44d5-8d4d-d8c01f82eba7,Luxeor,banque,touristes,Bordeaux,462952,42,209,87.39,2879168,145.05
d88eb64e-5184-49f4-a13f-7e461c91ca58,Bellea,automobile,étudiants,Paris,239761,15,82,85.79,2268344,47.07
11321a45-fdce-433a-b17c-4d154cf7e9a1,Maison Nova,sport,touristes,Marseille,107658,35,548,79.88,630190,121.42
45b332e6-c5e6-43f7-b887-b89417553deb,Bellea,beauté,CSP+,Toulouse,481140,17,186,69.6,677601,89.35
c39eda56-3ebe-46c5-bec3-bb1ec52b7191,Maison Nova,sport,CSP+,Bordeaux,394901,29,548,72.62,2133055,114.67
4783cb5e-d02a-4935-a1c2-b99f7a21c664,UrbanFit,retail,CSP+,Lille,487203,17,52,59.2,2513201,93.68
2f560cc9-13ad-4684-8b2c-4e43d89447d9,AutoMotion,luxe,touristes,Toulouse,15059,8,557,57.26,2622566,59.81
dbc7c4fe-c3ad-4b74-8e31-15c1017cd79e,Bellea,retail,jeunes actifs,Toulouse,285248,44,271,80.96,1261334,64.39
e52a5c1a-e048-469a-b9dd-1510fc891600,Luxeor,luxe,étudiants,Paris,332694,14,483,53.87,1502297,83.89
a988a857-728a-4543-a422-afd288275d02,Fresh&Go,sport,jeunes actifs,Toulouse,443111,9,449,62.81,2539015,102.7
5996795c-41e7-459a-a9a6-60dfc556ef70,Bellea,banque,touristes,Nantes,262434,7,122,61.59,1273240,41.71
6bda971b-bffb-4cdd-ad38-e83bbc66096d,Maison Nova,luxe,grand public,Paris,133645,20,49,70.26,733485,48.74
66bfd937-383a-4025-bbff-ff3766737fc9,Fresh&Go,automobile,étudiants,Lille,390258,7,260,81.86,2302272,85.55
b7ba6e9b-e140-4c7d-a0c6-f4be9568ad3d,Luxeor,food,étudiants,Nantes,467360,30,244,54.97,812627,52.76
abe27192-698a-45a3-9cf2-3ac9c52f96b7,Maison Nova,automobile,touristes,Bordeaux,420978,20,438,53.19,313121,30.01
54de6da6-3c35-40be-954d-7df8052e8616,UrbanFit,beauté,touristes,Marseille,359253,44,366,93.12,2156107,127.63
d13c64a1-5afc-42ca-8cc3-dc33fd57e0ac,UrbanFit,sport,grand public,Nantes,210918,19,268,86.92,1485387,69.66
ca037fd7-be26-4c0a-b649-5aed3e668e43,Fresh&Go,santé,touristes,Bordeaux,272506,20,27,46.78,1856646,46.26
39b65cd2-3051-4d69-8555-707483966586,Maison Nova,automobile,touristes,Lyon,249415,32,74,91.75,444521,138.32
98a9bcb2-50e2-421a-a52a-75256ae01aec,UrbanFit,food,jeunes actifs,Marseille,86269,10,302,61.78,1975580,46.92
33bacaa2-be42-4c97-932c-abeb2c25e5a9,Bellea,tech,touristes,Lyon,185242,6,402,70.89,2014157,83.04
d4ead3d1-984b-4d3b-a6ad-945893b28992,Bellea,sport,CSP+,Paris,247276,41,136,89.53,2412432,47.8
31749095-103d-4d8e-8ba6-82651f51a446,Fresh&Go,automobile,familles,Marseille,66841,6,236,65.4,1297443,62.89
4f069db6-97b6-4772-8fa7-f4e2dca6fb8c,Carrefour Bio,banque,étudiants,Nantes,255910,32,465,45.17,1598524,73.94
1a985a16-3cf4-4f41-91de-d973f2987707,Fresh&Go,automobile,grand public,Paris,298973,18,379,76.8,2543216,48.16
5d04ffa2-154d-42c1-b32d-39b6e533c2b5,Bellea,luxe,grand public,Marseille,130752,24,152,96.99,2171109,70.25
9ac16e51-f8bf-40f3-9d43-310ffa2de0d3,TechNova,santé,familles,Bordeaux,354659,29,276,58.33,1827437,44.78
54f12e15-bc47-4d8e-acc1-17772038022d,Luxeor,sport,grand public,Nantes,395185,21,555,73.65,3495529,40.47
6092cdcf-1778-4aa9-805a-8a88e3ceab2a,TechNova,food,étudiants,Marseille,371964,17,279,62.9,1230160,57.75
0fda1ba5-a074-4765-aa2a-7d6d8c695b83,TechNova,retail,touristes,Marseille,77926,30,131,81.06,798610,84.0
15cc2781-cdd5-4bbb-8617-19cea3b1c7cd,Bellea,santé,familles,Lille,407733,13,325,82.19,1256411,46.23
9a473a94-9a63-4569-b924-965b6e4bfe60,AutoMotion,tech,étudiants,Marseille,176417,44,116,81.84,391612,117.52
dad26e9d-c96d-4b74-b5b4-96c0fbe6a3df,Luxeor,banque,grand public,Toulouse,340696,43,526,84.77,1837377,143.28
f354e145-858d-4a80-9e70-c2a0acc2bb63,Fresh&Go,automobile,touristes,Bordeaux,186666,6,184,53.03,3166023,77.44
e0166a9b-5e84-412f-9598-89a2056f081e,Luxeor,banque,grand public,Paris,495560,40,461,84.42,1386228,108.62
f857e9c2-8944-4a75-8b84-53aaef1a8c9d,Bellea,luxe,grand public,Toulouse,266416,6,375,48.35,1252116,31.43
cdf795bb-9b6a-4c22-8eff-16cbf70ab894,AutoMotion,food,grand public,Nantes,91114,21,418,88.7,1264186,130.0
a99042b5-049c-4395-8a19-9c9b831af1be,Fresh&Go,luxe,touristes,Nantes,92220,37,500,83.59,3212978,113.75
01c5a757-c224-4a66-aa0d-96b0edf8a767,Luxeor,luxe,CSP+,Marseille,332721,45,252,56.11,1452346,40.18
3bf28fa6-1c64-4749-ba27-497b285a224c,UrbanFit,luxe,touristes,Paris,15112,21,482,84.84,1386210,63.76
883fa3b5-1b2d-4fad-a5e5-f1d7b53cc173,UrbanFit,retail,touristes,Lyon,188486,11,274,85.68,3193298,123.27
db00a186-1944-49c4-ab11-9e8d8b40a628,TechNova,santé,touristes,Paris,327834,19,145,70.53,3070948,83.73
571553b5-8ff7-4df5-8111-3be7487f3aca,AutoMotion,food,familles,Bordeaux,269541,20,189,63.45,2242501,44.87
5da7aec3-6d30-4c91-af30-33ca6b68ed98,Maison Nova,luxe,grand public,Lille,410645,20,360,73.97,2961398,110.44
a29f3ab6-7b05-4eea-80b2-7903dc4b8abf,Luxeor,banque,touristes,Lille,162928,35,586,89.24,2030133,77.44
725da944-a34f-4f2f-bea6-a327bbf0c33a,UrbanFit,santé,familles,Bordeaux,364300,7,303,58.95,1112135,34.98
a51e79d5-5d47-47da-9dd0-7b2d4f7c6749,TechNova,beauté,jeunes actifs,Bordeaux,453313,7,556,67.17,480608,38.96
8dc864b5-1088-4704-b93a-1c7c681ba630,Carrefour Bio,sport,jeunes actifs,Nantes,343640,45,35,82.83,2725265,67.3
b73adbda-54b1-49ab-a953-b11ee77d1057,Carrefour Bio,retail,grand public,Lyon,304114,13,585,60.34,2164378,70.96
aa8a685e-c118-491e-bbbf-534260741a7c,Carrefour Bio,food,étudiants,Toulouse,456835,15,26,81.41,776024,43.01
8f714583-e963-4d1c-81d6-6d3627512e4d,TechNova,tech,touristes,Lyon,179553,43,461,68.7,1660822,42.58
f22d2496-5e52-4c08-8c9c-b63a12e98612,Bellea,beauté,CSP+,Nantes,179657,32,434,48.94,1862934,60.61
03625a20-5dda-4757-96cd-ce6dce3c3e99,TechNova,sport,étudiants,Nantes,300664,34,67,53.15,3459674,29.67
6efba7b1-2b2f-489a-8172-74c207c3050c,Carrefour Bio,beauté,jeunes actifs,Toulouse,296034,3,343,73.18,1567281,77.75
fc83ef04-0c16-471c-82b0-0561b019b3cb,Luxeor,santé,jeunes actifs,Toulouse,488906,41,28,66.87,1550704,36.83
c68a5c35-e1c3-4fe4-9224-6fb69c2d0d59,Luxeor,tech,CSP+,Marseille,48996,27,153,83.86,3375733,59.05
0db4ee00-6082-44b0-8d49-5cc7747d857b,TechNova,food,étudiants,Nantes,472026,23,344,94.81,1382997,153.76
1c5a904e-8634-4d4e-a3ca-52c56cfb6b6f,UrbanFit,tech,jeunes actifs,Marseille,278010,34,452,93.85,2250656,149.02
6023cb4f-7287-4b7f-981c-b208e151e880,AutoMotion,retail,familles,Bordeaux,253742,10,50,48.28,1429383,28.41
51407ba1-9a9c-43a5-9853-e1d7f6b6f33a,Maison Nova,santé,CSP+,Paris,446819,29,332,50.47,2705856,29.13
2458f9e9-80e2-48ce-8b52-8eadb1a037ee,Bellea,tech,jeunes actifs,Lyon,114928,9,408,88.48,797011,56.42
c542de12-81f5-4415-a5f4-2c1f0126a545,Maison Nova,santé,étudiants,Nantes,52002,32,464,97.78,2398615,108.61
2d5003e2-9288-412f-b839-a93ec70bcdf8,Carrefour Bio,luxe,grand public,Toulouse,83788,31,370,92.48,3436915,78.39
526e819c-50d9-4776-a7a9-448e2279c96d,UrbanFit,tech,familles,Marseille,25618,30,397,56.56,2679800,94.81
f2236c52-94ae-4384-8fa8-9a795468c4db,Carrefour Bio,beauté,CSP+,Paris,17145,23,518,79.08,2573183,109.16
74f68c42-878f-4cb8-9128-4836996d3d78,Carrefour Bio,tech,CSP+,Nantes,55836,4,398,70.71,2806117,61.4
448c0e87-003d-4631-b2bd-68c04c9d79de,Fresh&Go,retail,familles,Toulouse,203479,33,361,93.21,3155483,136.88
b49ae62b-210c-4ca5-8ca0-a8cabf0613a2,Maison Nova,santé,familles,Paris,390913,4,545,93.93,1861632,57.32
d1da20ce-6dea-4861-82da-d3754e3bab58,UrbanFit,automobile,CSP+,Bordeaux,345232,41,563,95.71,1722137,143.87
101228fb-f8bc-40d7-aab7-34859f21efbd,Maison Nova,banque,CSP+,Marseille,462865,24,357,76.99,1163193,87.79
593e9e51-5441-45b9-948e-296f749332c5,TechNova,food,familles,Lyon,24465,41,549,85.91,3250793,85.46
e2c17afa-504b-453b-a37a-ec505c3222f2,Carrefour Bio,tech,étudiants,Paris,181367,14,355,78.89,3213529,121.67
e667862f-60c2-4c7e-b9c4-814ef259ada5,Luxeor,luxe,CSP+,Toulouse,386265,24,285,96.31,1295333,85.66
f2c391e8-a5b1-468e-9517-0e6d09f490f0,TechNova,retail,jeunes actifs,Bordeaux,457511,25,191,85.4,1908628,103.65
b1a737b5-b5cd-4ed5-800d-8af0bebb11d0,UrbanFit,tech,familles,Lille,494130,11,520,74.4,3012116,77.57
446e6d8d-d5da-44ef-99f5-b59a377694f9,Luxeor,banque,familles,Paris,283893,13,54,91.54,1974712,102.51
c3b9e653-837c-4e69-b060-70381cc49129,Bellea,beauté,familles,Lille,472560,25,105,51.94,720495,66.4
d8ed0fcb-a86c-4849-a699-cf969df1d677,TechNova,luxe,touristes,Lyon,451162,17,178,75.91,988460,120.64
9987f785-820b-40e1-9a80-505ed79861fa,Luxeor,automobile,jeunes actifs,Nantes,148162,27,565,52.62,1387328,46.81
8f4f5d6f-4a25-4c3c-8027-e32e877945a8,UrbanFit,tech,CSP+,Lille,285638,4,94,83.53,3248288,86.44
5e9cd36c-117f-44a8-8f6a-e69c7969e080,AutoMotion,santé,jeunes actifs,Lyon,45413,10,401,65.13,1711540,59.16
b6a768ba-e586-40a2-a900-1d6a4a1f968c,Bellea,tech,jeunes actifs,Paris,317774,17,24,71.31,264828,119.96
8c859f04-9e1b-4a4b-8406-1876cb3118ef,UrbanFit,food,familles,Toulouse,244782,33,96,53.97,3321240,46.55
a28c1bc2-3e97-4813-954a-23dd0eef02e1,TechNova,banque,CSP+,Toulouse,172891,40,349,75.22,2049858,56.01
2d0eb3e9-85ef-4f3e-8228-ec3daba5e575,UrbanFit,santé,grand public,Toulouse,76022,43,40,75.5,2126650,55.37
9e3a8f9e-d577-45cb-9568-a809364f32a2,TechNova,santé,étudiants,Toulouse,358621,28,443,58.88,3090233,87.46
b59c4ba0-8f4a-4bfb-ab24-cb4529191045,AutoMotion,banque,jeunes actifs,Paris,329385,4,155,82.48,2886218,137.02
dc3f2b1d-7ee6-44f1-a82a-7feb46f6ea61,Fresh&Go,food,touristes,Marseille,63023,30,594,52.69,2140157,30.23
0e47080c-d17e-4214-ae08-65c150fc9770,UrbanFit,tech,jeunes actifs,Toulouse,15372,9,82,46.09,2057473,53.78
5b8bf279-62aa-4e2d-b4f9-592ce9c5093d,Fresh&Go,luxe,CSP+,Lille,227954,3,372,93.79,1045255,94.07
634fa10d-adfa-4058-a485-b8dd07c9cec5,Bellea,retail,touristes,Lille,281405,20,421,67.02,3075246,56.77
4e813521-165b-44e3-a961-3078ad0ceaa1,Maison Nova,sport,étudiants,Lyon,72326,25,15,55.28,222053,85.0
0ed0fc3a-ee9f-4488-b922-af1288719d84,Carrefour Bio,sport,familles,Nantes,315120,35,45,83.94,2796535,54.19
f6a76f29-dbc7-434b-9fe6-f87262d404f2,Luxeor,santé,touristes,Marseille,210162,30,110,53.02,1117717,59.22
14fbe906-e3af-4ff1-82e8-4bfebd8a59ad,Carrefour Bio,santé,grand public,Paris,481963,34,300,91.49,3226788,133.12
8d3ab4f6-e2ec-4b0f-ba95-972d9d1cfcfc,Luxeor,luxe,familles,Bordeaux,354075,31,285,93.98,2535486,113.38
c4db2bc7-1eb4-45e2-b4c2-207e227d368f,Maison Nova,automobile,jeunes actifs,Toulouse,48158,6,479,60.2,2969351,55.8
0d6a1f0f-9442-4855-bb6a-0125ab4c2e7c,UrbanFit,tech,CSP+,Marseille,200751,11,397,92.38,1774733,65.49
af308610-2f03-432e-b4fe-10dca4f8f931,Carrefour Bio,food,touristes,Lille,215387,43,12,57.65,798736,51.15
91014690-2403-44f8-b15e-aedf148aeb89,Maison Nova,retail,familles,Lyon,21000,8,427,79.14,2274656,82.76
3fadc6ea-30cc-410a-8381-d34365e71f67,Luxeor,tech,familles,Paris,415556,23,316,74.51,606707,41.58
8c001e39-91fa-4203-a4d9-ba7f50b0bf63,Maison Nova,santé,CSP+,Lille,454052,19,445,91.98,85567,121.36
001c166b-5bc9-4102-baf5-400dfd7e1ad8,Fresh&Go,beauté,touristes,Nantes,307316,21,497,66.66,602329,33.4
a0d50ba5-10ce-4758-be41-31b1b17075e7,Fresh&Go,food,jeunes actifs,Paris,57379,30,425,92.43,3291676,79.07
934f633c-ed87-44f1-8163-c7313706403e,Fresh&Go,beauté,grand public,Nantes,458739,36,63,68.24,85077,76.87
9cab4df5-67ea-4589-b8f1-0011a67dc3d2,Maison Nova,santé,grand public,Lille,93971,19,228,52.99,1625808,37.07
c545f0db-a6e8-4e6d-9954-7137e8197920,TechNova,banque,étudiants,Nantes,88296,15,71,78.43,2589205,75.57
1f88b948-4f95-492e-b0a0-8dc44203fb5b,Bellea,food,familles,Bordeaux,40199,13,237,74.46,3348715,103.99
f16b4a56-bdfd-4a59-9e6a-53d74466144a,UrbanFit,retail,grand public,Lyon,431685,20,303,89.06,3461279,134.64
b36f10d8-5268-41e1-a455-d9ac242d4a89,TechNova,sport,touristes,Toulouse,113875,44,497,81.06,2957883,75.93
a049e7da-1731-4423-912b-a9d3b59be9f0,Maison Nova,santé,CSP+,Bordeaux,301821,17,461,77.84,1497278,122.84
47f9b80b-ae21-4f21-ac4b-86217001426f,Luxeor,santé,grand public,Toulouse,308794,35,56,86.65,101522,77.95
e54c99d9-356e-45c6-995f-a159dc9ebeb1,TechNova,food,jeunes actifs,Paris,113128,34,202,57.04,184495,42.7
18151443-7840-4566-8970-12f2b0d15ab8,AutoMotion,food,étudiants,Marseille,480848,12,470,86.39,2334750,70.53
3bcf4329-9994-4f67-bacc-8137fc0e19ae,AutoMotion,tech,étudiants,Lyon,109420,20,573,73.57,121274,114.66
9948d56e-548e-4826-b7a8-cf6cde06c897,Carrefour Bio,automobile,touristes,Marseille,109920,9,316,95.57,1225536,103.79
69e8f147-4944-4914-898f-aa6159652de4,AutoMotion,beauté,CSP+,Lyon,32448,15,356,63.01,2150105,58.48
442262a4-9cbf-44c5-b4bf-62ce68921cf2,Luxeor,luxe,familles,Marseille,448075,13,509,74.15,3230008,53.04
dde760b0-1cbc-4cb5-b87e-d1dea969751a,Carrefour Bio,beauté,étudiants,Nantes,355182,45,446,74.69,329544,65.91
5ff84c0b-279d-4200-8bff-83ec60f9b9ae,UrbanFit,beauté,grand public,Marseille,296118,9,573,50.77,2409523,58.72
a77e8363-1d56-4440-b3ec-ccf7ee03d3d7,Luxeor,retail,jeunes actifs,Bordeaux,60710,13,148,71.62,1666683,54.22
9a005b5a-a8e1-4d27-be2c-590b6abf4968,Maison Nova,sport,familles,Nantes,194508,21,202,79.77,1305646,85.27
f560dabd-d7f9-4509-ad65-4f990716b136,Fresh&Go,beauté,grand public,Bordeaux,337300,33,46,81.65,2702341,94.71
a138807a-8408-452e-aeb7-d0b3c839d298,Carrefour Bio,luxe,grand public,Lyon,80246,24,234,50.15,1502916,26.04
7ad13887-9ab2-4b86-8ac0-3fc8bf0c3882,Luxeor,tech,étudiants,Lille,496351,15,521,51.38,3272647,57.73
beebef84-39eb-4ec2-a44e-241f919672f3,Luxeor,santé,familles,Lille,68474,45,478,81.06,2609066,43.68
4749e0fd-cf7f-49e5-ac14-54f3133ed5a7,Luxeor,beauté,grand public,Toulouse,115506,42,41,83.73,3396389,74.64
055a615f-3c3a-4053-bdb3-4853f9ddd6ad,Carrefour Bio,food,familles,Marseille,215424,16,23,60.43,90541,70.67
49fde6e8-420d-4dc2-a815-e89da0733911,Fresh&Go,retail,CSP+,Toulouse,483649,9,575,59.34,2926638,68.52
effa6462-7c96-4fb7-a7df-2516e750b4c7,Bellea,tech,touristes,Bordeaux,283775,38,478,67.49,45898,72.96
730a1dea-7176-472b-b757-2710c54bd1ba,TechNova,santé,jeunes actifs,Nantes,430994,19,533,68.61,742258,48.63
29e04c75-8d21-41be-bb1c-23ba1e426c7c,Maison Nova,retail,CSP+,Nantes,443439,33,471,97.22,2531319,67.97
5dca49be-a438-4cc7-8b6a-888e1d0e518b,Carrefour Bio,sport,familles,Lille,223250,8,29,97.72,51490,151.32
ec592610-6e82-4787-9534-b7510026ee9f,AutoMotion,food,étudiants,Bordeaux,227725,7,279,90.55,1987031,100.51
4cd13002-aa24-4a3a-97e4-c8270869ca04,Carrefour Bio,sport,grand public,Lille,70371,31,571,52.78,986848,27.33
8a713a2d-3536-49bd-9091-e851b55b562d,TechNova,food,touristes,Lyon,382933,8,512,72.71,1118063,116.94
456d4519-6db8-4dba-b79c-abc68947081b,Bellea,santé,familles,Toulouse,438172,5,209,90.81,50381,148.33
51e65f93-4a2c-4bb7-b919-5574f57d8adc,Bellea,santé,touristes,Lyon,156262,34,310,68.67,3168711,105.98
91323a0c-74ee-4320-8c8f-af8f2d646a43,Luxeor,tech,jeunes actifs,Bordeaux,215564,8,343,85.97,3374767,103.34
c0c5f703-dfee-48db-8e5b-fbadf1c090b1,Fresh&Go,banque,jeunes actifs,Lille,469075,8,31,67.87,2585223,102.07
79cbdd36-4c67-40a8-abb3-7d644ffb50b0,AutoMotion,luxe,grand public,Paris,11892,35,366,88.87,1018127,81.66
604f7034-876f-4cd0-9960-d818b0e5f8de,UrbanFit,tech,familles,Lyon,467649,5,564,96.65,3079620,75.03
742d8aca-b64a-42ca-a791-068536f1b1e9,TechNova,automobile,jeunes actifs,Lyon,470937,31,522,87.62,50980,119.02
ba6e6a1f-fce5-453b-a29d-2a13d874b480,Maison Nova,luxe,jeunes actifs,Marseille,30133,3,595,80.61,2745215,119.64
aa282c1b-34e6-4fd4-8c4b-802569155c23,TechNova,beauté,familles,Lille,264323,11,324,84.56,878467,127.12
a826a040-ed30-4ca0-8085-71b54a09e526,Fresh&Go,banque,touristes,Nantes,41834,42,485,72.15,2976431,46.99
28f44b2e-10c5-4edf-acae-ba30e237af0a,AutoMotion,luxe,touristes,Paris,134360,8,93,67.35,3381736,68.03
89c18b53-49dd-44c3-8ad4-dbe8a75354fa,Maison Nova,tech,touristes,Paris,350346,25,203,57.86,2403201,45.96
276b97eb-0880-4361-81d5-ec2fd313325e,Carrefour Bio,automobile,CSP+,Lyon,462998,29,241,47.85,757050,55.79
fbe38c60-cb63-4d6c-8373-e5542d4c89a2,TechNova,luxe,jeunes actifs,Bordeaux,115051,23,600,61.41,1543833,84.42
d9f937bf-66bb-4a70-ac40-8eed8246cb30,Luxeor,luxe,touristes,Paris,490092,33,41,46.47,389631,54.64
7b13b78e-d5c2-4a76-8a7b-5d7ca7581258,UrbanFit,automobile,familles,Lille,379210,5,463,57.2,3105386,61.56
d8535dc7-7388-4822-bb20-88ff49b887da,TechNova,tech,familles,Toulouse,411065,34,179,58.76,1639730,52.67
d4ef7db4-1f77-4b19-a876-7bb3c55bc23b,Luxeor,retail,CSP+,Lyon,48965,16,306,81.97,164892,66.3
33a2863f-4c63-45a6-a741-f8156283ae0f,AutoMotion,banque,étudiants,Nantes,92263,33,26,73.16,1023951,44.19
0c368dc2-941f-4805-ba36-ddb8d4c1963b,Maison Nova,santé,familles,Paris,413778,23,17,73.33,824216,87.41
9aaedd76-c536-47d2-abc1-4a5a329936f9,Carrefour Bio,banque,familles,Marseille,118217,15,409,66.71,2094001,47.98
76473e4f-2d27-4dd2-9bf6-ea9ad3adb65c,Carrefour Bio,retail,étudiants,Marseille,282061,33,24,97.89,904721,131.82
9a6ee3e2-2a5d-40bb-bad2-e859d2e4f9eb,Maison Nova,sport,familles,Marseille,349534,10,171,77.28,2125861,40.86
2da6891e-2df0-4086-8c80-b87859433d28,TechNova,sport,jeunes actifs,Nantes,22995,31,582,48.99,3137583,31.33
599054fc-b194-4d26-9dac-7831f412dade,Bellea,sport,jeunes actifs,Marseille,326668,24,230,74.75,2742910,53.46
b80c89f7-36d2-4851-815e-ee0eef4df426,Maison Nova,retail,grand public,Lille,417655,33,459,76.02,2717303,107.04
f9473494-7a35-4f82-9ffb-03006dafafa7,Fresh&Go,beauté,CSP+,Lyon,346830,42,140,60.21,2210655,52.82
697be70a-f788-4dfd-9a71-d0b0e181f1ab,Maison Nova,beauté,touristes,Toulouse,381277,31,262,82.34,2277890,57.62
2b746c43-f4ba-4cd6-a273-4c047a42712c,AutoMotion,beauté,touristes,Toulouse,295780,26,579,74.88,501767,37.99
c067dd02-e205-4627-9624-30d7a50d1621,Carrefour Bio,banque,jeunes actifs,Paris,409118,10,461,74.67,2218664,96.39
f956a532-c94f-4791-9303-4e52becd7eca,TechNova,retail,touristes,Paris,360295,24,295,71.41,773139,89.12
8fd0bd9a-0ba2-4875-a70c-b7fc68306964,Carrefour Bio,tech,touristes,Lille,384447,5,586,50.35,2377992,60.48
040ad726-2ca5-4e0f-8f63-0ebd371403d8,UrbanFit,santé,CSP+,Lyon,387885,40,309,67.72,1342198,58.33
d560d62d-53a4-4c42-a11c-58806597daa0,Carrefour Bio,beauté,familles,Paris,99981,5,465,52.41,1794208,81.09
9bc544b7-c66e-4f5f-91a2-817359bbfb9e,UrbanFit,banque,grand public,Bordeaux,191640,14,233,72.08,2591611,51.51
42e32068-67b6-43af-aa8e-f920dcda8dd7,Luxeor,automobile,touristes,Bordeaux,41315,16,34,94.38,76468,138.22
ea8bcb1f-f35f-484d-b2f5-57060f76be27,Fresh&Go,food,touristes,Bordeaux,366985,45,270,89.51,1379628,99.21
85159671-c76c-4617-85f9-2f98b94fcaa9,Maison Nova,retail,jeunes actifs,Nantes,192701,15,115,72.84,3071153,84.45
d29c1a3b-4d68-41a8-82a5-314a96932b5a,Luxeor,tech,familles,Marseille,70565,42,230,53.16,2436945,70.87
88e58abd-bc03-458d-9b24-00b4439ff81e,Luxeor,automobile,étudiants,Lyon,461721,5,421,56.7,1183426,43.85
b72e020c-3a32-47e5-86e1-6fe589730863,TechNova,retail,étudiants,Toulouse,259623,6,557,58.24,220583,30.61
403c7d40-1ac9-4eca-a51f-8afc9fffcc0b,AutoMotion,food,étudiants,Bordeaux,149110,43,224,75.48,1856872,114.75
4db3d6b5-43ca-43a7-a0c6-8e9e1347c8e6,Fresh&Go,tech,familles,Bordeaux,155035,24,226,58.58,482656,54.35
6ee43f38-3b07-481a-9120-71a1fa4af00a,Fresh&Go,tech,CSP+,Bordeaux,361223,14,76,72.32,126559,69.85
549efe0d-abda-4115-8889-9693c79fd957,Carrefour Bio,sport,étudiants,Marseille,30573,33,71,51.91,292929,66.69
7e9316a5-34a1-41b6-8b4d-d01cbe2dcbd4,Maison Nova,sport,touristes,Lyon,161193,26,435,94.16,2454811,84.83
629ed82a-f714-46cd-bd8d-d6e7948f0087,UrbanFit,luxe,familles,Bordeaux,199692,33,96,71.9,2496758,112.09
4cb5ed9c-e7c1-4959-8918-1c1179bd6436,Maison Nova,retail,jeunes actifs,Lyon,499096,19,110,69.76,3431626,113.45
42a21a4e-1f5d-432a-b5a2-96cff266f7a2,Fresh&Go,beauté,jeunes actifs,Marseille,177612,42,316,94.25,1472987,143.1
17722514-6bbb-438d-96f0-a6cf1121a5ff,TechNova,automobile,CSP+,Lyon,139166,34,142,84.1,1302554,63.6
508e8367-8b78-4fc7-a23e-4fc3e12a9a99,Bellea,luxe,grand public,Nantes,41678,20,346,92.33,1708064,46.23
fce66e7a-8e59-4fe7-8fa1-5cc18dab6d01,AutoMotion,tech,CSP+,Marseille,404128,44,94,80.88,978995,42.86
ac3ece29-cb39-4a98-9f90-49d5ffb8cf4b,Maison Nova,banque,CSP+,Bordeaux,279090,45,124,91.46,1962146,74.2
81c30f48-d701-4638-a235-4920f301f7f7,UrbanFit,santé,grand public,Lyon,442346,3,405,67.15,3280460,72.67
a3e21496-e50b-43c3-be21-1d1ea664cf0f,AutoMotion,sport,CSP+,Paris,400354,30,396,71.79,1028980,92.02
06fa3769-1d09-4c96-86f8-ced079c3f9aa,UrbanFit,sport,grand public,Bordeaux,496108,21,391,68.67,2660104,75.02
25c29a82-27cf-43db-8fa3-781522e8bfe2,Fresh&Go,food,grand public,Bordeaux,64544,9,287,93.09,3070529,121.73
7723e847-5428-443f-8ad3-077e58c9bf65,TechNova,automobile,jeunes actifs,Lille,336226,6,76,97.23,2681435,100.7
330d6dc3-f2d7-4c3d-8bb5-0f1472bc20fa,AutoMotion,sport,grand public,Lille,469074,30,528,75.45,2535185,86.86
e2f0ae03-1756-461a-9c86-d43c348851e3,Maison Nova,banque,jeunes actifs,Toulouse,217129,4,50,54.58,2676631,64.09
7a127375-15cd-4bb9-9143-15f1b3189022,Fresh&Go,retail,jeunes actifs,Lyon,259110,34,84,48.89,258486,57.73
a27f4456-522d-4cdf-a68c-018fe37a94fb,TechNova,beauté,étudiants,Nantes,214388,5,53,65.41,817066,56.6
5ed3cf80-a6e9-4db4-9c85-dab2f94f09db,Maison Nova,banque,CSP+,Bordeaux,360484,22,47,92.35,3171081,77.89
7bda54b9-3ebe-4971-aaa8-02db3202250a,TechNova,beauté,CSP+,Paris,157061,40,221,55.44,63572,31.4
6867e41c-134b-4356-86ed-6a593e7693c7,Bellea,food,touristes,Marseille,247728,18,207,89.55,2116271,55.63
17b182b5-bdcc-4e9f-b194-1fac2cc71bb0,UrbanFit,tech,CSP+,Bordeaux,328255,19,164,83.02,712400,67.27
d043f18c-88fe-452f-ab47-4d9604eef89b,Fresh&Go,beauté,étudiants,Paris,140043,6,567,89.13,546595,66.73
9f567b7f-a85e-438d-8da1-4328ac9a8672,TechNova,tech,CSP+,Nantes,258404,36,198,79.87,2439378,127.6
4e2cbe02-4068-4617-a238-e3d8d0a46099,Maison Nova,automobile,familles,Paris,180307,5,513,88.8,1832998,125.75
5412e546-6ab0-4ee4-8636-2370f0c70a52,Luxeor,sport,CSP+,Toulouse,92244,25,21,92.76,2648092,62.52
b040be03-744a-4493-a16a-52db50604350,Maison Nova,beauté,CSP+,Toulouse,95084,26,327,61.7,2634621,48.58
dc36d2eb-0be8-47fe-96fb-25112f6c197f,UrbanFit,food,touristes,Lille,471986,6,44,82.66,2471346,70.47
7ce01f16-b939-4fff-83b2-e99d68257580,Bellea,luxe,grand public,Bordeaux,269901,36,548,92.27,1881127,102.25
ff6f8f76-6da7-4906-8872-39f2eb6360ef,Carrefour Bio,automobile,familles,Nantes,127705,41,205,66.35,1356607,80.64
69a6fcb9-65f9-4e29-b717-8c03e08d16d4,AutoMotion,retail,familles,Lyon,113660,33,322,47.87,756075,38.13
5b890fce-7e05-4d06-9fff-37af390c065d,UrbanFit,retail,jeunes actifs,Marseille,394958,3,187,69.13,1338807,56.16
b80c0571-78ad-4e7b-80dd-962d6248ebbf,Maison Nova,food,touristes,Toulouse,491703,34,432,78.59,3485944,72.97
166c7966-78d0-464d-a6df-50c878f6459c,AutoMotion,food,jeunes actifs,Marseille,126041,39,343,49.03,1217596,81.5
ee47fc87-afa3-4250-8772-16a97f9624a0,Carrefour Bio,food,touristes,Nantes,72369,23,44,62.07,2698559,91.54
ede4c5d0-d889-4741-86b9-86e0f3d9b02f,Fresh&Go,retail,grand public,Marseille,75782,22,311,69.44,43458,39.45
c5e321e0-fc53-4e89-91c8-68033629aca0,Luxeor,automobile,touristes,Marseille,109103,5,542,74.71,706528,69.64
9555b116-fb4e-492d-a1e7-2a4a5b3f4cc0,AutoMotion,tech,familles,Bordeaux,369004,34,185,70.56,1426038,52.43
927e3eb9-ad3c-4fb3-a20d-996115682937,Fresh&Go,luxe,étudiants,Toulouse,418894,41,332,62.02,1253906,96.26
788d9430-0e3d-482d-aa02-f075f11872f2,Maison Nova,beauté,grand public,Lille,494192,33,94,90.41,3330884,143.5
895c301b-c35a-4d13-9495-51f0ecefc0ba,Luxeor,automobile,jeunes actifs,Lyon,235176,21,452,72.62,72867,58.34
a9b05f81-4fbb-4f4e-b270-bfd1fef90de5,Bellea,sport,étudiants,Paris,426920,43,107,86.0,1339548,145.88
ea4bad2c-2440-42f9-bfe1-66f582fc4002,Fresh&Go,beauté,jeunes actifs,Bordeaux,365847,18,588,71.1,2368827,96.89
9dbaa7fb-db99-46f6-bd24-488176e2426b,AutoMotion,automobile,touristes,Paris,480921,44,35,93.31,1931911,115.21
01a4b0c7-834d-433e-bb3f-81fd5a9fbf6f,Bellea,retail,étudiants,Bordeaux,96560,43,195,86.52,766462,78.3
404570ca-af4c-4829-937b-a700327028bc,Maison Nova,sport,touristes,Bordeaux,325088,20,469,93.8,919482,100.2
f886ab54-8bea-468a-b065-8a3a801d97ae,Fresh&Go,beauté,jeunes actifs,Bordeaux,244757,8,266,49.42,3219399,68.03
ad11ce8b-ed41-4c53-953f-333603df3ec1,Fresh&Go,automobile,jeunes actifs,Nantes,471419,23,183,83.48,316619,134.59
34bcf557-41ca-4a89-9733-67b1f0b163c1,Fresh&Go,retail,étudiants,Nantes,268256,24,327,45.47,1654294,48.95
ea408a40-433e-46f7-8847-f86720a2a35b,Bellea,retail,touristes,Toulouse,491674,39,390,64.46,3268825,80.6
cc2108ed-db8b-45b8-995d-d2f3b188e91f,Maison Nova,santé,jeunes actifs,Marseille,132617,29,544,75.26,3301712,64.02
88f6105a-5431-483b-b914-19f0939a941f,Bellea,luxe,jeunes actifs,Paris,122686,39,545,64.3,1399727,55.49
a45a97c9-3fdc-4fab-a930-5ce5b5b3e318,AutoMotion,retail,jeunes actifs,Nantes,387404,43,553,73.38,2828126,53.26
fec729b2-9085-4a8b-87fd-28be1e9672ea,AutoMotion,beauté,étudiants,Bordeaux,72559,42,254,76.56,3333851,99.24
a3110a5c-e128-4c7e-8a05-bf64eb7e9987,Fresh&Go,beauté,CSP+,Lille,313749,24,265,70.62,1210229,76.81
4b04cd62-4248-491b-ae49-dc9c3d851dfa,Carrefour Bio,santé,grand public,Lyon,25981,29,163,95.68,3107712,109.57
fa301a56-7f89-4e7e-8c53-82f9ee2da5fb,Bellea,sport,étudiants,Lyon,359570,36,142,86.1,702510,55.81
5e892d05-2598-4100-88e1-3e3cdb64be6a,AutoMotion,food,grand public,Bordeaux,231714,34,20,73.51,2426902,59.46
9039e537-1f98-40f4-a74a-aef072607f8b,Maison Nova,food,jeunes actifs,Lyon,89470,36,17,54.76,772538,83.68
24e26852-f7cb-44ea-8627-0ad2ce8b75b8,AutoMotion,banque,jeunes actifs,Lille,402552,36,294,52.7,3089604,42.86
f17a116e-bdda-4002-8bb0-cc4ece5c673d,Bellea,santé,étudiants,Toulouse,456424,24,498,77.97,1291411,72.66
b18300cd-317d-4ef4-842a-a8a9565f246d,Maison Nova,tech,grand public,Toulouse,6927,7,188,84.39,3481643,73.02
148c4afb-87c4-4636-8cf6-8a5766125fd7,TechNova,tech,CSP+,Toulouse,242236,17,358,96.14,3424835,99.5
99b543ac-3073-4aa5-9f42-bdbf16ceab47,Bellea,banque,jeunes actifs,Lyon,366404,22,41,63.81,1030902,60.43
470145dd-e951-469d-af3b-22bdfdd528bb,Luxeor,beauté,grand public,Paris,222933,35,219,47.38,103596,64.45
d630d93e-ed30-48b5-a397-8ac501d657d2,Maison Nova,retail,jeunes actifs,Paris,293056,15,582,58.79,2794317,67.7
0c140078-67e9-4bfe-9d23-f3989c0c9b32,Fresh&Go,sport,touristes,Marseille,389419,24,73,80.49,1307754,128.05
c4c66cd3-287a-4021-8b17-e1a1b3c379f7,Carrefour Bio,luxe,familles,Toulouse,165361,12,254,94.56,1190465,86.98
0cd55450-8580-479d-8317-4c07f8b984e1,Bellea,banque,grand public,Lille,395079,10,479,57.62,1088784,53.15
1a729abe-83b9-4527-9c2c-a3d3611dd8fc,UrbanFit,sport,CSP+,Lyon,22764,19,52,51.2,419740,32.16
49c08011-6b53-4563-bad4-01ee7fe85ad4,Maison Nova,food,étudiants,Paris,367895,15,154,66.67,879869,103.35
9b717d94-1895-4c20-a06e-d94abbf425bc,Fresh&Go,sport,familles,Bordeaux,327999,17,76,59.99,49829,93.02
a9ab7f30-a970-4c3d-8f9d-b14e9651f4ff,Luxeor,sport,jeunes actifs,Bordeaux,137983,24,171,76.41,3244770,90.47
eff648ad-4274-4b22-b580-c089b023cbc3,UrbanFit,beauté,jeunes actifs,Bordeaux,181998,15,385,86.51,2141605,69.96
fb1d57ab-13b7-4752-9960-1a1ce385e0db,TechNova,automobile,CSP+,Lille,28348,5,44,56.2,1587020,61.01
31bf7623-0f20-4928-81ed-5c6f592700c7,Fresh&Go,beauté,touristes,Lille,442345,25,592,67.81,2832263,83.98
770e9294-8cbc-488c-860f-86040dce811a,Luxeor,luxe,jeunes actifs,Bordeaux,321542,44,567,63.17,691949,77.54
edc3250e-5ff7-4fae-9117-f6c00297a405,UrbanFit,sport,jeunes actifs,Paris,70132,29,506,69.43,3139210,71.85
b7d37f3d-892f-4e15-9188-244178b147e0,Fresh&Go,food,jeunes actifs,Toulouse,296291,3,79,92.64,603546,157.33
4b7c9b43-edc3-42c7-a18a-86ba70990b0d,TechNova,luxe,grand public,Bordeaux,47793,40,71,50.4,1337370,37.82
059e29a3-2991-48ed-ba91-eb641f9c39a3,Fresh&Go,beauté,jeunes actifs,Paris,49452,26,306,67.33,3258634,41.23
f28e4183-7b9e-4648-a45b-db42e4fb2d0e,TechNova,santé,étudiants,Lyon,441437,40,242,69.66,2313778,62.78
0e9b6ebd-57a2-4197-a98f-8f5624771049,TechNova,banque,jeunes actifs,Marseille,279688,4,405,77.81,2138225,76.86
5ddabd24-b4a4-4ea6-965d-9ccac83c67cd,Carrefour Bio,banque,grand public,Lyon,227103,45,286,69.66,1865662,65.97
80c684ad-f295-4484-8b0d-eb8e2bfd7d72,Maison Nova,food,étudiants,Lyon,244314,18,563,89.97,894935,86.47
70cd8af3-d92a-4ce2-927e-12b732623aef,Maison Nova,luxe,CSP+,Paris,98903,6,281,77.87,3133746,89.51
0af11f37-d19a-49c9-b0e4-82a6ae8eed5d,Bellea,banque,touristes,Nantes,294061,24,515,80.38,2334872,108.64
e069303e-539c-4d8c-a63a-c067eaa9e2dc,AutoMotion,automobile,touristes,Marseille,22162,23,20,66.08,1531598,102.98
b4772924-04a7-4b57-baa8-501e390d7bf0,UrbanFit,automobile,jeunes actifs,Paris,426510,45,86,46.47,2146416,64.61
f611b24e-898b-4499-84b7-5be7df27313b,Maison Nova,automobile,jeunes actifs,Nantes,213401,9,435,63.36,943818,34.28
34318d1c-f6a9-43ef-be8e-f16a87db4187,Fresh&Go,tech,étudiants,Bordeaux,87348,13,197,46.83,1329673,41.59
d7146b3e-073c-44b3-807e-d3c2f6e168d9,AutoMotion,sport,CSP+,Nantes,125817,21,343,54.56,80173,38.61
4e700a08-2b50-46ab-8f72-e84ba9ca90d2,Maison Nova,sport,familles,Marseille,273326,3,385,95.73,2326632,138.95
a4ca9b91-4eb4-47cc-b895-ff062d953b3b,Bellea,beauté,touristes,Lyon,45653,9,44,77.6,513155,104.01
3c64fc4f-6996-4a20-92b8-bfd124c37432,Maison Nova,food,familles,Lyon,33919,34,46,63.15,1994698,92.56
87b21190-1370-4080-bc54-ef7a563c5dc7,AutoMotion,automobile,touristes,Lille,338731,5,147,52.76,262149,64.84
1573c8ec-34d1-468c-b532-a9d6028f7b9b,TechNova,beauté,familles,Nantes,294846,20,351,85.58,2599802,115.66
3b9c81af-c13e-4147-8b20-b892749bc45d,Maison Nova,retail,familles,Toulouse,197503,44,23,88.36,1144642,61.48
03efc484-b02c-4287-989d-1e6eaadda9bf,Fresh&Go,food,jeunes actifs,Bordeaux,209973,11,36,71.98,36333,104.56
8ae1c71d-8934-4cf1-b563-e4f336093a99,TechNova,banque,grand public,Lille,197976,3,438,57.76,879238,89.01
b081b377-63bd-4fa6-bfb5-c7f102fa4f52,TechNova,luxe,familles,Toulouse,450374,29,381,74.71,1628083,81.92
1783bb50-601b-4505-bdaf-7909dd078874,TechNova,banque,jeunes actifs,Lille,253973,40,470,47.69,3487320,51.76
e004bce7-dde5-4908-a544-2d92bce8566a,UrbanFit,banque,étudiants,Lyon,99463,11,316,97.13,2336125,135.86
c3106710-6f06-48ad-b5e1-b763332df435,Luxeor,sport,touristes,Toulouse,107400,13,269,48.0,603175,45.28
a39dde15-d983-43f0-a479-28970fee092d,Bellea,santé,familles,Lyon,355165,24,442,60.97,1465888,43.21
715360e7-ea37-4019-a11d-45ea43da8719,Bellea,retail,CSP+,Lille,165445,9,188,81.48,2100267,121.31
c47c1fe0-e4ee-4a5f-8975-7d248baec94c,AutoMotion,food,étudiants,Lyon,240184,9,552,93.21,2231172,78.31
e50e2d1d-99e0-4abf-8425-d79ec6697e71,TechNova,banque,touristes,Toulouse,179805,34,133,57.25,1552454,75.55
ae8af432-2777-4a0b-8bb6-3a5934d75d63,Bellea,retail,familles,Bordeaux,444081,6,87,80.81,689117,104.61
572fc600-13b8-4fa6-8873-b2d8d6a6d3ae,Bellea,luxe,familles,Marseille,56861,37,56,95.52,1194278,112.91
32c7fa32-b053-447a-9c8d-a42b1552c159,Fresh&Go,sport,jeunes actifs,Bordeaux,120348,26,354,67.46,356178,107.0
02f1abde-0023-4aad-bd74-81b143f25af8,Bellea,automobile,jeunes actifs,Toulouse,406333,26,139,48.7,3026836,55.29
e32dfc2c-8e3a-4586-88f2-c8e3c9513969,TechNova,retail,touristes,Marseille,242336,8,485,64.37,1470803,79.25
60ae944b-cda9-4bd4-b18d-01be88a95cac,Maison Nova,retail,touristes,Bordeaux,218745,23,166,89.78,2871933,100.96
0ebcd2f5-55d3-4d4d-b801-c9961bbfff59,TechNova,automobile,grand public,Toulouse,35773,31,88,55.84,3215641,85.54
132fd81f-d348-4523-afdd-735f19c6b797,Luxeor,tech,CSP+,Marseille,258974,11,12,53.29,1554577,56.82
e297029c-8dec-4da0-a72c-65dcbcc8d80f,AutoMotion,food,grand public,Marseille,442690,26,483,73.56,2225266,123.32
4cf73ae5-a3bd-4642-9d72-268ac54e8b78,Fresh&Go,luxe,grand public,Toulouse,190926,15,211,54.42,969466,49.17
fe0f560d-1c13-43dc-811b-a52edb3bf063,Fresh&Go,santé,grand public,Nantes,12498,3,78,77.6,196438,107.93
f4d72583-3b59-4751-9470-c7b0a9353fb8,Carrefour Bio,beauté,jeunes actifs,Toulouse,166149,26,211,61.79,3437466,77.3
20208377-c4ad-4a62-bbe9-43233a378f35,AutoMotion,banque,étudiants,Paris,109471,38,582,78.29,2949837,130.56
97af2289-915f-4b9b-b8e7-4b63280436ee,AutoMotion,tech,touristes,Nantes,26744,7,140,55.38,3353966,91.68
f09fcb5f-c70f-47e1-bacc-552698dad82a,TechNova,santé,touristes,Paris,54670,44,590,76.78,3446000,89.78
d0cf5de0-75e4-4f5a-b157-9d1668ead4c7,Fresh&Go,automobile,étudiants,Paris,30951,28,383,46.83,1826539,42.2
ed20c924-2c3c-4c97-a40e-06c2fcb91213,Luxeor,banque,jeunes actifs,Bordeaux,326110,14,481,74.19,3225571,95.79
c6447152-27a7-4841-924c-f2d84f5b3630,TechNova,tech,grand public,Bordeaux,315101,29,108,67.18,734682,52.43
d04be673-d08c-42a3-8ca0-6dee651eb0de,Bellea,sport,touristes,Paris,458539,15,249,88.51,1592118,103.37
d2a123c3-b51d-4c58-8a9a-3f2a4330aa72,TechNova,luxe,touristes,Marseille,366381,24,274,90.8,2684423,86.12
aea31cfd-377a-48e1-8794-4da893bb90d8,Maison Nova,tech,jeunes actifs,Nantes,273646,22,536,50.03,563598,68.96
9aade271-d46b-47fe-b62a-d841165725c8,UrbanFit,tech,grand public,Lyon,396403,25,472,75.8,2244931,63.84
b08ce85e-84bf-4eb2-a321-7faf565683c4,Maison Nova,beauté,étudiants,Lille,175981,24,536,63.85,228619,43.79
9b1c9efb-11de-43e7-8211-fea1307bd7eb,Bellea,tech,CSP+,Lyon,279719,14,565,63.47,1516204,52.84
28bcdf41-4275-43c6-9093-a02b92286232,Luxeor,automobile,CSP+,Marseille,387721,15,49,74.64,2209515,79.18
3378e577-b94a-42e6-ae2d-b0a59e02c0a6,Maison Nova,tech,touristes,Bordeaux,52185,45,420,50.23,460356,79.33
131cb31c-ca7c-4a78-8864-3f92e440d9ce,AutoMotion,luxe,étudiants,Nantes,190673,43,52,51.86,1810532,45.86
38fa9fbe-0cf8-40d4-b98a-03617cd924aa,AutoMotion,luxe,grand public,Paris,71297,44,535,92.77,1163154,118.28
2e36a7fc-df86-4881-9333-951582581739,Bellea,santé,jeunes actifs,Bordeaux,159383,34,584,72.26,1382350,113.28
609467dd-9bed-4eb1-96c2-c6d4710ac2b4,Carrefour Bio,sport,CSP+,Marseille,348588,44,428,68.13,1203409,70.03
a0006e7b-eaeb-46ef-8556-eebd2bb0f955,AutoMotion,retail,étudiants,Lille,17736,32,450,60.91,3007897,88.23
1628c53b-d630-4698-9b61-8875286c8345,Maison Nova,automobile,familles,Lille,456339,43,89,91.84,1798594,116.25
30fd1a5d-e57b-4ccd-b3d3-7cebcc123ddd,Fresh&Go,tech,étudiants,Paris,258700,14,271,66.18,1598878,70.41
d415c63c-197b-4174-9df0-3ce5e19efc2e,TechNova,automobile,touristes,Toulouse,184944,12,475,65.62,2081555,78.45
61322241-9146-43c2-a2a9-6f224efb305e,Bellea,sport,familles,Bordeaux,365284,17,274,77.51,66693,111.79
f7d25127-5782-43a4-92c0-040d41dc971a,AutoMotion,luxe,familles,Paris,307387,38,575,70.8,3305143,75.59
f7321592-ce73-440c-895d-267c5bd81e75,Maison Nova,beauté,CSP+,Nantes,458478,31,375,54.09,3149781,84.0
a1a4d25d-ea78-4c84-add1-b506fa55fc22,Bellea,beauté,CSP+,Nantes,142664,16,71,62.85,738288,98.84
1cfa4db3-744f-409c-b487-6f7faee16f70,Maison Nova,beauté,étudiants,Nantes,306814,15,404,57.19,2076987,96.18
fb737452-10e8-4c84-b0c4-5c327ee4f86f,AutoMotion,santé,CSP+,Lyon,271018,22,354,66.66,2734415,68.9
d6b22922-b7f0-4a09-8141-f96487deba62,Carrefour Bio,automobile,touristes,Nantes,55684,32,516,74.39,663810,112.33
9a85838c-a15f-4afd-8112-f4c5d894a79f,Bellea,automobile,jeunes actifs,Toulouse,148547,29,540,59.22,1244257,34.59
6fcd8a9c-2562-411d-8e4f-7bbf612ea095,TechNova,santé,touristes,Lyon,469599,22,209,61.96,1702052,91.72
0de79a21-fe14-4268-b76a-03f31b712710,TechNova,sport,jeunes actifs,Nantes,479386,22,394,47.36,3068646,77.78
54e90d02-e95d-4c0b-87ca-f06b7c23e250,Bellea,beauté,étudiants,Paris,76522,34,527,75.16,1305653,107.23
3ed7b8d7-cd08-46d4-af55-41a0b5c0c413,Bellea,beauté,familles,Nantes,172771,43,536,91.19,32943,54.76
9673e19e-1727-41a0-b433-321d4ecc805a,Maison Nova,sport,CSP+,Lyon,55196,37,143,69.32,2688837,59.24
3b310cb9-4597-4eda-b70e-c548d92a87ad,AutoMotion,santé,touristes,Marseille,136794,13,405,85.33,799722,98.49
a16ea6e8-81b1-4d6a-b79f-e760e8d0291d,Fresh&Go,santé,grand public,Marseille,481995,26,207,63.52,943590,88.15
afd9b333-d19b-45df-997a-ec31efa30269,Fresh&Go,automobile,grand public,Bordeaux,416542,10,532,92.07,2974824,56.29
9d709ffa-25e6-4897-b7eb-765230df6a06,Fresh&Go,santé,grand public,Bordeaux,407291,32,133,69.32,2777188,116.75
c929e438-69f3-4356-83a9-7a9481e76141,AutoMotion,sport,familles,Bordeaux,134969,40,66,62.75,1468745,66.49
820ff72c-9779-46f4-a0ba-4410e164d44d,Bellea,retail,étudiants,Marseille,458516,15,266,93.51,867323,151.73
e47c44aa-a0d0-4cf7-92fd-ed7ada14d9e5,Maison Nova,food,touristes,Nantes,202230,34,393,97.28,1306926,142.82
3eea5887-51c0-4a7f-9092-286721cb589b,Bellea,luxe,touristes,Nantes,292776,10,101,81.84,1120672,61.82
32b66568-73dc-4385-a207-d36743dc4794,Luxeor,tech,touristes,Bordeaux,325991,13,331,81.19,611863,136.65
4f7da2df-24e1-4131-bf4e-f2fb4ffa0fe7,AutoMotion,banque,grand public,Marseille,280327,32,44,58.69,3318704,94.09
1d03e73b-1117-41fd-8d29-6c7dd0fc7f33,Maison Nova,beauté,touristes,Paris,429593,6,31,82.64,93830,116.12
a1e8136b-2216-4399-a579-bf179ef15026,UrbanFit,tech,étudiants,Paris,267536,29,391,64.38,2782273,76.78
2dc2f229-2ae4-41e4-9dfc-92b1bfb45619,Fresh&Go,luxe,jeunes actifs,Marseille,319426,37,221,83.73,548611,59.63
24037e51-242d-4688-a5aa-07aa42db9ee7,UrbanFit,tech,jeunes actifs,Lille,67485,24,288,69.72,3423009,42.94
e355c0ad-f694-4e4d-b81d-ac79d904cb60,UrbanFit,food,jeunes actifs,Lyon,174431,26,38,60.79,1290439,69.42
1c7ef167-7f61-4097-861a-bbad70661a44,Fresh&Go,luxe,CSP+,Toulouse,327974,10,365,73.68,847836,41.33
fa2357e2-b9a6-46d0-a0e0-9ae7f4da62b8,Luxeor,retail,étudiants,Toulouse,139740,24,572,57.68,2855314,65.3
d6b09464-3863-4871-95b6-c266a8fddaf0,Bellea,automobile,familles,Lyon,378962,13,78,76.09,2142545,93.67
f287e0a8-5384-4098-862e-1a77a0374611,Maison Nova,food,CSP+,Lille,450635,29,588,90.32,182842,88.33
641b5da5-a1e8-4e09-9294-f9ef6eecb156,TechNova,luxe,familles,Toulouse,380386,22,156,79.17,1712172,102.9
549878a2-ada3-414b-a58c-1765a7bc8302,Fresh&Go,tech,grand public,Lille,336022,35,28,93.13,1682209,121.55
911412ca-d6e0-4b9e-9b39-275f972970f8,AutoMotion,retail,CSP+,Marseille,376086,19,200,53.26,1229702,61.16
5439977e-0edb-480a-8d74-441263afa803,Maison Nova,tech,CSP+,Paris,141963,32,321,83.93,2200059,85.18
7b8cb3bb-25cb-4eac-bb76-70fe61870f8e,Carrefour Bio,beauté,CSP+,Bordeaux,265449,28,78,54.19,2677523,62.63
486ec5e0-4796-40d9-9dfe-36e37d00f404,Maison Nova,banque,familles,Marseille,219276,15,520,57.31,170462,83.67
d8891c44-3125-4505-a83a-63372cf1266f,Fresh&Go,tech,touristes,Marseille,324743,10,360,65.88,522056,39.66
0e5d51b5-39a9-466f-a1bf-d2e0b073d424,TechNova,beauté,jeunes actifs,Bordeaux,129484,12,597,89.09,521244,105.45
a78b3dc0-f7be-4bc0-8a9b-bbb1d1097ede,UrbanFit,luxe,CSP+,Toulouse,76491,44,374,85.06,508580,75.56
779c7178-8f02-4ce4-9bd8-d9f7e8e2e852,AutoMotion,automobile,étudiants,Nantes,365355,7,142,89.77,2390023,52.18
f21ab84c-93db-46f5-8f49-9c3d20c368b9,Maison Nova,santé,étudiants,Bordeaux,444976,13,238,94.37,145390,85.54
f919e2d6-1708-411e-bade-035f6093bc97,Bellea,tech,touristes,Lyon,296267,9,462,79.08,2552030,127.21
39e18675-bca4-48b3-a6a9-c44179f33bfe,Maison Nova,sport,familles,Lyon,26717,14,39,76.57,1355338,83.04
8c9c585c-5e3d-4289-81d2-dd58226dd631,UrbanFit,tech,étudiants,Lille,477643,42,334,52.16,183972,70.2
299ffb11-eab8-4046-9292-6041d0ca8c36,Carrefour Bio,retail,jeunes actifs,Nantes,266270,24,593,60.06,300153,30.34
63a1b723-50d0-4e6d-a784-315c3fa3a845,TechNova,automobile,familles,Paris,393826,13,82,57.92,2356762,49.8
6398fa92-9100-47cf-b667-3cdd3230cc40,UrbanFit,tech,jeunes actifs,Lyon,86844,13,443,92.24,448307,64.53
46182930-0b82-4a09-92a8-a87a017d7d43,Maison Nova,santé,grand public,Lyon,363552,38,36,87.0,595158,46.58
5b295841-89eb-4195-8060-e2044ec5886c,Fresh&Go,luxe,CSP+,Bordeaux,204685,34,483,88.3,2913824,98.28
cd61eead-890e-491a-8e4c-a3760ed477e4,Maison Nova,retail,familles,Toulouse,88171,5,496,55.29,2689707,45.42
82156b67-1487-4081-8569-a7a33f95e551,UrbanFit,santé,jeunes actifs,Bordeaux,439164,24,272,74.39,130463,97.74
4445113c-3482-4bd3-8bf2-a8deee64c6bb,Luxeor,luxe,CSP+,Toulouse,138339,18,146,82.73,611601,115.06
57a73181-0ffd-40f9-b6e5-166a159b6b7d,Bellea,santé,jeunes actifs,Toulouse,178249,13,215,86.83,1869555,141.35
e1003bf9-5fe9-4d39-a9da-bf2525d49f4b,AutoMotion,tech,jeunes actifs,Marseille,109022,5,549,67.12,1724997,70.61
58be7562-494e-4e71-b2e5-47403d23168b,Bellea,beauté,familles,Nantes,308980,37,74,83.09,411685,125.13
fd891eda-f693-4893-9f21-d26fe9f52d54,UrbanFit,santé,touristes,Marseille,31216,9,223,54.37,2455051,82.14
63c83d93-86ec-4fb4-a511-0f804acf7dd1,Maison Nova,banque,jeunes actifs,Nantes,264393,10,486,76.41,2101193,108.22
4a47ee2e-f8fb-4d01-9c51-b03f8546be44,UrbanFit,sport,grand public,Lille,50929,24,598,50.81,1531929,55.66
2aa04523-e99c-4074-8980-1ca6846b4be4,TechNova,retail,familles,Marseille,313005,39,216,58.19,1353785,49.89
d29a6931-ad12-4204-bbb6-112607b6cd90,Fresh&Go,banque,CSP+,Nantes,69110,35,339,49.93,1890501,29.52
eeb956ce-0bdc-452c-992d-4dca904598e1,Luxeor,santé,étudiants,Lyon,396239,25,147,68.68,912967,40.03
cb7110a4-b3bf-4158-8250-9dfab3aa4378,Luxeor,beauté,familles,Bordeaux,103056,14,338,94.98,3072228,80.16
1221d379-061c-4d12-8643-dbffac4ecb8e,Carrefour Bio,santé,jeunes actifs,Marseille,78862,24,346,57.54,256622,49.28
26da5307-02a7-4c48-aa5d-da1d415697c6,Bellea,tech,CSP+,Paris,400730,38,190,50.38,775054,26.61
0bebd2e8-6075-4a11-bbac-192f2a6fe285,Bellea,retail,étudiants,Marseille,151974,13,573,89.97,2405284,81.23
88366063-4a07-4df2-a380-63d27fbba3dd,Maison Nova,luxe,grand public,Marseille,440132,41,599,81.65,1805742,46.06
ab5e3f63-10db-428f-9961-00a1f128e5b0,Bellea,luxe,grand public,Lyon,20630,41,130,65.52,2084555,100.55
d0b41e3b-c4dc-4b2b-87a4-385fd24fcb91,UrbanFit,sport,jeunes actifs,Lille,153344,21,177,85.3,2082626,80.74
da6f0ef7-b1d9-448b-8bcc-6c572f246704,TechNova,beauté,jeunes actifs,Marseille,43462,29,146,47.2,3201457,55.47
0c05a332-4350-4e3a-954e-90026629b938,Fresh&Go,retail,grand public,Lille,60389,45,599,96.43,1313631,99.17
64e99a02-196e-4b16-a5b1-bb641639a585,Fresh&Go,luxe,familles,Toulouse,172526,3,76,66.28,3225600,95.18
4fc8bd9b-e635-4811-8ea8-881478b7c196,Maison Nova,santé,jeunes actifs,Nantes,423904,43,444,83.56,916759,122.55
a95c6e10-1cc1-42f8-84ce-0cd1b746ecb3,Luxeor,luxe,étudiants,Lille,250977,42,447,58.08,3472332,33.01
b6b539fa-07db-40c2-8318-eaf66c0ff838,Fresh&Go,sport,touristes,Marseille,129678,4,101,67.12,25423,58.35
e1fffbee-626c-498a-b00d-a74440fa0cc2,Maison Nova,luxe,jeunes actifs,Nantes,190404,23,87,50.49,1353805,47.22
7e18452a-026b-4b32-90a2-87384e9ad8e4,UrbanFit,luxe,grand public,Lille,116681,39,148,68.07,2263667,108.5
4607cc1a-13a6-4bcb-aaa9-daf81231e212,AutoMotion,banque,touristes,Paris,325697,27,291,97.53,2991776,72.17
216af750-d215-40ac-bc41-bbd875fe023d,Carrefour Bio,food,grand public,Lyon,436032,28,153,58.82,1860119,41.66
4c16602b-f40c-4d7d-81b9-e90d171cb3cc,TechNova,santé,touristes,Lille,177714,28,402,55.74,3056107,72.68
d1b3ab28-120a-4a67-b4bb-5fe13742d223,TechNova,banque,CSP+,Paris,495099,19,315,77.45,1997901,79.87
2efc43d2-2978-4ac9-968c-deabf0c55490,UrbanFit,luxe,grand public,Lyon,8731,32,107,80.95,246434,66.46
4e882f4d-5a5a-4be9-98da-638ab8105841,Luxeor,automobile,familles,Marseille,23529,6,461,84.95,79521,141.03
505f992d-fb2e-4ad4-b32f-1bc2b5b47230,Maison Nova,automobile,familles,Marseille,54620,44,343,91.52,661202,92.54
379a315d-eca1-455e-a1b7-5863d8e8544f,Fresh&Go,beauté,familles,Lyon,130913,27,139,86.24,585745,79.91
9789e56f-076d-4892-8880-2a5747f23087,TechNova,banque,touristes,Marseille,59347,41,216,83.64,1794070,113.28
b9fed14c-010e-4fb6-8ef3-08737a1105a2,Carrefour Bio,beauté,touristes,Bordeaux,195572,41,220,67.23,1728969,51.93
2e1b66c8-7542-4101-bd03-a1cf4c706f4e,TechNova,automobile,grand public,Bordeaux,462150,20,350,63.08,2237743,59.65
5c7358b7-70b1-43b3-a126-da14f7a680a8,Carrefour Bio,santé,familles,Marseille,203847,43,129,88.52,2722371,77.14
b9f84673-fbe9-483c-80da-1235cf8357d8,Bellea,beauté,étudiants,Toulouse,449154,22,196,95.35,2981442,160.94
6b5edbe9-e09d-41df-aeda-136f8fdc51e8,Maison Nova,beauté,grand public,Paris,252827,35,530,95.59,2234787,146.54
592ff666-cb42-4865-a821-1e6b9bbee629,Carrefour Bio,automobile,étudiants,Bordeaux,325632,31,75,71.49,2230019,61.73
76ef2d33-3753-42ae-b35c-0165b692041f,AutoMotion,banque,CSP+,Toulouse,272311,8,64,88.23,400008,80.29
044e9efe-42fa-42f1-9be2-e1eaa7b4a264,Luxeor,beauté,étudiants,Nantes,234569,20,372,61.73,1692746,37.76
82899ce0-635b-4bb7-8d24-4943a8a98258,UrbanFit,automobile,jeunes actifs,Toulouse,64237,9,23,68.39,2810220,88.36
2259b2cd-50ae-479d-a285-193ec2f75d61,UrbanFit,beauté,familles,Lyon,12478,7,232,66.64,864232,106.25
2a7e8444-4861-4a5e-844b-d69cb42fe69d,Bellea,retail,CSP+,Paris,181633,34,124,82.0,864989,96.11
c8458ece-53db-47ef-bd67-bbbe32e80c7f,TechNova,sport,jeunes actifs,Nantes,21237,16,577,82.46,1922417,73.57
8e49efdf-3398-4580-9658-3cf01ab4cc7d,Maison Nova,tech,jeunes actifs,Lille,251855,45,270,96.27,2236710,65.79
4f8354fe-689b-474c-82fd-447349d46af7,Carrefour Bio,automobile,touristes,Bordeaux,60209,14,350,90.99,3141847,99.26
d005b462-828e-4f7c-aeb4-97a057e8a2e4,UrbanFit,luxe,CSP+,Bordeaux,381832,19,449,70.45,886275,47.11
1621fcd0-4c4b-4f5a-a35f-971541031b2e,Luxeor,automobile,CSP+,Toulouse,41720,4,280,77.89,1169859,112.62
623156e6-46df-4594-a1c7-76c4b785e1c5,UrbanFit,sport,CSP+,Bordeaux,195782,3,183,72.37,2130602,39.24
afac4f7f-f835-4834-baed-67cf4884f2b4,Bellea,luxe,familles,Bordeaux,266833,12,416,69.52,1947769,95.89
f1367653-cb8a-406b-aaae-4b5cf5bee0b7,Maison Nova,automobile,CSP+,Lyon,462652,43,171,48.44,1679590,29.62
e76ec79b-cd8c-439f-9254-6cbc8d6b4cff,Maison Nova,sport,étudiants,Lille,102396,37,179,91.38,3370527,136.55
62824262-5ea0-4088-8b1d-a862a5656ea8,Bellea,santé,familles,Bordeaux,393829,43,472,90.36,20050,150.08
052db161-15e8-4e2f-a0cf-131c1abfa999,TechNova,tech,touristes,Paris,467510,13,367,51.56,1146183,38.69
f8ff86b3-a575-4ae5-9c44-387149b6099e,Maison Nova,tech,CSP+,Nantes,357562,3,82,60.66,2975102,86.9
aa66bf09-7dd9-4a72-8c38-54c9745dad07,Carrefour Bio,tech,étudiants,Bordeaux,169606,25,152,52.28,3215372,73.22
2b7749fd-42f3-4a28-b9fc-dc89f907867c,Luxeor,sport,étudiants,Paris,106801,15,60,74.88,1190347,52.86
bbc6d754-4daf-4278-9e79-239a32aa4f32,Carrefour Bio,automobile,grand public,Toulouse,362158,23,296,73.28,3460024,97.22
a29436c2-12cc-4486-8b7a-0adf8f478cf4,AutoMotion,beauté,CSP+,Paris,257602,26,93,76.49,848834,68.64
4d79cb8f-2a67-40f1-9b12-5484c0057db1,Maison Nova,beauté,CSP+,Paris,177453,39,102,47.91,735855,51.35
481ecc4e-856a-4646-aa2d-a46e54f6dfc1,TechNova,beauté,touristes,Marseille,132442,41,92,84.06,1007989,81.33
d6c55758-6eb1-4555-a3f8-1ffef0b6f2d0,AutoMotion,santé,étudiants,Bordeaux,399277,12,346,73.46,153424,46.84
74a8c911-b514-4c04-87df-38fa3ae99f20,AutoMotion,tech,CSP+,Paris,16710,7,174,69.55,3043477,106.7
b41379ef-5ee5-4bcd-a210-396a5fb3c32e,Maison Nova,santé,touristes,Lille,331672,11,562,66.11,1987768,41.38
caefe970-b1f4-4be8-b994-9110ab4e284f,AutoMotion,luxe,étudiants,Lyon,333232,8,483,47.14,209917,62.66
454edb80-d80d-4910-a7ba-51eb1a087de7,Carrefour Bio,luxe,jeunes actifs,Lyon,314704,43,332,52.3,3252150,49.5
6c30500a-d375-47b2-ab6f-2a3abc64759a,Luxeor,santé,jeunes actifs,Lille,324448,14,121,54.62,1915603,33.14
e88ec53f-0b2e-4c23-aae7-2948cc6d7202,AutoMotion,food,jeunes actifs,Marseille,137427,45,194,46.52,2961112,48.29
ea40e2c1-37ee-4f2e-ab66-46acc1d20873,Fresh&Go,food,familles,Bordeaux,473819,36,174,72.48,3045470,106.67
aa74ffd2-3a31-4f7c-a15e-16366e598351,Carrefour Bio,food,touristes,Paris,366517,42,319,97.61,2453650,49.19
79f2ea6d-e675-48ff-a093-998007740a2f,Luxeor,food,touristes,Toulouse,219614,20,559,67.11,2606498,113.9
49bfc7ac-0733-4cbe-b07f-ccd551448ccc,Carrefour Bio,automobile,touristes,Lyon,401175,32,225,48.19,804115,67.53
868158b0-aaaa-4b71-8fc7-72d25c782161,UrbanFit,santé,touristes,Toulouse,101755,14,222,61.77,2320000,84.26
564c9edf-1b06-4ea6-b63d-19ac045da1ae,Maison Nova,banque,familles,Paris,226764,9,296,47.05,1818887,46.41
2ab140ce-4c29-4ada-ad75-557402ac7eca,TechNova,food,CSP+,Lyon,6824,40,518,94.3,3350473,69.73
c2b298b7-7ffd-4f6b-85c2-518e309e795a,TechNova,santé,touristes,Lille,380599,34,541,64.83,1070534,61.18
c6db21a5-41e8-4c68-adfd-e9d0c8e08af2,Carrefour Bio,beauté,étudiants,Nantes,453196,34,465,45.87,2143063,42.95
c89b0478-001e-44ef-b23f-cb0d5a8ced9f,Fresh&Go,food,étudiants,Lyon,27152,34,71,67.92,2308366,57.15
3708f07d-7371-483b-8d33-45b8395f7a66,UrbanFit,santé,étudiants,Lyon,282806,8,527,45.04,1231719,72.98
0ac60c13-9119-4586-80a9-84ec0c55b3eb,Luxeor,luxe,familles,Marseille,302514,17,491,62.98,3117268,77.64
39a4ac66-c030-435b-8ca0-bd65bc0e1226,Luxeor,santé,étudiants,Bordeaux,489171,45,369,78.7,1432108,107.1
e984b0bf-2546-4c29-84fd-ed52b8d29c81,Maison Nova,retail,jeunes actifs,Toulouse,270697,18,486,49.09,613384,42.92
25f282f9-2c23-4e84-9588-86be05d6c2b0,Maison Nova,santé,grand public,Toulouse,471610,4,385,54.54,525270,30.21
dff4377d-a1dd-4f4e-8dfd-bf8628843faf,Fresh&Go,retail,étudiants,Lille,110914,38,382,69.84,1395404,79.35
3a58519d-6187-426d-93ad-a20e7ecfe1d3,Carrefour Bio,banque,CSP+,Bordeaux,381337,14,182,81.4,2580140,50.54
174f04d0-e0dd-4955-ab1f-5a0e36a2b3d1,Bellea,sport,jeunes actifs,Lille,354293,22,101,51.01,695333,37.97
7e8e995d-3a6b-4714-95a4-bf517b270307,Maison Nova,beauté,familles,Toulouse,419131,26,366,88.0,584124,146.1
6e0cbac6-cf2e-4049-8432-6db42214df82,Bellea,luxe,étudiants,Marseille,236758,42,396,58.41,345001,76.38
975a9d60-55a2-4412-ae9d-861c13193b93,Maison Nova,sport,étudiants,Lyon,252394,23,273,49.24,284370,50.59
fbba4a27-7b97-4aca-909e-4ad0bb40750b,Bellea,banque,jeunes actifs,Lyon,300087,27,332,82.47,2105584,119.99
45bdfda0-5632-4c7c-ab8f-fb568795bdc0,Maison Nova,food,grand public,Lyon,447457,25,296,47.11,841877,72.59
480937e1-fbe6-4e9b-b42c-53100312626d,Luxeor,santé,jeunes actifs,Lyon,273058,8,415,93.72,2355189,126.56
c3c7e13a-af67-4c92-8125-9836481b1dc9,AutoMotion,santé,familles,Lyon,163356,34,571,86.74,2576689,119.67
4e02c798-38fc-4ca3-b16e-dc3849c0bff5,Bellea,tech,touristes,Lyon,328635,40,76,57.5,371622,31.29
f0e70e25-baf1-46eb-821e-4125c0098f7d,Luxeor,luxe,jeunes actifs,Marseille,358970,17,470,92.4,1580684,60.71
56b7e00f-6282-416b-9ab2-34d88ccb09fd,TechNova,tech,CSP+,Bordeaux,240318,32,360,59.68,1892503,98.13
c36056f8-4de7-441c-9d62-7bca9a2df0bb,Carrefour Bio,sport,grand public,Paris,46063,29,396,90.45,3254173,124.52
4e26a542-5f43-41f5-b979-0b6959e73b85,Fresh&Go,sport,étudiants,Paris,487244,3,170,83.06,1723387,140.78
c8d1b7b0-c733-4b6b-b4f4-62446cd206c7,Carrefour Bio,food,étudiants,Paris,91423,20,126,59.8,3037204,72.96
252ad1c2-43fa-4198-b46c-ed68af5593fb,AutoMotion,retail,touristes,Marseille,355671,34,263,72.79,2208404,78.54
57518fa4-927a-41b1-9aea-a11949751569,Maison Nova,automobile,étudiants,Marseille,483218,18,19,95.31,432019,155.33
1701010a-aa00-4d2c-bc85-558fe32c94bc,Maison Nova,sport,familles,Nantes,241367,44,495,46.87,3124166,31.65
9a5e7d87-07e5-450a-9f2b-d2e991466aa9,UrbanFit,banque,familles,Paris,121793,17,592,82.55,1479524,67.29
3f329cac-3d5b-4c16-a7f2-bd98a8147505,Maison Nova,banque,jeunes actifs,Nantes,457053,28,436,57.41,2319377,53.63
5f34edda-9a7e-4d2c-b069-5d44c5be1dda,TechNova,luxe,grand public,Nantes,332111,25,504,50.11,828735,84.14
05b9f174-abf5-4251-a600-6dda096a6dfb,AutoMotion,luxe,étudiants,Nantes,383758,4,115,79.21,1500809,118.91
99e0e538-943d-4fe6-800b-ce2cb84a2fca,Luxeor,banque,étudiants,Toulouse,86517,27,29,52.21,1823827,71.76
8efc5c33-da27-4d2c-988b-dbcbb6ef0b43,Fresh&Go,banque,étudiants,Bordeaux,42107,39,96,59.41,2269725,79.19
03ccceb5-6753-4f6d-8d83-35d1bf8c74e8,Luxeor,banque,touristes,Marseille,329717,20,186,71.85,1898356,100.37
e9a56de0-938a-4ed2-b106-eefcd71801bc,UrbanFit,tech,jeunes actifs,Toulouse,489865,40,341,47.42,432405,27.85
6ede1a78-fdb3-4455-86b4-375ee9a3b9fe,TechNova,retail,CSP+,Lille,238308,8,342,68.83,1411040,114.37
9a0d928a-b0ac-488b-9c70-b1acf654b08c,Bellea,sport,CSP+,Paris,427427,8,340,77.08,1262615,116.52
12bf6ea9-987e-423c-9c0d-65844547f73b,Fresh&Go,food,jeunes actifs,Paris,226711,17,515,56.59,1047541,89.06
3e9d43d6-a008-4510-adba-8f4dc1036dd7,UrbanFit,beauté,touristes,Lille,446982,3,278,70.65,1751333,110.67
76c0f5ed-c318-4067-8e59-d82cf95b9daa,Maison Nova,santé,familles,Marseille,159313,16,560,92.15,1513617,97.89
fac09df6-752b-4d8c-8e8c-4582991ec479,Carrefour Bio,sport,CSP+,Marseille,306766,21,371,50.01,2305917,79.86
64ec9cc5-c0a7-429b-b6da-f906319ec0ab,AutoMotion,retail,grand public,Bordeaux,261031,24,255,77.87,2226689,73.75
620db335-c722-474c-8b69-f45f696ed0f3,Fresh&Go,beauté,familles,Paris,26067,12,419,74.34,1086043,41.76
642c5dc5-198c-4075-b21e-40a22b1feae8,UrbanFit,sport,jeunes actifs,Nantes,420664,16,47,92.8,1973089,64.05
957ed683-28b8-413d-80ae-0fe026b72b19,Maison Nova,tech,touristes,Bordeaux,329995,15,524,56.94,145612,83.12
116f023b-bf91-4601-bf62-3c7f8cb5697c,AutoMotion,automobile,jeunes actifs,Bordeaux,375047,37,136,77.03,2036627,105.11
723116fd-859b-4456-9876-8db6d02cbbc3,Maison Nova,automobile,étudiants,Lyon,485006,28,321,95.02,557388,113.07
443c2092-8e08-4e5b-bb80-1df6a3e0f5fd,Maison Nova,retail,familles,Nantes,98351,18,46,57.63,2325415,50.6
594f967d-a0ae-4275-b2e6-30e7d62634cb,Fresh&Go,retail,CSP+,Bordeaux,222448,5,312,49.81,34166,38.35
b9ec6cda-4e90-4636-a454-06085dd0dfc9,Fresh&Go,sport,jeunes actifs,Lille,324194,23,526,52.66,1998239,63.58
40e6ad40-6fcc-4cff-8812-2ff7bde44560,Carrefour Bio,retail,familles,Paris,358998,34,21,52.47,20643,44.6
0b6cb211-66de-4c1c-90d5-92b6dc154397,Luxeor,luxe,grand public,Nantes,138801,14,65,59.56,1744963,57.05
dbd50930-d4db-4c58-9cdd-a303070c303b,Fresh&Go,banque,touristes,Toulouse,320269,22,38,60.21,3030979,73.37
566ab220-13c2-4992-8097-ac0370b614eb,Luxeor,beauté,touristes,Lyon,56178,20,353,56.87,3453818,65.44
899ab8e9-0c23-4ef6-a3ac-4dbef749dc65,AutoMotion,banque,grand public,Bordeaux,280238,22,336,93.95,984329,97.52
fc656ab3-7187-4827-b865-98d9895e2370,UrbanFit,santé,familles,Nantes,69645,34,364,94.2,875100,111.51
0d65e1dd-5dc8-406d-8b6a-b8204fb05d03,AutoMotion,luxe,jeunes actifs,Lille,417024,22,575,91.89,2954873,154.28
2f995108-cbd2-4f6a-a825-359c1ad2d724,Fresh&Go,santé,étudiants,Lille,255118,9,149,64.42,3231020,82.1
8d68a922-351c-40d4-9e0d-28fe86129c0a,Carrefour Bio,santé,jeunes actifs,Lille,385127,43,501,81.97,2989113,126.72
6146b864-bd38-4b69-92bf-9d3ea69af454,UrbanFit,tech,CSP+,Paris,336978,20,550,53.79,62560,75.78
f2da5dcd-f92e-4542-8244-42ed0cd5e59d,TechNova,food,CSP+,Nantes,448684,32,170,80.13,698085,89.15
514a7b97-ddea-4f51-bc6a-5133690ba786,TechNova,automobile,jeunes actifs,Lille,321292,43,204,58.49,2308831,95.58
d089d3d3-179f-4f89-9dee-c9adf0d92ac9,Fresh&Go,banque,grand public,Lyon,77770,4,470,89.95,2233857,88.36
2d7a2ba9-f111-47b2-9ea5-66eab8f23419,TechNova,automobile,familles,Nantes,254372,38,398,55.36,333859,92.45
9a14ee45-2cf3-4562-bfcb-d3713f97c67e,TechNova,automobile,touristes,Nantes,198498,7,137,96.46,2390322,120.4
c82719b4-509a-4de1-ae5f-81f5fc85ce36,Maison Nova,tech,CSP+,Lille,151148,4,549,55.29,1996253,54.93
639a61c4-ec81-4bb2-8dd1-2f7c8c86be00,Carrefour Bio,food,familles,Lyon,298893,20,478,84.91,1168739,142.66
fe4dbd15-2750-47b4-a90c-19bed8ff4c2b,Maison Nova,banque,familles,Lyon,320255,16,206,72.54,776970,84.35
ecb72b48-1b1e-4ed6-a404-f617d0ddbce6,Fresh&Go,luxe,touristes,Bordeaux,215976,8,163,45.09,1987909,43.86
ec1e3675-e26f-4ad1-b8b9-e9d49f563ddf,Carrefour Bio,food,familles,Lyon,324567,42,464,60.7,938585,54.67
aa75c934-0112-4ca9-99ce-64a48ee10fac,Maison Nova,automobile,familles,Nantes,400308,13,551,67.09,1775955,106.31
71613584-be95-4a2f-b19d-6d7af0cb3f08,TechNova,beauté,étudiants,Lyon,236157,11,568,73.27,1440662,61.15
a4c16a30-d877-42c9-bcb7-b2ed0625e0b5,UrbanFit,retail,grand public,Nantes,98892,16,491,70.72,1812037,118.46
86b685a8-1727-421f-80ec-ea8e69ec8ad1,TechNova,retail,familles,Marseille,103756,38,317,79.44,1717052,103.84
9a53ef33-26be-4898-b41f-c784930e3893,TechNova,tech,grand public,Bordeaux,204235,17,86,67.55,2210166,110.99
980fa8fd-4ac2-4e06-837d-02d6064db2e3,Bellea,tech,grand public,Marseille,85100,29,550,70.81,2160070,52.9
abe73263-10e0-4270-b955-11853e160792,UrbanFit,santé,jeunes actifs,Nantes,336974,39,443,85.71,2705978,107.31
138b9d4a-d780-463a-8bd4-3d0f50a77423,Luxeor,tech,familles,Toulouse,5768,37,37,47.7,75606,40.72
6ad11c13-9207-4ee1-9f9e-7ea61fabacba,Luxeor,banque,familles,Paris,147288,43,90,95.51,1746060,146.69
badd85c6-2101-473a-9a15-e410b8181163,TechNova,tech,touristes,Marseille,149235,20,236,81.55,2188962,53.45
36e2c766-4db7-4d7d-af70-c6ac2c679c01,Maison Nova,retail,jeunes actifs,Lyon,429122,19,437,55.86,3078564,93.06
2f7fcae2-66f3-43e3-8636-fb9d74f40c4d,TechNova,santé,CSP+,Bordeaux,299850,6,436,63.23,713921,64.94
d0a9bb93-0c24-4394-aeff-74aa982fa651,Fresh&Go,luxe,touristes,Lyon,30073,7,207,63.79,807176,100.4
3350f5a0-49e0-46ba-b75b-fecae5d7eefc,Maison Nova,retail,CSP+,Bordeaux,59281,42,524,57.9,3148407,78.29
3f9fd570-f44a-4acf-b27b-f52ede7a108d,Carrefour Bio,tech,étudiants,Nantes,374993,3,219,94.73,1763584,94.4
d3a9053a-1834-4803-8a7a-0145fee2ac6b,Carrefour Bio,beauté,CSP+,Lyon,327217,14,464,47.63,2201615,39.82
d525ae1d-c7be-4926-a9da-0d74a99251c4,TechNova,santé,familles,Toulouse,70739,38,128,61.3,348424,89.02
b3b028b0-50cf-4bae-9c6e-a996171a16fa,TechNova,tech,touristes,Lille,238852,23,195,83.03,1968890,80.33
2a4a5fce-72cc-41e0-b885-51d7eba0864a,AutoMotion,food,grand public,Lyon,224233,31,402,97.92,2842895,158.76
88966359-847b-4b32-8ef1-50e9b0362cb7,Luxeor,santé,jeunes actifs,Nantes,128199,34,320,79.5,3037002,67.69
d428e81d-1731-4976-a2c5-d180a249ca78,Fresh&Go,food,grand public,Lille,71359,19,111,75.45,2887993,66.72
df7f7cff-6fee-4b80-9811-8a41452c1337,AutoMotion,luxe,étudiants,Lille,102027,45,412,74.87,1646328,83.96
57972a39-b65d-4c90-941e-33173588fdfc,Carrefour Bio,retail,grand public,Nantes,492431,23,207,89.37,988393,106.1
5f9f30ba-a633-455b-9208-16415ecf4510,Fresh&Go,beauté,CSP+,Nantes,182944,20,546,62.96,2334995,104.96
6b4a2b4b-8140-4bee-9379-ed41987b01ac,Luxeor,luxe,jeunes actifs,Toulouse,417083,30,78,54.05,1387819,46.47
9c111482-efed-4b60-821d-a92623eb52f4,Bellea,automobile,CSP+,Nantes,439903,43,13,95.43,1039219,150.21
06e46478-8758-463a-834c-7c3f7d2cf328,AutoMotion,santé,CSP+,Marseille,373188,24,84,71.38,2252003,40.85
f1e449c9-2a54-4a22-b01b-772521954bd0,Fresh&Go,beauté,touristes,Bordeaux,271407,45,75,62.88,2327276,71.01
605fdffa-78ce-47a0-bc06-81241af80e2c,Fresh&Go,retail,jeunes actifs,Bordeaux,369563,24,510,63.9,3403953,47.71
a1a690ba-7be9-4673-ae85-20a0c2da1c3b,Bellea,tech,grand public,Lyon,45256,20,235,92.21,890924,84.38
2cd8d386-cd1c-4638-b253-16e06214906f,Bellea,tech,touristes,Marseille,250665,27,295,50.38,256690,54.74
fdb0f487-149c-4bba-93fe-35f7359bdb9f,Maison Nova,tech,jeunes actifs,Marseille,169993,32,106,52.47,2688239,60.17
84824e0b-062b-4a20-9cd5-c2956f42d907,UrbanFit,santé,étudiants,Paris,413291,11,63,56.22,198266,94.14
f42f8760-9d81-486e-8c50-1ef5bdefb093,TechNova,santé,jeunes actifs,Bordeaux,410956,29,213,75.12,3122064,76.98
b4cbbb39-1868-4001-8773-378f19ec5b65,TechNova,luxe,familles,Marseille,150099,30,592,89.53,2152426,64.9
d9fec4d9-160b-44b8-aec2-4a1eb942c9d6,UrbanFit,tech,familles,Toulouse,405611,34,179,69.87,3466466,42.25
1ea33c4a-1a2f-4b27-9bdd-949e97806053,Fresh&Go,tech,CSP+,Marseille,435356,30,387,47.56,2350801,31.82
c5ab261d-0552-4164-a168-239c31a84f47,UrbanFit,retail,touristes,Paris,387247,45,255,67.54,2117357,103.74
8e770ded-c94f-416c-9fe7-6d630a73e764,Luxeor,retail,jeunes actifs,Lille,392180,29,441,87.89,226752,122.06
ceb2a3fb-a72e-4cf1-afb5-a54cd08afe90,Maison Nova,tech,étudiants,Nantes,56186,3,381,48.22,250414,43.97
6ccf56c4-3c4b-4828-a363-5d4f8045eba8,Bellea,sport,étudiants,Marseille,110068,10,39,57.42,1280593,39.12
6cae9ef5-fb14-42e7-a2a8-5414453de8a4,UrbanFit,santé,étudiants,Toulouse,275225,10,88,92.66,117706,99.84
978489e4-6d0f-416b-95b4-abd4e95ce883,UrbanFit,banque,familles,Lille,218688,40,260,82.18,1922150,62.93
40b629ba-6018-4a58-a189-f4d9f058493a,Bellea,luxe,CSP+,Toulouse,463694,12,486,49.01,2096444,37.99
3cf6870c-c7a5-4a42-a4ec-2a9142f8e088,TechNova,automobile,jeunes actifs,Toulouse,30009,4,91,69.96,1550909,63.45
3df8bc21-5f63-428d-8118-5982cf9fb7e4,UrbanFit,food,familles,Toulouse,231397,42,133,68.34,1271569,111.73
d5af9a67-1968-4306-bfa4-63eae1874056,Fresh&Go,tech,jeunes actifs,Nantes,119480,15,509,46.26,679944,34.91
57151cde-cd8b-402c-8a1f-a017f35c4521,Fresh&Go,retail,CSP+,Bordeaux,100926,13,455,94.59,1514832,82.72
20639220-859c-4baf-aabd-93fa9e437e48,TechNova,santé,familles,Paris,142471,10,22,74.31,40690,88.71
a92b443a-70cf-4459-992d-2d2b475b4118,TechNova,food,touristes,Nantes,126251,23,126,84.53,748516,106.37
0251fb58-8743-49c6-b223-a41e98307200,Carrefour Bio,automobile,jeunes actifs,Lyon,462436,30,197,82.2,754556,138.53
43178ef0-5d0c-47ac-87b0-aa61968060fb,UrbanFit,beauté,grand public,Bordeaux,69265,14,156,68.87,151886,82.59
e2e570b0-cd62-495a-86f9-432b2356e33d,Luxeor,luxe,étudiants,Paris,284855,14,474,50.29,2793492,50.97
9799765e-1c7a-4b0c-b57c-7b7fb389a9c3,Fresh&Go,automobile,CSP+,Lyon,183983,20,483,67.97,2234260,103.03
e5cda6e0-3839-4eb3-bb56-3e18507a04ac,UrbanFit,beauté,grand public,Lille,232903,35,441,95.66,2639753,104.13
96d548ad-1e4c-45cc-b6f9-1b579847065d,Luxeor,luxe,CSP+,Bordeaux,131709,42,255,69.79,53182,83.25
9d1ad205-06bc-476f-b4ce-dd983a2d6759,Bellea,banque,étudiants,Nantes,443927,10,61,84.09,2836442,65.56
ee741c95-89f6-4de6-87b9-2eb6a4ff034f,Carrefour Bio,retail,grand public,Toulouse,237179,9,380,45.83,1049865,45.35
5bbeab93-34db-4adc-bde3-a9ab54f91fe2,TechNova,sport,familles,Lyon,233425,19,458,84.4,2982363,109.38
5ce353fb-dc59-4235-925d-2105a715e5b0,Fresh&Go,retail,grand public,Bordeaux,155236,18,261,84.76,1654017,46.6
674285f4-a3b2-49b4-89d2-7fc64a6b434c,Luxeor,retail,grand public,Toulouse,179382,14,41,95.06,3405696,161.07
2d98d1aa-2e8d-44df-a821-e39a614dc290,TechNova,automobile,familles,Toulouse,413231,43,408,84.8,2211970,97.38
b17a73e4-f3fb-49bf-8b55-c8bf75ece7d6,Luxeor,santé,CSP+,Bordeaux,160445,4,102,46.98,512021,77.21
bd6aed8e-7c76-4786-9556-bb26ef17b54f,Fresh&Go,sport,familles,Bordeaux,49552,24,418,94.74,1694065,129.04
26eb55b0-236e-45d3-b9b4-f246185778e0,UrbanFit,banque,jeunes actifs,Toulouse,449392,19,357,84.89,32219,125.23
1a6eb3a1-39d9-4835-927d-f9b935d9da60,TechNova,food,grand public,Bordeaux,220069,42,180,53.53,1831960,44.88
d2c96294-8744-435e-9102-fbe50b1ef1f9,UrbanFit,beauté,jeunes actifs,Paris,387112,41,18,86.86,500472,99.39
3783f5b4-4094-4f7b-b4b6-b571a7a90c83,Fresh&Go,retail,jeunes actifs,Toulouse,250275,39,556,84.72,1458295,111.91
ac402ef8-6ada-415a-97a9-86ad9af246cb,Luxeor,sport,touristes,Lille,360824,40,566,74.04,1005375,92.66
acaa8603-6aa8-40b4-8208-a91de7385810,UrbanFit,santé,grand public,Lille,118547,23,71,87.93,778867,137.01
ba4a909d-8ab0-4ae0-b14e-955e2247ce0e,Luxeor,beauté,jeunes actifs,Paris,275846,12,51,59.86,1923998,56.74
80da06c0-d18b-4018-8414-f9096360110d,Luxeor,food,touristes,Lille,444578,26,587,65.19,3030647,37.26
1674e644-80da-4d00-a573-3aae4fff864d,Luxeor,luxe,grand public,Toulouse,283505,11,36,96.65,1703217,113.36
2248d0c3-26ab-4f22-bff1-3100edd80260,AutoMotion,banque,grand public,Bordeaux,110290,16,146,53.27,2196632,52.55
0a6de32d-9cd9-4af6-9451-9e4fa5fd1345,AutoMotion,santé,jeunes actifs,Bordeaux,379284,34,451,86.3,3193007,87.12
dfead122-750a-449c-bdf9-a6c4520cfe10,Bellea,beauté,étudiants,Lille,328715,11,94,72.43,1998185,50.51
fc71f73b-7060-4bac-b77c-0522099ce507,Luxeor,beauté,grand public,Nantes,426505,29,498,80.29,2533132,112.01
4e125a4e-1017-4f0c-a042-37fa4e67da1c,Fresh&Go,tech,grand public,Marseille,209541,27,219,56.33,748642,73.95
43abd551-86cf-47d9-8210-af7cc4c81139,Bellea,retail,grand public,Toulouse,276313,7,232,91.88,122523,152.9
2c8bac8d-3ada-45a9-a1aa-9aa713797ae1,Carrefour Bio,beauté,grand public,Nantes,285439,8,323,57.63,1143074,39.34
05a2dd87-2788-4043-a8c9-716a38397775,UrbanFit,luxe,grand public,Toulouse,94119,32,464,63.19,2283330,58.4
a410b63f-d39a-403b-9768-7c30437a7f2a,AutoMotion,food,étudiants,Paris,253059,42,117,49.61,156485,55.83
7c4e3c11-c9ec-4e08-8f38-4ab6b2d262c3,Maison Nova,santé,jeunes actifs,Bordeaux,114672,36,135,87.79,3211152,84.49
d9d87b87-0364-4eb8-89cd-c53db3ebfd59,AutoMotion,banque,CSP+,Paris,469496,17,314,92.45,1640164,89.06
76166d32-4971-4163-b365-a5b2e000ff16,UrbanFit,tech,CSP+,Nantes,497404,41,137,73.36,36670,42.23
5ec47f13-3b37-43b0-8d9b-941bf5e2e5e3,AutoMotion,automobile,CSP+,Lille,310114,34,335,54.91,2118989,93.04
0b6a8711-b9a2-4118-8610-49f00e242f35,Luxeor,sport,familles,Lyon,91350,17,373,56.78,1784374,79.78
b7a04428-4fa1-41ad-aebb-60802746cf61,Carrefour Bio,tech,CSP+,Nantes,311530,7,118,80.88,1529547,82.95
481a2be3-10b0-4a7e-a2ee-dc3e686356aa,UrbanFit,retail,jeunes actifs,Toulouse,283585,32,308,46.7,620140,70.71
ee845c07-0531-4951-aaa7-7edd2d18f830,Fresh&Go,food,jeunes actifs,Bordeaux,161707,27,224,62.3,2662360,34.34
e610e111-482f-495f-b04c-090ca0255106,UrbanFit,food,étudiants,Bordeaux,253630,24,539,81.82,292325,47.36
20abadda-e4fb-49ff-8fd0-46ebca65136e,Luxeor,sport,grand public,Paris,306441,34,583,95.45,2769268,152.78
bbbc5990-3b92-4f1c-b463-7aee46e1eb34,Bellea,banque,étudiants,Lille,230019,21,87,62.83,935132,86.02
b9b6b2f5-85c6-4d3f-9220-4cb240ae4fbb,Fresh&Go,tech,étudiants,Lille,110587,20,437,85.44,510638,77.17
0546e93f-2a43-4195-ac82-96b7ef34fc3b,TechNova,beauté,étudiants,Paris,418473,18,182,56.71,975119,71.69
d97a599a-df3d-4170-9cf7-44fb1a3c590a,Bellea,automobile,grand public,Marseille,123763,12,139,83.53,723732,138.87
de6f50b1-0ad0-4a33-b921-7b6996faae84,Bellea,food,CSP+,Lyon,45929,7,302,47.91,2398215,79.62
766f786d-a8f6-4a24-95fb-c66399ab8701,Bellea,tech,familles,Lille,185415,35,543,54.41,1841558,81.14
610c31b2-165b-4e26-99d6-4eafe7d736b2,AutoMotion,food,touristes,Lyon,139019,33,194,50.4,1419696,69.13
9fa3d2ac-3916-4106-aea8-9dadceb63295,AutoMotion,santé,CSP+,Lille,358327,8,427,81.48,1566476,62.37
2667a41f-6b17-4482-9e50-771e54ce087e,AutoMotion,tech,étudiants,Paris,168388,28,166,82.87,3360319,113.59
f32ae8f3-05ec-40eb-a6fe-6142ced3514b,TechNova,banque,grand public,Lyon,201763,15,90,95.16,1268197,124.66
9688a6a5-2fe9-4e16-adf4-be1936de7c8d,Luxeor,santé,grand public,Marseille,464364,17,357,86.19,563206,127.41
9f7d9513-5baa-4b26-8025-0d8e0d92c5cd,Luxeor,retail,familles,Nantes,10453,29,239,52.39,325515,65.95
a307c16a-5d97-429a-8309-7f74824b60e2,Fresh&Go,food,familles,Lille,117494,44,79,96.13,342896,93.68
340ae691-920d-4b06-93c2-9ea19166eb82,TechNova,luxe,touristes,Lyon,151008,32,317,47.84,1229297,59.67
e9f120a8-e9c0-4fe1-b428-8ac00b460d1f,UrbanFit,beauté,touristes,Bordeaux,99032,14,494,77.15,420128,59.22
ef63b347-b85b-44e6-a456-1eef86d8ebbf,Bellea,retail,grand public,Marseille,440390,9,510,67.73,2919014,89.13
2b1d9a76-022f-4901-aa6b-2101ddabd606,Bellea,automobile,jeunes actifs,Toulouse,280605,29,348,63.64,248730,91.2
4f7dc810-76f8-41f9-a283-c2ae4ee95659,AutoMotion,automobile,jeunes actifs,Paris,301142,12,457,50.55,2182477,75.39
ee229455-fdb1-49d7-9b81-fe828a190e3d,Maison Nova,santé,étudiants,Lyon,366979,23,445,90.89,1005462,99.39
d393a9ff-7f36-477b-8a48-bdad0a7f3196,Bellea,beauté,touristes,Lyon,342374,20,599,84.75,328382,65.31
36972208-f8a9-458f-af39-03708d7f3976,Bellea,automobile,étudiants,Toulouse,378818,4,16,95.29,3312891,92.33
99bd347a-77c3-46c8-aa0a-1efb59a4118e,Bellea,beauté,grand public,Lyon,430849,39,273,78.06,2059323,49.98
9940cb4b-7f7a-4c79-979e-fed5c11d08ad,AutoMotion,automobile,étudiants,Marseille,87863,44,148,67.74,202525,50.05
cba0e0f0-ff54-428f-8d89-9dae4ddaff33,Bellea,banque,CSP+,Lyon,35549,19,504,52.72,1247920,36.57
9005e9b2-98b2-4bc3-8160-528c9920787b,Carrefour Bio,beauté,étudiants,Nantes,422502,40,521,85.61,2509426,99.15
f40b13e2-6bcf-47e6-8e6b-e8879b89eabb,TechNova,retail,grand public,Nantes,496765,25,515,73.88,1010417,93.79
0e6b52af-0ef3-4dec-aa62-5a98614318b8,Bellea,tech,jeunes actifs,Lille,19483,41,76,68.16,680932,78.02
5eb9a0e4-030e-4a0a-9b3b-64dc1f762499,Bellea,retail,familles,Paris,73710,41,176,63.6,292993,55.86
385262af-604b-4c83-b087-c30c4018ff75,AutoMotion,tech,jeunes actifs,Bordeaux,54745,8,330,74.4,2441227,77.74
3ef822ff-0301-41ea-ba15-179aa268d044,Maison Nova,retail,touristes,Nantes,378998,22,590,63.59,1805172,41.09
95a2486a-7ae4-4288-a62b-aaccfa66153d,Bellea,sport,CSP+,Nantes,72455,14,389,81.78,1569385,113.3
e18d0677-95ef-4a33-8fa8-1117cf484f7d,Fresh&Go,banque,familles,Marseille,150566,39,180,68.15,873561,69.6
6f3f1ea8-5fc9-4dbf-bc73-d5ad88465e27,Bellea,santé,CSP+,Paris,244889,38,186,51.75,2526940,66.81
18447117-1f3c-491f-b225-e29a2d0adab4,Carrefour Bio,sport,jeunes actifs,Lyon,92634,43,456,82.71,3045956,131.08
86e1c39e-e955-4db5-8dfe-12030b3b10f1,AutoMotion,banque,grand public,Nantes,10757,23,111,90.04,2761430,120.04
7445182b-5e0c-4e9e-a99a-b60e532b9be3,Fresh&Go,santé,grand public,Lyon,9982,39,471,59.55,2904763,100.56
5327b7de-df1f-4402-80be-0134cf7be18c,Fresh&Go,banque,CSP+,Nantes,106063,42,495,77.69,2170395,84.75
49cb4b4e-6166-4380-9d5b-b2b890e08f36,AutoMotion,santé,CSP+,Lille,378209,26,178,60.24,1391331,65.05
2f834897-e620-4f28-806a-081d18c2cf94,Luxeor,sport,grand public,Bordeaux,440701,15,232,67.79,1296973,99.66
00947192-e115-4506-84a4-64cd7f17619e,Fresh&Go,luxe,jeunes actifs,Bordeaux,333584,45,253,89.23,849569,100.65
4de0a864-5b2c-47fe-9455-1d61738a6c07,TechNova,santé,grand public,Nantes,171156,15,114,64.51,222612,78.88
524d9ac2-b4d6-48ce-b6be-8ac777b6781a,Carrefour Bio,tech,familles,Lille,105873,42,335,95.33,1739723,89.76
8f8ff976-e600-4646-802c-4ba0cda70a8c,TechNova,santé,jeunes actifs,Nantes,384676,34,90,77.32,1317459,64.06
18cc6cf8-ff6c-4607-a588-ff2aa37e74cd,Fresh&Go,santé,familles,Nantes,160608,25,332,46.52,2875570,62.24
1bfbfd6b-9a2e-4497-89d9-7b0e768f6af2,Luxeor,food,étudiants,Lyon,111192,36,229,66.11,1123658,84.81
55fa2ae7-7e8e-43fc-bd1f-0efd2f41ed0a,Luxeor,beauté,familles,Toulouse,491616,22,147,87.43,1822731,76.74
ae51e5b0-4e01-466e-a479-95b36f5ea934,AutoMotion,sport,grand public,Lyon,79021,16,493,84.47,2327001,126.73
32779b3e-d7b8-4b1f-b634-583236cef540,Maison Nova,beauté,étudiants,Toulouse,123865,23,143,67.0,2540839,108.5
c1131a59-6da8-49cc-a3cf-63428f42c3a7,TechNova,beauté,jeunes actifs,Nantes,390352,17,49,97.7,1523757,116.92
f5dc9eb5-85eb-463a-98e2-9b6de3875c81,Fresh&Go,food,familles,Paris,218958,40,289,83.69,3476579,99.82
7d908e69-d160-4086-ba14-5bd55be4806b,Luxeor,sport,CSP+,Bordeaux,372823,26,197,88.19,2076737,90.62
6c01d2db-e679-4e4f-8dd1-a75c32d99f57,TechNova,retail,étudiants,Lyon,282480,6,66,62.64,1822069,92.06
01135595-bbb7-47ea-9627-2d8b593f206d,TechNova,beauté,étudiants,Marseille,249834,24,364,87.21,2508077,50.97
71707d4d-70f6-435f-b921-45cb13b1720a,Fresh&Go,automobile,CSP+,Toulouse,155050,21,367,73.09,1051592,92.03
cc40df02-c333-4171-8d56-6719ab60516a,Carrefour Bio,luxe,CSP+,Bordeaux,403117,44,502,47.06,299493,44.48
c8575b73-9b0b-4db2-95aa-2d886e40b181,TechNova,banque,grand public,Lyon,250829,23,462,45.09,1622176,44.06
35dd7585-2558-4ace-924d-b0f76405192a,UrbanFit,food,touristes,Bordeaux,101652,34,25,69.32,3420055,91.48
cd818457-2af5-49c8-a410-d0cde82ce957,Maison Nova,luxe,familles,Lille,316041,31,108,57.91,2087700,43.0
4aed047c-9ec4-42f2-9aaf-82c6b0d6b86b,Luxeor,sport,touristes,Marseille,83833,25,117,79.36,2592211,118.2
3677bdf0-fb56-4f9c-b3ef-2da4465c098f,Maison Nova,luxe,touristes,Paris,346841,8,505,64.41,1253175,88.66
d0b7f326-939e-4e6b-8c23-9686a6fa6bc3,Luxeor,sport,familles,Toulouse,393975,18,559,61.57,205949,39.98
9cac3676-706d-41a0-9b34-37095b32bea7,Maison Nova,banque,CSP+,Toulouse,8107,45,525,66.61,572466,89.35
c624208e-ec9d-45b3-8e93-c1e942e5dfc7,TechNova,banque,CSP+,Bordeaux,215908,35,280,61.77,1326793,62.51
8de875aa-23d5-4d3f-81ed-cb29bf718979,Bellea,banque,touristes,Nantes,106716,19,425,54.24,3399668,30.47
907b5c30-7cc3-4c69-9466-91b21d8d98f5,Luxeor,banque,familles,Lyon,143265,8,385,56.23,2959142,76.02
f07e2770-bd83-4ac6-b846-956576f7070a,Maison Nova,banque,CSP+,Nantes,434334,10,233,64.13,1531553,50.9
adc1a52e-1009-4530-a065-ff6da9b70bb7,TechNova,tech,grand public,Marseille,360355,23,502,72.82,1134118,81.69
e8ab6224-d8eb-4a59-b87a-eb07eab82184,TechNova,santé,grand public,Lyon,55625,40,286,49.05,75165,72.74
1524d4c2-36a5-4d84-b380-ff9dff5f1ce6,TechNova,food,CSP+,Nantes,420849,30,29,70.2,867086,48.48
b294d5b3-0208-45b3-ba14-bea149aac694,Maison Nova,banque,jeunes actifs,Paris,175886,28,176,57.95,2846027,67.93
9a658d6d-9975-4e37-80c6-f6e2153f55d5,Maison Nova,luxe,CSP+,Lyon,451915,19,497,48.38,3307031,50.72
3f169475-f768-4f01-a5d6-f410719dc9ca,Carrefour Bio,tech,étudiants,Paris,477891,25,313,80.44,187996,71.47
b32dc078-c15c-4d33-a8d9-b32e1a90d4aa,TechNova,retail,grand public,Marseille,251439,12,105,79.47,1446401,51.94
97c73a5d-c2db-490b-a77d-60615b75fdc6,Bellea,banque,CSP+,Toulouse,56233,23,513,68.6,947029,77.38
f26ba1ea-2a20-491f-918e-068fbc2f3262,TechNova,retail,touristes,Lille,103985,43,440,49.96,1659867,66.44
79d14c65-ff0d-4824-afda-d8f89713eef5,Luxeor,tech,touristes,Toulouse,484787,34,287,89.36,794093,121.73
9add2df0-1cd1-4870-93ff-ced64d44a886,UrbanFit,beauté,touristes,Nantes,431923,16,56,65.91,3327817,103.86
49b84b59-6ec1-4dfb-9bc2-20b1f132c1fe,TechNova,banque,étudiants,Lyon,213329,45,221,51.28,1725678,50.59
5a0c3d21-ee7b-4cc2-8da7-251947710c4d,AutoMotion,banque,familles,Nantes,176500,6,594,73.43,2486873,119.15
959a63e3-59bd-43b7-9dc7-da5e0397a0ad,AutoMotion,santé,grand public,Marseille,458444,5,125,67.64,1495709,46.35
faf71cbb-f96c-4c31-b178-e59658b44ce1,UrbanFit,beauté,CSP+,Lille,26153,33,349,49.6,3489466,53.87
f529801a-18dc-4b17-8967-e5d9723042a1,Carrefour Bio,retail,grand public,Lille,73634,38,146,73.8,134610,101.1
63ed2911-88d4-46f6-a977-d0f193123843,TechNova,retail,CSP+,Lyon,248677,7,455,72.79,3003632,60.87
22b59a27-37f8-4b84-8cf8-77015b1c8de2,UrbanFit,santé,CSP+,Toulouse,173680,33,264,80.56,395667,116.79
9bc37015-ddb3-4e8b-a0c6-1b2fd0dcad1c,Bellea,beauté,étudiants,Toulouse,78777,5,308,78.03,2430797,111.94
048d254f-32a6-4eec-86eb-1c4225bfe103,Fresh&Go,retail,familles,Toulouse,258836,27,112,93.08,1484858,67.24
7dad3e4b-50f8-4a1e-ae72-d303981acf93,AutoMotion,retail,touristes,Toulouse,94022,35,133,50.69,2587274,53.66
eb9cefd3-400f-423f-b8d1-0867e1c8f51b,TechNova,retail,CSP+,Lille,275663,5,521,61.8,3376843,57.17
d6e3f65b-99a7-4f0d-91f8-fe3ea98a52ec,UrbanFit,food,touristes,Marseille,65006,22,481,59.49,2521704,54.6
9c7344fa-56e3-4bf0-8392-cc72a2232736,AutoMotion,banque,familles,Marseille,68629,19,231,89.5,1631150,148.22
6b496b27-1a8d-4e25-9549-278955d3492e,UrbanFit,banque,familles,Toulouse,445567,32,585,80.07,1000392,107.58
b1ccb0ff-e767-4462-ba92-6dde4061db69,AutoMotion,automobile,grand public,Bordeaux,277028,16,553,88.66,900310,97.8
bbfb4c82-c3c8-45ed-b639-e76169b425bd,AutoMotion,automobile,touristes,Lille,454620,7,546,76.25,1317329,73.21
42b77f1b-4dbb-4ab4-b636-3d6aecfa0c89,Fresh&Go,beauté,touristes,Lyon,313858,20,468,81.06,891302,129.23
27c3162d-ca3b-43e9-86cc-4ae6cdb86c77,UrbanFit,retail,étudiants,Nantes,346900,5,15,92.87,1987457,79.87
d74a6445-1d33-4286-b765-e43d87275e23,Carrefour Bio,retail,jeunes actifs,Lille,48711,33,187,56.78,2015510,84.28
d87c83ff-a555-4332-9f94-e8c28a6282cd,AutoMotion,tech,CSP+,Toulouse,43913,22,495,64.27,277588,91.87
b97af355-6a3d-4a65-b11e-9ce81874b8d9,Fresh&Go,retail,grand public,Nantes,242545,5,178,76.76,3299662,111.55
b0d71199-329e-4f45-ab0b-e79d76a4efa2,UrbanFit,luxe,jeunes actifs,Toulouse,308648,33,341,80.91,1540530,68.99
541959a4-5230-48d9-8ceb-891d36278933,Luxeor,automobile,jeunes actifs,Lyon,179202,24,461,58.31,1910050,64.18
2a1cb29a-96c8-4780-a6e6-a1c4fb3b2913,TechNova,retail,grand public,Paris,70120,3,307,76.54,2239871,65.69
33cb000b-94fa-4d63-a219-7a8cbc145841,TechNova,food,jeunes actifs,Nantes,433374,24,466,94.99,2047421,153.61
9a30f34d-5f59-43b2-a8cf-f9ce1424f2f0,Maison Nova,automobile,étudiants,Nantes,164261,25,104,63.55,1151003,51.22
2a86a697-ff51-4e08-b858-0f048be648f6,TechNova,sport,touristes,Lille,471935,40,281,78.66,2274236,120.12
6d3cf591-83bd-431e-89e1-dde5828d0cc6,Carrefour Bio,banque,touristes,Marseille,233732,24,336,52.99,740098,56.51
3bdcb6f3-eaa4-4895-a97d-e5762fbcaafd,Luxeor,luxe,grand public,Nantes,11390,3,101,91.25,1875442,67.21
909fc6e6-23e9-46e8-9a08-cda4949be9ef,UrbanFit,tech,CSP+,Lyon,439847,3,91,66.4,2090313,93.73
509f59ec-e46f-4de9-a275-3bb4b7a3fc56,TechNova,beauté,jeunes actifs,Bordeaux,45971,8,108,92.84,410584,79.87
ab310199-67fb-4169-b424-5385f96cc4b0,Fresh&Go,banque,étudiants,Bordeaux,216220,25,31,81.52,2197890,99.33
7edbb49b-98eb-47d8-8586-a75e7a9fbd23,TechNova,banque,étudiants,Nantes,259969,16,174,95.61,781174,103.86
f0f8204a-352d-49a6-99b1-169ea07d63b7,Carrefour Bio,retail,grand public,Marseille,61018,16,258,52.12,610598,70.63
f9be65d8-be87-4d82-a07a-8298116b294b,TechNova,retail,familles,Paris,102558,29,516,90.96,706676,53.33
5012a2cd-3aa1-48d9-b067-00e67343d579,Carrefour Bio,luxe,grand public,Lyon,122812,33,177,53.14,674445,42.3
eaef6f3f-6669-4856-8981-0e81216be3be,TechNova,tech,touristes,Toulouse,204526,44,269,66.35,1287574,88.54
dd7b6b1f-615d-4429-bfb7-545d8843214a,TechNova,tech,CSP+,Marseille,236088,13,360,83.37,74264,72.13
f31e678e-c20d-48a5-aa46-3a23e390837f,Carrefour Bio,luxe,jeunes actifs,Lille,144314,34,332,50.29,1307520,73.78
c98dac53-0c27-41d3-89c8-af9fa5bc9b05,UrbanFit,tech,jeunes actifs,Marseille,166377,29,560,46.99,2823013,52.68
4bc07fc4-b0b2-465a-b1ee-79f7b48ad792,Fresh&Go,banque,touristes,Lyon,81409,40,454,89.22,282019,68.45
f53f643b-8ced-4715-ae7d-f394ac0f1a60,Maison Nova,santé,CSP+,Bordeaux,286291,40,114,60.36,1852233,89.43
623ca857-202d-4b66-82a9-a881b41ee4df,UrbanFit,santé,étudiants,Toulouse,135163,41,56,78.7,246957,129.44
e6ccc8a2-8b37-45fb-be95-bf9846459f63,AutoMotion,automobile,familles,Bordeaux,395550,42,271,48.95,2585468,78.26
0a241392-2b5c-4bea-9b60-dd57f0e804d7,Fresh&Go,automobile,CSP+,Lille,6949,10,53,72.7,2961294,53.39
0c918962-ee80-4662-843d-8c12ecaa9b4e,Luxeor,automobile,touristes,Bordeaux,33919,4,233,79.1,3215610,129.75
f78f6c9b-b12c-44dc-8c0d-ab41e8263d4c,Bellea,santé,étudiants,Nantes,452861,4,63,86.38,281233,91.62
c9f40ce4-eefe-4416-a9c2-f046fb1b996c,AutoMotion,tech,étudiants,Toulouse,253056,29,537,88.52,3069739,127.72
75daa10e-e700-4352-b36e-1ecdb0485283,Carrefour Bio,santé,touristes,Paris,141922,25,533,97.05,2052835,55.7
f9cf357c-3d03-41c1-85fe-576a0eccd4c9,AutoMotion,tech,familles,Lille,408182,25,405,55.06,2852979,31.42
cae74e72-6bf8-485e-8c0e-35a1806c0ade,AutoMotion,luxe,CSP+,Toulouse,196284,14,508,59.26,1030540,92.05
8a94cee9-3d6c-4ebf-b4fb-f3b71aed7d8b,Fresh&Go,automobile,jeunes actifs,Paris,162108,28,373,72.43,2495972,52.08
2bd9f23e-f97f-4c01-9b4b-2a4ed9a8fd41,Bellea,retail,étudiants,Marseille,231793,33,190,53.2,1320470,44.68
4e194af8-5086-4dfc-97bb-96f43dabf281,TechNova,luxe,grand public,Toulouse,13144,28,25,86.34,3465353,56.07
b8511f9f-b31d-4c91-a02c-58d543475576,Maison Nova,santé,étudiants,Nantes,160522,22,471,81.37,872889,61.79
8b2ad072-72e2-47e9-add9-8c2a49094d8a,AutoMotion,tech,CSP+,Paris,13924,30,164,56.82,1931602,45.21
bf8fd60c-25ec-4b14-bbc1-e94637caa0b8,Fresh&Go,banque,touristes,Marseille,374768,37,80,55.72,1606054,81.76
ee8ef4f5-e13a-47c1-83f7-c6e6ed6fdc0b,AutoMotion,sport,familles,Toulouse,94225,35,473,50.47,801586,58.58
e1534999-cf91-4544-aad2-f8032f042386,Bellea,retail,CSP+,Bordeaux,75678,15,194,48.77,1824296,80.68
0a0e260d-03e8-42c0-bf9d-6bd5fb9d96c9,UrbanFit,retail,familles,Lyon,383985,44,261,54.78,383346,62.74
4d17f9cf-fd12-4f0a-b401-c2e02fefd54f,Maison Nova,tech,touristes,Nantes,269875,44,310,87.69,2310367,143.27
166dd029-a8ee-4695-b2b2-224362229bc6,Bellea,retail,familles,Toulouse,78749,6,455,77.8,567491,130.57
ece502bf-abea-4aa1-9be1-b4cc61a4671c,TechNova,retail,CSP+,Marseille,395895,17,527,93.99,1257949,90.14
f8c5064e-adb6-4df7-b0c7-609c35693c36,UrbanFit,tech,touristes,Lyon,466221,13,361,90.0,1205756,52.76
e7eb8853-b89d-4411-9e01-e27a1eb10aab,Fresh&Go,retail,CSP+,Marseille,157943,23,267,87.85,938987,45.58
45b7cde8-e88d-4faa-aaf7-9d956a02a7fd,Luxeor,santé,grand public,Lille,154995,38,503,77.23,2776874,57.42
68e357b2-83d7-4d06-bf30-e8206c96d365,Bellea,beauté,CSP+,Nantes,101134,16,63,87.03,26792,123.2
839ff36a-a688-451f-bb04-ee2e0cc1c5fd,Bellea,luxe,jeunes actifs,Nantes,257705,30,541,90.83,2003131,148.36
a5691a13-a671-49b7-b31b-2d941ba7dd84,Bellea,beauté,familles,Toulouse,306907,39,537,73.73,1405823,118.23
940e2f18-2bec-4c76-8002-1860effee211,Maison Nova,automobile,jeunes actifs,Nantes,162314,25,591,46.56,546968,69.2
4ea6e373-c1ab-4b39-9c56-03e3e3fe7f5b,Bellea,luxe,étudiants,Paris,213322,45,205,97.06,1343240,145.65
0490f505-250d-4af1-9490-104aa08384ca,Bellea,automobile,touristes,Marseille,215641,43,180,89.46,2405251,111.11
d6ea2596-c924-410c-bd24-fd5f959eb1f1,AutoMotion,luxe,touristes,Nantes,379748,6,172,55.76,3026978,57.48
7af32ee8-9001-449d-8a51-1ca248c829f9,Carrefour Bio,banque,CSP+,Nantes,226763,12,454,81.58,322417,78.57
13de73c6-3191-4f44-b355-986b9ea916b8,Bellea,retail,CSP+,Toulouse,480014,38,115,97.45,1751967,106.16
782d057a-f155-4d9b-972a-546b29912eeb,Fresh&Go,automobile,étudiants,Nantes,65135,13,521,62.58,2308062,81.46
74f52319-3ef2-44fa-a0c8-9f0017301d67,Luxeor,tech,familles,Toulouse,291709,36,314,63.19,818845,36.6
ee373ede-0525-4145-ae0f-32bd55ef4f41,TechNova,banque,grand public,Lyon,116659,8,202,67.93,3199572,72.51
76f91ab9-6e27-4e52-a4cd-e383794afbd9,UrbanFit,food,jeunes actifs,Toulouse,398085,31,275,90.61,1575527,131.52
57174df2-fd7a-4990-8ba4-0b403e34bb8b,TechNova,tech,familles,Nantes,253881,31,546,64.7,2334648,107.73
62872fc1-a239-48ce-b466-ebd117e9077c,AutoMotion,beauté,touristes,Toulouse,489118,12,86,62.94,444966,81.87
8db054db-9a1e-4c99-91f1-5604d38e1a80,Bellea,tech,grand public,Toulouse,466710,22,131,61.64,2903007,34.42
c1a5d669-bf7c-4529-8f53-032578e0b186,Bellea,tech,grand public,Bordeaux,81054,32,327,79.25,1317383,83.51
0cae0775-a326-43ab-852a-90e0e86cc0b0,AutoMotion,food,touristes,Nantes,142954,11,291,48.49,3157975,78.81
a3dc5b46-71b6-4fb8-a8ae-5ce8e17b208e,Fresh&Go,food,familles,Marseille,249998,33,415,45.48,1166290,68.05
3f44bc20-ce1e-409e-ac72-c8336f7a6ecc,Carrefour Bio,luxe,touristes,Bordeaux,95402,29,231,91.67,1939281,111.92
102d9bc6-a96b-4ee2-a715-79ccd3477c31,UrbanFit,luxe,jeunes actifs,Lille,416549,35,194,59.12,3325226,74.69
db532cc1-05c8-4814-8fa1-b681ee396e64,AutoMotion,automobile,étudiants,Paris,65228,26,523,62.55,252057,95.82
3a92d729-3180-4128-b78b-788878026036,AutoMotion,santé,CSP+,Toulouse,427617,33,318,61.29,700854,50.43
18b28353-db98-493a-a224-946c156291d3,Luxeor,retail,grand public,Lyon,155469,37,564,74.18,1430744,102.18
0e14e38e-48cc-4603-b6d4-62115e1881ab,Bellea,luxe,étudiants,Bordeaux,399172,44,255,94.68,1146491,60.58
b07dafb9-2f23-4943-b63e-a7774acf214c,Bellea,food,CSP+,Paris,293208,41,392,88.98,2172210,139.02
92b76a99-564e-4d9c-99da-52e0c8d568de,AutoMotion,tech,CSP+,Bordeaux,64851,6,27,85.78,703253,53.78
6f6a308e-3f56-43aa-bf5e-7821ab0f157c,Carrefour Bio,tech,touristes,Lyon,465169,31,589,70.07,257287,104.2
305be9b1-927b-4f4d-91a4-b6f5c8850b9c,Luxeor,beauté,jeunes actifs,Toulouse,487166,24,286,58.46,2104338,84.66
a84893af-7da9-4536-b4a7-9669248459fa,Luxeor,sport,familles,Paris,318293,39,324,62.61,2271974,40.44
ca9a3d17-f876-45e3-ab6c-271ce944ccb6,Maison Nova,beauté,jeunes actifs,Bordeaux,56816,6,359,45.27,266804,64.42
623a3372-6939-44fb-9385-1f2756c0aee0,AutoMotion,automobile,touristes,Marseille,413651,32,120,50.66,1920994,75.33
12ce2432-b7f3-4a43-8808-f7a1028cd16c,AutoMotion,food,CSP+,Marseille,71971,45,112,87.71,738179,123.29
6692bfeb-58f7-46b2-9ce2-ab1750863e6d,Maison Nova,retail,étudiants,Nantes,158182,14,102,78.76,2283485,123.7
9792fad5-2ace-4e78-a99c-47a52a809d65,AutoMotion,retail,CSP+,Lille,6351,33,105,63.86,2972699,64.33
e01b6186-4a8c-4e24-b317-2ca3bddaf3e7,Luxeor,sport,grand public,Nantes,113173,15,329,73.84,2711702,115.4
d80ed9cc-8854-4153-864b-f7632b7e35b8,AutoMotion,luxe,grand public,Marseille,76823,45,498,65.34,605211,56.52
b62d4ffe-6fee-4563-b1b5-6ec4df2edb30,Maison Nova,beauté,étudiants,Lille,207434,40,539,69.27,498109,111.36
98f2944f-2fc4-4958-b5c4-2387b092e419,Fresh&Go,beauté,familles,Marseille,193300,26,412,70.97,1157943,104.41
57a42795-8718-4ba4-98d9-a5abe81b7937,Carrefour Bio,sport,CSP+,Toulouse,249396,40,333,67.08,990751,34.97
ad46d655-9be0-4d18-8a9c-e4f13c782a80,UrbanFit,food,touristes,Lyon,190512,42,416,45.34,3467323,48.48
19731e96-5667-425c-a126-19afb34bb875,TechNova,retail,touristes,Marseille,142939,10,477,49.28,3260108,54.9
14428701-415d-4e32-87c4-56ad4e8ee379,Fresh&Go,banque,touristes,Paris,45732,31,469,70.81,481173,40.4
bce419fb-3265-4af2-8181-6f9004206d00,Luxeor,automobile,grand public,Marseille,155034,6,282,48.91,227665,33.51
634fe93f-b981-4d85-98f4-d98188bf605c,TechNova,banque,touristes,Paris,447570,10,178,64.99,381347,81.97
e85ea7a5-b5b3-427a-9a20-58868b02cc86,Luxeor,banque,jeunes actifs,Nantes,78031,31,480,64.78,3235286,82.43
71c40d39-0196-4c75-b285-bd75f565d770,UrbanFit,luxe,jeunes actifs,Bordeaux,334997,39,476,70.38,1299613,108.31
fb90efca-f791-445a-bb92-d755faba118f,Luxeor,automobile,CSP+,Lyon,10674,8,217,89.75,1588918,128.74
